step,t_s,segment,status,traj_t,left_error_m,right_error_m,left_speed_mps,right_speed_mps,left_target_x_m,left_target_y_m,left_target_z_m,left_actual_x_m,left_actual_y_m,left_actual_z_m,right_target_x_m,right_target_y_m,right_target_z_m,right_actual_x_m,right_actual_y_m,right_actual_z_m,tau_00_nm,tau_01_nm,tau_02_nm,tau_03_nm,tau_04_nm,tau_05_nm,tau_06_nm,tau_07_nm,tau_08_nm,tau_09_nm,tau_10_nm,tau_11_nm,tau_12_nm,tau_13_nm,q_00_rad,q_01_rad,q_02_rad,q_03_rad,q_04_rad,q_05_rad,q_06_rad,q_07_rad,q_08_rad,q_09_rad,q_10_rad,q_11_rad,q_12_rad,q_13_rad,qd_00_rad_s,qd_01_rad_s,qd_02_rad_s,qd_03_rad_s,qd_04_rad_s,qd_05_rad_s,qd_06_rad_s,qd_07_rad_s,qd_08_rad_s,qd_09_rad_s,qd_10_rad_s,qd_11_rad_s,qd_12_rad_s,qd_13_rad_s
0,0.000000,home_hold,0,0.001000,0.000000000,0.000000001,0.000000078,0.000000969,0.071867500,0.215360776,0.012730000,0.071867500,0.215360776,0.012730000,0.163132424,-0.212337808,0.022708944,0.163132424,-0.212337807,0.022708944,0.442675799,-0.009985581,-0.000000162,-0.142621825,-0.000000005,0.008742526,-0.000000001,0.361915188,-0.035519902,-0.000003260,0.642701052,0.003177830,-0.008358654,-0.020037928,0.000000000,-0.000000000,-0.000000000,0.000000000,0.000000000,0.000000001,-0.000000000,-0.000000000,0.000000000,0.000000001,0.300000000,-0.000000000,-0.000000014,0.000000005,0.000000006,-0.000000003,-0.000000027,0.000000016,0.000000024,0.000001123,-0.000000023,-0.000000009,0.000000054,0.000001048,0.000000099,-0.000000196,-0.000014234,0.000005049
10,0.010000,home_hold,0,0.011000,0.000008572,0.000003977,0.012986600,0.011925822,0.071867500,0.215360776,0.012730000,0.071868606,0.215352389,0.012728620,0.163132424,-0.212337808,0.022708944,0.163134714,-0.212334561,0.022708768,0.415363692,0.054030164,0.038882187,-0.121671578,0.039825572,0.052508366,0.014243209,0.371687421,-0.154048964,-0.070684414,0.648343683,-0.037689598,-0.100075373,-0.022597198,-0.000000036,-0.000023515,-0.000401010,0.000003617,0.000463495,0.000170148,0.000000652,-0.000000089,-0.000005873,0.000100644,0.299999440,-0.000219389,-0.000101262,-0.000012638,-0.000228106,-0.047092905,-0.813830611,0.006284179,0.948640135,0.273832112,0.020722705,0.000133100,-0.009338100,0.200443184,-0.001733106,-0.394824967,-0.286509055,-0.016351615
20,0.020000,home_hold,0,0.021000,0.000005045,0.000006065,0.011054379,0.010235672,0.071867500,0.215360776,0.012730000,0.071868780,0.215355969,0.012729158,0.163132424,-0.212337808,0.022708944,0.163134451,-0.212332121,0.022708366,0.432145626,0.065645089,0.030721791,-0.135196963,0.031925369,0.059278488,0.004147583,0.373970746,-0.085197636,-0.046237472,0.651094782,-0.029677255,-0.052529874,-0.025083609,-0.000000109,-0.000022670,-0.000403892,0.000003937,0.000480197,0.000111954,-0.000000647,0.000000035,-0.000006227,0.000095484,0.299998798,-0.000168681,-0.000128476,-0.000016243,0.000182269,-0.048335495,-0.841760646,0.008181758,0.992049153,0.249108791,0.002968526,0.000251415,-0.008935883,0.187738534,-0.002450697,-0.335815556,-0.251972186,-0.026848439
30,0.030000,home_hold,0,0.031000,0.000005248,0.000006183,0.009980732,0.010948156,0.071867500,0.215360776,0.012730000,0.071868890,0.215355790,0.012729138,0.163132424,-0.212337808,0.022708944,0.163134243,-0.212331934,0.022708296,0.434224563,0.050418841,0.030564974,-0.136884334,0.031504125,0.049566857,0.002878411,0.375390230,-0.092074702,-0.044641585,0.652326329,-0.026666005,-0.055860953,-0.026153959,-0.000000214,-0.000022517,-0.000403344,0.000003930,0.000488586,0.000113645,-0.000001085,0.000000016,-0.000006674,0.000096831,0.299998705,-0.000153705,-0.000129171,-0.000016058,0.000254558,-0.048062761,-0.840564068,0.008485823,1.002050618,0.232088337,-0.000216928,0.000344675,-0.008795266,0.187801998,-0.002873861,-0.312928726,-0.264081445,-0.029785728
40,0.040000,home_hold,0,0.041000,0.000005407,0.000005986,0.010275379,0.010682171,0.071867500,0.215360776,0.012730000,0.071868937,0.215355639,0.012729115,0.163132424,-0.212337808,0.022708944,0.163134182,-0.212332121,0.022708316,0.434599182,0.051619570,0.032252179,-0.137269748,0.033220446,0.050165486,0.002482207,0.375636152,-0.093088392,-0.041189412,0.652656153,-0.023131074,-0.055486385,-0.026570114,-0.000000305,-0.000022578,-0.000403676,0.000003754,0.000489103,0.000116140,-0.000000353,-0.000000083,-0.000006687,0.000096573,0.299998961,-0.000155420,-0.000126162,-0.000014638,0.000284377,-0.048105412,-0.840483536,0.008586391,1.006878931,0.236643417,-0.000553031,0.000368839,-0.008823280,0.187835927,-0.002968019,-0.306493710,-0.260368668,-0.029633110
50,0.050000,home_hold,0,0.051000,0.000005305,0.000005988,0.010218621,0.010692103,0.071867500,0.215360776,0.012730000,0.071868934,0.215355744,0.012729126,0.163132424,-0.212337808,0.022708944,0.163134197,-0.212332123,0.022708317,0.434508643,0.052014299,0.032964607,-0.137235099,0.033943584,0.050330801,0.002458382,0.375404366,-0.093157081,-0.040398734,0.652494437,-0.022386563,-0.055156100,-0.026480312,-0.000000367,-0.000022630,-0.000403726,0.000003582,0.000487706,0.000115002,0.000000086,-0.000000184,-0.000006531,0.000096579,0.299999195,-0.000158151,-0.000127280,-0.000014161,0.000289495,-0.048101736,-0.840589107,0.008590600,1.007289282,0.235682188,-0.000303464,0.000364785,-0.008801416,0.187662939,-0.002933940,-0.307531397,-0.260596014,-0.029039925
60,0.060000,home_hold,0,0.061000,0.000005304,0.000005924,0.010220946,0.010698006,0.071867500,0.215360776,0.012730000,0.071868922,0.215355742,0.012729123,0.163132424,-0.212337808,0.022708944,0.163134207,-0.212332193,0.022708327,0.434419428,0.051785026,0.033025102,-0.137170875,0.034001117,0.050158834,0.002496726,0.375298042,-0.093359400,-0.040699980,0.652396211,-0.022651973,-0.055247263,-0.026391694,-0.000000413,-0.000022692,-0.000403710,0.000003448,0.000487065,0.000115487,0.000000243,-0.000000280,-0.000006379,0.000096591,0.299999382,-0.000158562,-0.000127402,-0.000014165,0.000288026,-0.048102899,-0.840610502,0.008580192,1.006790319,0.235704133,-0.000163911,0.000359509,-0.008800731,0.187657637,-0.002910760,-0.308706795,-0.260659740,-0.028890402
70,0.070000,home_hold,0,0.071000,0.000005285,0.000005884,0.010225997,0.010699280,0.071867500,0.215360776,0.012730000,0.071868915,0.215355760,0.012729123,0.163132424,-0.212337808,0.022708944,0.163134208,-0.212332234,0.022708332,0.434390855,0.051871095,0.032956073,-0.137147050,0.033933549,0.050214154,0.002515890,0.375301413,-0.093287441,-0.040857211,0.652393177,-0.022823251,-0.055225974,-0.026380497,-0.000000456,-0.000022728,-0.000403685,0.000003334,0.000486941,0.000115515,0.000000318,-0.000000374,-0.000006266,0.000096570,0.299999557,-0.000158227,-0.000127611,-0.000014173,0.000286595,-0.048102987,-0.840619032,0.008575543,1.006531417,0.235778815,-0.000137410,0.000358500,-0.008805520,0.187658080,-0.002908908,-0.308846192,-0.260627339,-0.028932071
80,0.080000,home_hold,0,0.081000,0.000005277,0.000005859,0.010224512,0.010701568,0.071867500,0.215360776,0.012730000,0.071868910,0.215355767,0.012729123,0.163132424,-0.212337808,0.022708944,0.163134207,-0.212332261,0.022708338,0.434392424,0.051837015,0.032918356,-0.137146504,0.033894667,0.050204572,0.002519066,0.375318196,-0.093256043,-0.040861206,0.652406609,-0.022829679,-0.055231012,-0.026389807,-0.000000501,-0.000022747,-0.000403662,0.000003223,0.000486952,0.000115558,0.000000391,-0.000000469,-0.000006195,0.000096551,0.299999737,-0.000158044,-0.000127735,-0.000014116,0.000285938,-0.048101305,-0.840616653,0.008574791,1.006479265,0.235747989,-0.000144829,0.000358989,-0.008809566,0.187662886,-0.002911771,-0.308721719,-0.260636106,-0.028963223
90,0.090000,home_hold,0,0.091000,0.000005274,0.000005843,0.010225181,0.010701845,0.071867500,0.215360776,0.012730000,0.071868908,0.215355770,0.012729123,0.163132424,-0.212337808,0.022708944,0.163134206,-0.212332276,0.022708344,0.434398889,0.051820921,0.032911629,-0.137150647,0.033887168,0.050204912,0.002517785,0.375322204,-0.093221443,-0.040835556,0.652410783,-0.022807529,-0.055230249,-0.026393707,-0.000000550,-0.000022758,-0.000403647,0.000003111,0.000486958,0.000115598,0.000000472,-0.000000565,-0.000006152,0.000096539,0.299999919,-0.000158013,-0.000127817,-0.000014041,0.000285697,-0.048100692,-0.840615000,0.008575017,1.006492743,0.235754112,-0.000151804,0.000359243,-0.008811701,0.187664157,-0.002912716,-0.308671475,-0.260628646,-0.028965318
100,0.100000,home_hold,0,0.101000,0.000005271,0.000005832,0.010225141,0.010701985,0.071867500,0.215360776,0.012730000,0.071868906,0.215355772,0.012729122,0.163132424,-0.212337808,0.022708944,0.163134206,-0.212332287,0.022708350,0.434402657,0.051812699,0.032913972,-0.137153266,0.033889105,0.050205407,0.002516802,0.375320774,-0.093196806,-0.040826337,0.652410142,-0.022800990,-0.055229318,-0.026393410,-0.000000602,-0.000022765,-0.000403633,0.000002997,0.000486941,0.000115626,0.000000556,-0.000000660,-0.000006120,0.000096537,0.300000101,-0.000158011,-0.000127888,-0.000013970,0.000285608,-0.048100585,-0.840614745,0.008575140,1.006505331,0.235752263,-0.000153829,0.000359271,-0.008812276,0.187664028,-0.002912590,-0.308676200,-0.260627366,-0.028961505
110,0.110000,home_hold,0,0.111000,0.000005268,0.000005821,0.010225083,0.010701964,0.071867500,0.215360776,0.012730000,0.071868904,0.215355775,0.012729122,0.163132424,-0.212337808,0.022708944,0.163134206,-0.212332298,0.022708356,0.434403850,0.051809481,0.032915902,-0.137154212,0.033890909,0.050204980,0.002516541,0.375319507,-0.093186225,-0.040826577,0.652409458,-0.022802360,-0.055229234,-0.026392787,-0.000000654,-0.000022773,-0.000403621,0.000002881,0.000486918,0.000115657,0.000000639,-0.000000755,-0.000006090,0.000096540,0.300000282,-0.000157999,-0.000127957,-0.000013903,0.000285580,-0.048100737,-0.840614789,0.008575131,1.006508958,0.235751934,-0.000153796,0.000359271,-0.008812183,0.187663880,-0.002912456,-0.308684425,-0.260627579,-0.028960203
120,0.120000,home_hold,0,0.121000,0.000005265,0.000005809,0.010225040,0.010701885,0.071867500,0.215360776,0.012730000,0.071868902,0.215355778,0.012729122,0.163132424,-0.212337808,0.022708944,0.163134206,-0.212332309,0.022708362,0.434403826,0.051810418,0.032916386,-0.137154399,0.033891441,0.050205048,0.002516557,0.375319003,-0.093185065,-0.040827723,0.652409430,-0.022803613,-0.055229256,-0.026392662,-0.000000706,-0.000022783,-0.000403608,0.000002765,0.000486893,0.000115689,0.000000722,-0.000000850,-0.000006058,0.000096544,0.300000463,-0.000157983,-0.000128029,-0.000013835,0.000285576,-0.048100914,-0.840614858,0.008575105,1.006508905,0.235752096,-0.000153525,0.000359290,-0.008811941,0.187663641,-0.002912467,-0.308685635,-0.260627902,-0.028960371
130,0.130000,home_hold,0,0.131000,0.000005261,0.000005797,0.010225007,0.010701827,0.071867500,0.215360776,0.012730000,0.071868901,0.215355781,0.012729122,0.163132424,-0.212337808,0.022708944,0.163134206,-0.212332322,0.022708368,0.434403458,0.051812073,0.032916287,-0.137154398,0.033891428,0.050205039,0.002516597,0.375318723,-0.093187792,-0.040828182,0.652409605,-0.022803741,-0.055229317,-0.026392712,-0.000000759,-0.000022794,-0.000403594,0.000002649,0.000486870,0.000115723,0.000000805,-0.000000944,-0.000006025,0.000096548,0.300000644,-0.000157966,-0.000128104,-0.000013766,0.000285578,-0.048101020,-0.840614872,0.008575099,1.006508409,0.235751963,-0.000153433,0.000359312,-0.008811777,0.187663310,-0.002912513,-0.308684500,-0.260628029,-0.028960574
140,0.140000,home_hold,0,0.141000,0.000005257,0.000005785,0.010225004,0.010701814,0.071867500,0.215360776,0.012730000,0.071868899,0.215355785,0.012729121,0.163132424,-0.212337808,0.022708944,0.163134205,-0.212332334,0.022708374,0.434403101,0.051813315,0.032916146,-0.137154415,0.033891352,0.050205031,0.002516608,0.375318450,-0.093190630,-0.040828379,0.652409773,-0.022803600,-0.055229342,-0.026392739,-0.000000811,-0.000022805,-0.000403581,0.000002534,0.000486847,0.000115757,0.000000888,-0.000001039,-0.000005990,0.000096551,0.300000824,-0.000157949,-0.000128179,-0.000013697,0.000285574,-0.048101060,-0.840614870,0.008575107,1.006508230,0.235751780,-0.000153461,0.000359328,-0.008811741,0.187662950,-0.002912545,-0.308683745,-0.260627914,-0.028960585
150,0.150000,home_hold,0,0.151000,0.000005254,0.000005772,0.010225015,0.010701837,0.071867500,0.215360776,0.012730000,0.071868897,0.215355788,0.012729121,0.163132424,-0.212337808,0.022708944,0.163134205,-0.212332347,0.022708381,0.434402839,0.051813846,0.032916085,-0.137154491,0.033891323,0.050205011,0.002516603,0.375318188,-0.093192254,-0.040828527,0.652409929,-0.022803544,-0.055229340,-0.026392736,-0.000000864,-0.000022816,-0.000403567,0.000002418,0.000486824,0.000115790,0.000000969,-0.000001133,-0.000005955,0.000096553,0.300001004,-0.000157931,-0.000128254,-0.000013628,0.000285563,-0.048101062,-0.840614875,0.008575117,1.006508248,0.235751521,-0.000153519,0.000359341,-0.008811801,0.187662612,-0.002912567,-0.308683451,-0.260627670,-0.028960544
160,0.160000,home_hold,0,0.161000,0.000005250,0.000005760,0.010225031,0.010701876,0.071867500,0.215360776,0.012730000,0.071868895,0.215355792,0.012729121,0.163132424,-0.212337808,0.022708944,0.163134205,-0.212332359,0.022708387,0.434402660,0.051813860,0.032916077,-0.137154610,0.033891322,0.050204981,0.002516594,0.375317944,-0.093192717,-0.040828605,0.652410090,-0.022803548,-0.055229321,-0.026392729,-0.000000916,-0.000022826,-0.000403554,0.000002302,0.000486801,0.000115823,0.000001051,-0.000001227,-0.000005922,0.000096555,0.300001184,-0.000157914,-0.000128328,-0.000013559,0.000285548,-0.048101054,-0.840614887,0.008575123,1.006508312,0.235751242,-0.000153576,0.000359353,-0.008811907,0.187662308,-0.002912588,-0.308683255,-0.260627371,-0.028960515
170,0.170000,home_hold,0,0.171000,0.000005246,0.000005748,0.010225046,0.010701917,0.071867500,0.215360776,0.012730000,0.071868893,0.215355795,0.012729121,0.163132424,-0.212337808,0.022708944,0.163134205,-0.212332371,0.022708393,0.434402525,0.051813647,0.032916087,-0.137154753,0.033891329,0.050204949,0.002516585,0.375317706,-0.093192503,-0.040828613,0.652410253,-0.022803554,-0.055229295,-0.026392725,-0.000000969,-0.000022836,-0.000403540,0.000002187,0.000486779,0.000115854,0.000001132,-0.000001321,-0.000005889,0.000096556,0.300001364,-0.000157897,-0.000128399,-0.000013489,0.000285531,-0.048101049,-0.840614903,0.008575126,1.006508371,0.235750970,-0.000153627,0.000359367,-0.008812020,0.187662024,-0.002912609,-0.308683038,-0.260627067,-0.028960497
180,0.180000,home_hold,0,0.181000,0.000005243,0.000005737,0.010225058,0.010701955,0.071867500,0.215360776,0.012730000,0.071868891,0.215355798,0.012729120,0.163132424,-0.212337808,0.022708944,0.163134204,-0.212332382,0.022708399,0.434402406,0.051813406,0.032916097,-0.137154904,0.033891334,0.050204917,0.002516576,0.375317463,-0.093192052,-0.040828587,0.652410415,-0.022803553,-0.055229268,-0.026392722,-0.000001022,-0.000022845,-0.000403527,0.000002071,0.000486757,0.000115885,0.000001212,-0.000001415,-0.000005858,0.000096558,0.300001543,-0.000157881,-0.000128468,-0.000013419,0.000285514,-0.048101052,-0.840614918,0.008575127,1.006508420,0.235750710,-0.000153675,0.000359381,-0.008812125,0.187661748,-0.002912632,-0.308682808,-0.260626777,-0.028960479
190,0.190000,home_hold,0,0.191000,0.000005240,0.000005726,0.010225067,0.010701989,0.071867500,0.215360776,0.012730000,0.071868890,0.215355801,0.012729120,0.163132424,-0.212337808,0.022708944,0.163134204,-0.212332393,0.022708405,0.434402287,0.051813221,0.032916103,-0.137155054,0.033891339,0.050204887,0.002516569,0.375317214,-0.093191613,-0.040828559,0.652410572,-0.022803549,-0.055229243,-0.026392719,-0.000001075,-0.000022855,-0.000403513,0.000001955,0.000486735,0.000115915,0.000001292,-0.000001509,-0.000005828,0.000096559,0.300001722,-0.000157865,-0.000128536,-0.000013349,0.000285498,-0.048101060,-0.840614932,0.008575129,1.006508465,0.235750459,-0.000153720,0.000359395,-0.008812217,0.187661473,-0.002912654,-0.308682575,-0.260626507,-0.028960460
200,0.200000,home_hold,0,0.201000,0.000005237,0.000005716,0.010225075,0.010702018,0.071867500,0.215360776,0.012730000,0.071868888,0.215355804,0.012729120,0.163132424,-0.212337808,0.022708944,0.163134204,-0.212332403,0.022708411,0.434402161,0.051813098,0.032916106,-0.137155202,0.033891342,0.050204858,0.002516561,0.375316962,-0.093191271,-0.040828543,0.652410727,-0.022803546,-0.055229219,-0.026392716,-0.000001128,-0.000022864,-0.000403500,0.000001840,0.000486713,0.000115945,0.000001371,-0.000001602,-0.000005798,0.000096561,0.300001901,-0.000157849,-0.000128602,-0.000013279,0.000285482,-0.048101072,-0.840614945,0.008575130,1.006508509,0.235750215,-0.000153765,0.000359410,-0.008812300,0.187661196,-0.002912677,-0.308682340,-0.260626250,-0.028960441
210,0.210000,home_hold,0,0.211000,0.000005234,0.000005705,0.010225082,0.010702046,0.071867500,0.215360776,0.012730000,0.071868887,0.215355807,0.012729120,0.163132424,-0.212337808,0.022708944,0.163134203,-0.212332413,0.022708417,0.434402031,0.051813016,0.032916106,-0.137155347,0.033891346,0.050204830,0.002516554,0.375316708,-0.093191020,-0.040828536,0.652410881,-0.022803543,-0.055229197,-0.026392713,-0.000001182,-0.000022872,-0.000403487,0.000001724,0.000486691,0.000115973,0.000001450,-0.000001696,-0.000005770,0.000096562,0.300002080,-0.000157834,-0.000128667,-0.000013208,0.000285468,-0.048101085,-0.840614958,0.008575132,1.006508553,0.235749973,-0.000153808,0.000359424,-0.008812376,0.187660917,-0.002912700,-0.308682101,-0.260626002,-0.028960422
220,0.220000,home_hold,0,0.221000,0.000005231,0.000005695,0.010225090,0.010702072,0.071867500,0.215360776,0.012730000,0.071868885,0.215355809,0.012729119,0.163132424,-0.212337808,0.022708944,0.163134203,-0.212332423,0.022708423,0.434401897,0.051812949,0.032916106,-0.137155490,0.033891349,0.050204802,0.002516547,0.375316455,-0.093190824,-0.040828536,0.652411035,-0.022803541,-0.055229176,-0.026392710,-0.000001235,-0.000022881,-0.000403473,0.000001609,0.000486669,0.000116002,0.000001528,-0.000001789,-0.000005742,0.000096564,0.300002258,-0.000157819,-0.000128730,-0.000013138,0.000285454,-0.048101098,-0.840614971,0.008575133,1.006508597,0.235749732,-0.000153851,0.000359439,-0.008812450,0.187660637,-0.002912722,-0.308681861,-0.260625759,-0.028960404
230,0.230000,home_hold,0,0.231000,0.000005228,0.000005686,0.010225097,0.010702098,0.071867500,0.215360776,0.012730000,0.071868884,0.215355812,0.012729119,0.163132424,-0.212337808,0.022708944,0.163134203,-0.212332433,0.022708429,0.434401761,0.051812884,0.032916105,-0.137155632,0.033891352,0.050204774,0.002516540,0.375316202,-0.093190649,-0.040828537,0.652411189,-0.022803539,-0.055229155,-0.026392708,-0.000001289,-0.000022889,-0.000403460,0.000001493,0.000486648,0.000116029,0.000001606,-0.000001882,-0.000005715,0.000096565,0.300002436,-0.000157804,-0.000128792,-0.000013067,0.000285440,-0.048101112,-0.840614983,0.008575135,1.006508640,0.235749491,-0.000153893,0.000359453,-0.008812521,0.187660358,-0.002912744,-0.308681620,-0.260625518,-0.028960387
240,0.240000,home_hold,0,0.241000,0.000005225,0.000005676,0.010225104,0.010702123,0.071867500,0.215360776,0.012730000,0.071868882,0.215355815,0.012729119,0.163132424,-0.212337808,0.022708944,0.163134202,-0.212332442,0.022708435,0.434401625,0.051812814,0.032916105,-0.137155775,0.033891356,0.050204746,0.002516533,0.375315951,-0.093190478,-0.040828538,0.652411343,-0.022803536,-0.055229135,-0.026392705,-0.000001342,-0.000022897,-0.000403446,0.000001378,0.000486627,0.000116056,0.000001684,-0.000001975,-0.000005689,0.000096567,0.300002614,-0.000157790,-0.000128853,-0.000012996,0.000285426,-0.048101126,-0.840614996,0.008575137,1.006508683,0.235749251,-0.000153934,0.000359468,-0.008812591,0.187660079,-0.002912767,-0.308681378,-0.260625279,-0.028960370
250,0.250000,home_hold,0,0.251000,0.000005222,0.000005667,0.010225111,0.010702148,0.071867500,0.215360776,0.012730000,0.071868881,0.215355817,0.012729119,0.163132424,-0.212337808,0.022708944,0.163134202,-0.212332451,0.022708441,0.434401488,0.051812741,0.032916105,-0.137155917,0.033891359,0.050204718,0.002516527,0.375315700,-0.093190305,-0.040828539,0.652411497,-0.022803534,-0.055229114,-0.026392702,-0.000001396,-0.000022905,-0.000403433,0.000001262,0.000486606,0.000116083,0.000001761,-0.000002068,-0.000005663,0.000096568,0.300002792,-0.000157776,-0.000128912,-0.000012924,0.000285413,-0.048101140,-0.840615009,0.008575138,1.006508726,0.235749012,-0.000153974,0.000359482,-0.008812660,0.187659800,-0.002912789,-0.308681137,-0.260625043,-0.028960353
260,0.260000,home_hold,0,0.261000,0.000005220,0.000005658,0.010225118,0.010702171,0.071867500,0.215360776,0.012730000,0.071868879,0.215355820,0.012729118,0.163132424,-0.212337808,0.022708944,0.163134201,-0.212332459,0.022708447,0.434401351,0.051812666,0.032916105,-0.137156059,0.033891363,0.050204690,0.002516520,0.375315449,-0.093190130,-0.040828539,0.652411651,-0.022803531,-0.055229094,-0.026392699,-0.000001450,-0.000022912,-0.000403420,0.000001147,0.000486585,0.000116108,0.000001838,-0.000002160,-0.000005639,0.000096570,0.300002969,-0.000157763,-0.000128970,-0.000012853,0.000285400,-0.048101154,-0.840615021,0.008575140,1.006508769,0.235748775,-0.000154014,0.000359496,-0.008812727,0.187659523,-0.002912811,-0.308680896,-0.260624810,-0.028960336
270,0.270000,home_hold,0,0.271000,0.000005217,0.000005650,0.010225124,0.010702194,0.071867500,0.215360776,0.012730000,0.071868878,0.215355822,0.012729118,0.163132424,-0.212337808,0.022708944,0.163134201,-0.212332468,0.022708453,0.434401213,0.051812592,0.032916105,-0.137156201,0.033891366,0.050204662,0.002516514,0.375315199,-0.093189956,-0.040828539,0.652411805,-0.022803529,-0.055229074,-0.026392697,-0.000001504,-0.000022920,-0.000403406,0.000001031,0.000486564,0.000116134,0.000001914,-0.000002253,-0.000005614,0.000096571,0.300003146,-0.000157750,-0.000129027,-0.000012781,0.000285388,-0.048101170,-0.840615034,0.008575141,1.006508811,0.235748539,-0.000154053,0.000359511,-0.008812791,0.187659246,-0.002912834,-0.308680654,-0.260624580,-0.028960320
280,0.280000,home_hold,0,0.281000,0.000005215,0.000005641,0.010225131,0.010702217,0.071867500,0.215360776,0.012730000,0.071868877,0.215355824,0.012729118,0.163132424,-0.212337808,0.022708944,0.163134201,-0.212332476,0.022708459,0.434401075,0.051812520,0.032916105,-0.137156342,0.033891370,0.050204634,0.002516507,0.375314950,-0.093189784,-0.040828539,0.652411958,-0.022803527,-0.055229054,-0.026392694,-0.000001559,-0.000022927,-0.000403393,0.000000916,0.000486544,0.000116158,0.000001990,-0.000002345,-0.000005591,0.000096572,0.300003323,-0.000157737,-0.000129083,-0.000012709,0.000285376,-0.048101186,-0.840615046,0.008575143,1.006508853,0.235748304,-0.000154091,0.000359525,-0.008812854,0.187658969,-0.002912856,-0.308680412,-0.260624353,-0.028960304
290,0.290000,home_hold,0,0.291000,0.000005212,0.000005633,0.010225136,0.010702238,0.071867500,0.215360776,0.012730000,0.071868876,0.215355826,0.012729118,0.163132424,-0.212337808,0.022708944,0.163134200,-0.212332484,0.022708465,0.434400935,0.051812449,0.032916105,-0.137156484,0.033891373,0.050204606,0.002516501,0.375314700,-0.093189618,-0.040828540,0.652412111,-0.022803524,-0.055229034,-0.026392692,-0.000001613,-0.000022934,-0.000403380,0.000000800,0.000486524,0.000116183,0.000002066,-0.000002438,-0.000005568,0.000096574,0.300003500,-0.000157724,-0.000129137,-0.000012637,0.000285364,-0.048101202,-0.840615059,0.008575144,1.006508895,0.235748071,-0.000154128,0.000359539,-0.008812915,0.187658693,-0.002912878,-0.308680169,-0.260624129,-0.028960289
300,0.300000,home_hold,0,0.301000,0.000005210,0.000005625,0.010225142,0.010702259,0.071867500,0.215360776,0.012730000,0.071868874,0.215355828,0.012729117,0.163132424,-0.212337808,0.022708944,0.163134200,-0.212332492,0.022708471,0.434400795,0.051812380,0.032916104,-0.137156625,0.033891376,0.050204579,0.002516495,0.375314451,-0.093189455,-0.040828540,0.652412264,-0.022803522,-0.055229014,-0.026392690,-0.000001668,-0.000022941,-0.000403367,0.000000685,0.000486503,0.000116206,0.000002141,-0.000002530,-0.000005546,0.000096575,0.300003676,-0.000157712,-0.000129191,-0.000012565,0.000285352,-0.048101220,-0.840615071,0.008575146,1.006508937,0.235747839,-0.000154165,0.000359554,-0.008812973,0.187658417,-0.002912900,-0.308679927,-0.260623909,-0.028960274
310,0.310000,home_hold,0,0.311000,0.000005208,0.000005617,0.010225148,0.010702280,0.071867500,0.215360776,0.012730000,0.071868873,0.215355830,0.012729117,0.163132424,-0.212337808,0.022708944,0.163134199,-0.212332499,0.022708477,0.434400654,0.051812312,0.032916104,-0.137156766,0.033891380,0.050204551,0.002516490,0.375314202,-0.093189297,-0.040828541,0.652412416,-0.022803520,-0.055228995,-0.026392687,-0.000001722,-0.000022947,-0.000403353,0.000000569,0.000486483,0.000116229,0.000002215,-0.000002622,-0.000005524,0.000096576,0.300003852,-0.000157699,-0.000129243,-0.000012492,0.000285341,-0.048101237,-0.840615084,0.008575147,1.006508978,0.235747608,-0.000154200,0.000359568,-0.008813030,0.187658142,-0.002912922,-0.308679684,-0.260623691,-0.028960259
320,0.320000,home_hold,0,0.321000,0.000005206,0.000005610,0.010225153,0.010702299,0.071867500,0.215360776,0.012730000,0.071868872,0.215355832,0.012729117,0.163132424,-0.212337808,0.022708944,0.163134199,-0.212332506,0.022708483,0.434400513,0.051812245,0.032916104,-0.137156906,0.033891383,0.050204524,0.002516484,0.375313954,-0.093189144,-0.040828542,0.652412568,-0.022803518,-0.055228976,-0.026392685,-0.000001777,-0.000022954,-0.000403340,0.000000454,0.000486463,0.000116252,0.000002290,-0.000002713,-0.000005503,0.000096577,0.300004028,-0.000157688,-0.000129294,-0.000012419,0.000285330,-0.048101256,-0.840615096,0.008575148,1.006509019,0.235747378,-0.000154236,0.000359582,-0.008813086,0.187657868,-0.002912944,-0.308679441,-0.260623476,-0.028960244
330,0.330000,home_hold,0,0.331000,0.000005204,0.000005603,0.010225158,0.010702318,0.071867500,0.215360776,0.012730000,0.071868871,0.215355834,0.012729117,0.163132424,-0.212337808,0.022708944,0.163134198,-0.212332513,0.022708489,0.434400371,0.051812180,0.032916103,-0.137157047,0.033891387,0.050204496,0.002516478,0.375313706,-0.093188994,-0.040828543,0.652412720,-0.022803515,-0.055228957,-0.026392683,-0.000001832,-0.000022960,-0.000403327,0.000000339,0.000486444,0.000116274,0.000002364,-0.000002805,-0.000005483,0.000096578,0.300004204,-0.000157676,-0.000129344,-0.000012347,0.000285319,-0.048101274,-0.840615109,0.008575149,1.006509060,0.235747150,-0.000154270,0.000359597,-0.008813139,0.187657593,-0.002912966,-0.308679197,-0.260623264,-0.028960230
340,0.340000,home_hold,0,0.341000,0.000005202,0.000005596,0.010225163,0.010702336,0.071867500,0.215360776,0.012730000,0.071868870,0.215355836,0.012729116,0.163132424,-0.212337808,0.022708944,0.163134198,-0.212332520,0.022708495,0.434400228,0.051812115,0.032916103,-0.137157187,0.033891390,0.050204469,0.002516473,0.375313459,-0.093188847,-0.040828544,0.652412872,-0.022803513,-0.055228938,-0.026392681,-0.000001887,-0.000022966,-0.000403314,0.000000223,0.000486424,0.000116296,0.000002438,-0.000002897,-0.000005463,0.000096579,0.300004379,-0.000157665,-0.000129393,-0.000012274,0.000285309,-0.048101294,-0.840615121,0.008575151,1.006509101,0.235746922,-0.000154304,0.000359611,-0.008813191,0.187657320,-0.002912988,-0.308678954,-0.260623055,-0.028960217
350,0.350000,home_hold,0,0.351000,0.000005200,0.000005589,0.010225168,0.010702354,0.071867500,0.215360776,0.012730000,0.071868869,0.215355838,0.012729116,0.163132424,-0.212337808,0.022708944,0.163134197,-0.212332527,0.022708501,0.434400085,0.051812052,0.032916102,-0.137157327,0.033891394,0.050204442,0.002516467,0.375313211,-0.093188704,-0.040828546,0.652413024,-0.022803511,-0.055228920,-0.026392678,-0.000001942,-0.000022972,-0.000403301,0.000000108,0.000486404,0.000116317,0.000002511,-0.000002988,-0.000005444,0.000096581,0.300004554,-0.000157654,-0.000129441,-0.000012201,0.000285298,-0.048101313,-0.840615133,0.008575152,1.006509142,0.235746696,-0.000154337,0.000359625,-0.008813241,0.187657047,-0.002913009,-0.308678710,-0.260622848,-0.028960203
360,0.360000,home_hold,0,0.361000,0.000005198,0.000005582,0.010225172,0.010702371,0.071867500,0.215360776,0.012730000,0.071868868,0.215355840,0.012729116,0.163132424,-0.212337808,0.022708944,0.163134197,-0.212332533,0.022708507,0.434399941,0.051811990,0.032916102,-0.137157466,0.033891397,0.050204415,0.002516462,0.375312965,-0.093188564,-0.040828547,0.652413175,-0.022803509,-0.055228901,-0.026392676,-0.000001997,-0.000022977,-0.000403287,-0.000000008,0.000486385,0.000116338,0.000002584,-0.000003079,-0.000005425,0.000096582,0.300004729,-0.000157643,-0.000129488,-0.000012127,0.000285288,-0.048101333,-0.840615145,0.008575153,1.006509182,0.235746470,-0.000154370,0.000359639,-0.008813290,0.187656774,-0.002913031,-0.308678466,-0.260622644,-0.028960190
370,0.370000,home_hold,0,0.371000,0.000005196,0.000005576,0.010225177,0.010702388,0.071867500,0.215360776,0.012730000,0.071868867,0.215355842,0.012729116,0.163132424,-0.212337808,0.022708944,0.163134196,-0.212332539,0.022708513,0.434399797,0.051811928,0.032916101,-0.137157606,0.033891400,0.050204387,0.002516457,0.375312718,-0.093188428,-0.040828549,0.652413326,-0.022803507,-0.055228883,-0.026392674,-0.000002052,-0.000022983,-0.000403274,-0.000000123,0.000486366,0.000116358,0.000002657,-0.000003170,-0.000005407,0.000096583,0.300004904,-0.000157632,-0.000129534,-0.000012054,0.000285278,-0.048101354,-0.840615158,0.008575154,1.006509222,0.235746246,-0.000154402,0.000359654,-0.008813338,0.187656502,-0.002913053,-0.308678221,-0.260622443,-0.028960177
380,0.380000,home_hold,0,0.381000,0.000005194,0.000005569,0.010225181,0.010702404,0.071867500,0.215360776,0.012730000,0.071868866,0.215355843,0.012729115,0.163132424,-0.212337808,0.022708944,0.163134196,-0.212332545,0.022708518,0.434399652,0.051811868,0.032916100,-0.137157745,0.033891404,0.050204360,0.002516452,0.375312472,-0.093188295,-0.040828551,0.652413477,-0.022803505,-0.055228865,-0.026392673,-0.000002107,-0.000022988,-0.000403261,-0.000000238,0.000486347,0.000116378,0.000002729,-0.000003261,-0.000005389,0.000096584,0.300005078,-0.000157622,-0.000129579,-0.000011980,0.000285269,-0.048101375,-0.840615170,0.008575155,1.006509262,0.235746023,-0.000154433,0.000359668,-0.008813383,0.187656230,-0.002913074,-0.308677977,-0.260622244,-0.028960164
390,0.390000,home_hold,0,0.391000,0.000005193,0.000005563,0.010225185,0.010702420,0.071867500,0.215360776,0.012730000,0.071868865,0.215355845,0.012729115,0.163132424,-0.212337808,0.022708944,0.163134195,-0.212332551,0.022708524,0.434399506,0.051811808,0.032916099,-0.137157884,0.033891407,0.050204333,0.002516446,0.375312227,-0.093188165,-0.040828553,0.652413628,-0.022803503,-0.055228847,-0.026392671,-0.000002163,-0.000022993,-0.000403248,-0.000000354,0.000486328,0.000116398,0.000002801,-0.000003352,-0.000005372,0.000096585,0.300005252,-0.000157612,-0.000129623,-0.000011907,0.000285260,-0.048101397,-0.840615182,0.008575156,1.006509302,0.235745801,-0.000154464,0.000359682,-0.008813428,0.187655959,-0.002913096,-0.308677733,-0.260622047,-0.028960152
400,0.400000,home_hold,0,0.401000,0.000005191,0.000005557,0.010225188,0.010702435,0.071867500,0.215360776,0.012730000,0.071868864,0.215355846,0.012729115,0.163132424,-0.212337808,0.022708944,0.163134195,-0.212332557,0.022708530,0.434399360,0.051811750,0.032916099,-0.137158023,0.033891411,0.050204307,0.002516442,0.375311982,-0.093188038,-0.040828555,0.652413778,-0.022803501,-0.055228829,-0.026392669,-0.000002218,-0.000022998,-0.000403235,-0.000000469,0.000486309,0.000116417,0.000002873,-0.000003443,-0.000005355,0.000096586,0.300005426,-0.000157602,-0.000129666,-0.000011833,0.000285251,-0.048101418,-0.840615194,0.008575157,1.006509341,0.235745580,-0.000154494,0.000359696,-0.008813471,0.187655688,-0.002913118,-0.308677488,-0.260621853,-0.028960140
410,0.410000,home_hold,0,0.411000,0.000005189,0.000005552,0.010225192,0.010702449,0.071867500,0.215360776,0.012730000,0.071868863,0.215355848,0.012729115,0.163132424,-0.212337808,0.022708944,0.163134194,-0.212332562,0.022708536,0.434399213,0.051811692,0.032916098,-0.137158162,0.033891414,0.050204280,0.002516437,0.375311737,-0.093187914,-0.040828557,0.652413928,-0.022803499,-0.055228812,-0.026392667,-0.000002274,-0.000023003,-0.000403222,-0.000000585,0.000486290,0.000116435,0.000002944,-0.000003533,-0.000005339,0.000096587,0.300005600,-0.000157592,-0.000129708,-0.000011759,0.000285242,-0.048101441,-0.840615206,0.008575158,1.006509381,0.235745359,-0.000154524,0.000359710,-0.008813513,0.187655417,-0.002913139,-0.308677243,-0.260621661,-0.028960128
420,0.420000,home_hold,0,0.421000,0.000005188,0.000005546,0.010225196,0.010702463,0.071867500,0.215360776,0.012730000,0.071868862,0.215355849,0.012729115,0.163132424,-0.212337808,0.022708944,0.163134194,-0.212332567,0.022708542,0.434399066,0.051811636,0.032916097,-0.137158301,0.033891418,0.050204253,0.002516432,0.375311492,-0.093187792,-0.040828560,0.652414079,-0.022803497,-0.055228794,-0.026392665,-0.000002329,-0.000023008,-0.000403208,-0.000000700,0.000486271,0.000116453,0.000003015,-0.000003624,-0.000005323,0.000096587,0.300005773,-0.000157583,-0.000129749,-0.000011685,0.000285233,-0.048101463,-0.840615218,0.008575159,1.006509420,0.235745140,-0.000154553,0.000359724,-0.008813553,0.187655147,-0.002913161,-0.308676998,-0.260621471,-0.028960117
430,0.430000,home_hold,0,0.431000,0.000005186,0.000005541,0.010225199,0.010702477,0.071867500,0.215360776,0.012730000,0.071868862,0.215355851,0.012729114,0.163132424,-0.212337808,0.022708944,0.163134193,-0.212332572,0.022708548,0.434398919,0.051811580,0.032916096,-0.137158439,0.033891421,0.050204226,0.002516427,0.375311248,-0.093187674,-0.040828562,0.652414228,-0.022803495,-0.055228777,-0.026392664,-0.000002385,-0.000023013,-0.000403195,-0.000000815,0.000486253,0.000116471,0.000003086,-0.000003714,-0.000005307,0.000096588,0.300005947,-0.000157573,-0.000129790,-0.000011611,0.000285224,-0.048101486,-0.840615231,0.008575160,1.006509459,0.235744922,-0.000154582,0.000359738,-0.008813592,0.187654878,-0.002913182,-0.308676753,-0.260621283,-0.028960106
440,0.440000,home_hold,0,0.441000,0.000005185,0.000005535,0.010225202,0.010702490,0.071867500,0.215360776,0.012730000,0.071868861,0.215355852,0.012729114,0.163132424,-0.212337808,0.022708944,0.163134192,-0.212332577,0.022708554,0.434398771,0.051811525,0.032916095,-0.137158577,0.033891424,0.050204199,0.002516423,0.375311005,-0.093187558,-0.040828565,0.652414378,-0.022803493,-0.055228760,-0.026392662,-0.000002441,-0.000023017,-0.000403182,-0.000000931,0.000486235,0.000116489,0.000003157,-0.000003804,-0.000005292,0.000096589,0.300006120,-0.000157564,-0.000129829,-0.000011537,0.000285216,-0.048101510,-0.840615243,0.008575161,1.006509497,0.235744704,-0.000154610,0.000359753,-0.008813630,0.187654609,-0.002913204,-0.308676508,-0.260621098,-0.028960095
450,0.450000,home_hold,0,0.451000,0.000005183,0.000005530,0.010225205,0.010702503,0.071867500,0.215360776,0.012730000,0.071868860,0.215355854,0.012729114,0.163132424,-0.212337808,0.022708944,0.163134192,-0.212332582,0.022708560,0.434398622,0.051811471,0.032916094,-0.137158715,0.033891428,0.050204173,0.002516418,0.375310761,-0.093187445,-0.040828568,0.652414527,-0.022803491,-0.055228743,-0.026392660,-0.000002497,-0.000023021,-0.000403169,-0.000001046,0.000486216,0.000116506,0.000003227,-0.000003894,-0.000005278,0.000096590,0.300006292,-0.000157556,-0.000129868,-0.000011462,0.000285208,-0.048101534,-0.840615255,0.008575162,1.006509536,0.235744487,-0.000154637,0.000359767,-0.008813667,0.187654340,-0.002913225,-0.308676263,-0.260620914,-0.028960084
460,0.460000,home_hold,0,0.461000,0.000005182,0.000005525,0.010225208,0.010702515,0.071867500,0.215360776,0.012730000,0.071868859,0.215355855,0.012729114,0.163132424,-0.212337808,0.022708944,0.163134191,-0.212332587,0.022708566,0.434398473,0.051811417,0.032916093,-0.137158853,0.033891431,0.050204146,0.002516414,0.375310518,-0.093187334,-0.040828570,0.652414676,-0.022803489,-0.055228726,-0.026392659,-0.000002553,-0.000023026,-0.000403156,-0.000001161,0.000486198,0.000116522,0.000003297,-0.000003984,-0.000005263,0.000096591,0.300006465,-0.000157547,-0.000129906,-0.000011388,0.000285200,-0.048101558,-0.840615267,0.008575163,1.006509574,0.235744272,-0.000154664,0.000359781,-0.008813702,0.187654072,-0.002913246,-0.308676018,-0.260620733,-0.028960074
470,0.470000,home_hold,0,0.471000,0.000005180,0.000005520,0.010225211,0.010702527,0.071867500,0.215360776,0.012730000,0.071868858,0.215355856,0.012729113,0.163132424,-0.212337808,0.022708944,0.163134191,-0.212332591,0.022708571,0.434398324,0.051811365,0.032916091,-0.137158991,0.033891435,0.050204120,0.002516410,0.375310276,-0.093187226,-0.040828573,0.652414825,-0.022803487,-0.055228710,-0.026392657,-0.000002609,-0.000023030,-0.000403143,-0.000001277,0.000486180,0.000116539,0.000003367,-0.000004074,-0.000005249,0.000096592,0.300006637,-0.000157538,-0.000129944,-0.000011313,0.000285192,-0.048101582,-0.840615279,0.008575164,1.006509613,0.235744057,-0.000154691,0.000359795,-0.008813737,0.187653804,-0.002913267,-0.308675773,-0.260620554,-0.028960064
480,0.480000,home_hold,0,0.481000,0.000005179,0.000005516,0.010225214,0.010702539,0.071867500,0.215360776,0.012730000,0.071868858,0.215355857,0.012729113,0.163132424,-0.212337808,0.022708944,0.163134190,-0.212332596,0.022708577,0.434398174,0.051811313,0.032916090,-0.137159129,0.033891438,0.050204093,0.002516406,0.375310034,-0.093187120,-0.040828576,0.652414974,-0.022803485,-0.055228693,-0.026392656,-0.000002665,-0.000023034,-0.000403130,-0.000001392,0.000486162,0.000116555,0.000003436,-0.000004163,-0.000005236,0.000096592,0.300006809,-0.000157530,-0.000129980,-0.000011238,0.000285185,-0.048101607,-0.840615291,0.008575164,1.006509651,0.235743843,-0.000154717,0.000359808,-0.008813770,0.187653537,-0.002913289,-0.308675528,-0.260620376,-0.028960054
490,0.490000,home_hold,0,0.491000,0.000005178,0.000005511,0.010225216,0.010702550,0.071867500,0.215360776,0.012730000,0.071868857,0.215355859,0.012729113,0.163132424,-0.212337808,0.022708944,0.163134189,-0.212332600,0.022708583,0.434398024,0.051811262,0.032916089,-0.137159266,0.033891442,0.050204067,0.002516401,0.375309792,-0.093187016,-0.040828580,0.652415123,-0.022803483,-0.055228677,-0.026392655,-0.000002721,-0.000023038,-0.000403117,-0.000001507,0.000486144,0.000116570,0.000003505,-0.000004253,-0.000005223,0.000096593,0.300006981,-0.000157522,-0.000130016,-0.000011164,0.000285178,-0.048101632,-0.840615302,0.008575165,1.006509689,0.235743629,-0.000154742,0.000359822,-0.008813803,0.187653270,-0.002913310,-0.308675282,-0.260620201,-0.028960045
500,0.500000,home_hold,0,0.501000,0.000005177,0.000005506,0.010225219,0.010702560,0.071867500,0.215360776,0.012730000,0.071868856,0.215355860,0.012729113,0.163132424,-0.212337808,0.022708944,0.163134189,-0.212332604,0.022708589,0.434397873,0.051811211,0.032916088,-0.137159403,0.033891445,0.050204040,0.002516397,0.375309551,-0.093186915,-0.040828583,0.652415271,-0.022803481,-0.055228660,-0.026392653,-0.000002777,-0.000023041,-0.000403104,-0.000001622,0.000486126,0.000116586,0.000003574,-0.000004342,-0.000005210,0.000096594,0.300007152,-0.000157514,-0.000130051,-0.000011089,0.000285170,-0.048101657,-0.840615314,0.008575166,1.006509727,0.235743417,-0.000154767,0.000359836,-0.008813834,0.187653004,-0.002913331,-0.308675037,-0.260620027,-0.028960035
510,0.510000,home_hold,0,0.511000,0.000005175,0.000005502,0.010225221,0.010702571,0.071867500,0.215360776,0.012730000,0.071868856,0.215355861,0.012729112,0.163132424,-0.212337808,0.022708944,0.163134188,-0.212332608,0.022708595,0.434397722,0.051811161,0.032916087,-0.137159540,0.033891448,0.050204014,0.002516393,0.375309310,-0.093186816,-0.040828586,0.652415419,-0.022803479,-0.055228644,-0.026392652,-0.000002833,-0.000023045,-0.000403091,-0.000001738,0.000486109,0.000116601,0.000003643,-0.000004431,-0.000005198,0.000096595,0.300007324,-0.000157506,-0.000130085,-0.000011014,0.000285163,-0.048101683,-0.840615326,0.008575167,1.006509764,0.235743205,-0.000154792,0.000359850,-0.008813865,0.187652738,-0.002913352,-0.308674792,-0.260619855,-0.028960026
520,0.520000,home_hold,0,0.521000,0.000005174,0.000005498,0.010225223,0.010702581,0.071867500,0.215360776,0.012730000,0.071868855,0.215355862,0.012729112,0.163132424,-0.212337808,0.022708944,0.163134188,-0.212332612,0.022708601,0.434397570,0.051811112,0.032916085,-0.137159678,0.033891452,0.050203988,0.002516390,0.375309069,-0.093186719,-0.040828590,0.652415567,-0.022803478,-0.055228628,-0.026392651,-0.000002890,-0.000023049,-0.000403078,-0.000001853,0.000486091,0.000116615,0.000003712,-0.000004520,-0.000005185,0.000096595,0.300007495,-0.000157499,-0.000130119,-0.000010939,0.000285156,-0.048101709,-0.840615338,0.008575167,1.006509802,0.235742994,-0.000154816,0.000359864,-0.008813894,0.187652472,-0.002913373,-0.308674546,-0.260619685,-0.028960018
530,0.530000,home_hold,0,0.531000,0.000005173,0.000005494,0.010225225,0.010702591,0.071867500,0.215360776,0.012730000,0.071868855,0.215355863,0.012729112,0.163132424,-0.212337808,0.022708944,0.163134187,-0.212332616,0.022708606,0.434397418,0.051811064,0.032916084,-0.137159814,0.033891455,0.050203962,0.002516386,0.375308829,-0.093186624,-0.040828593,0.652415715,-0.022803476,-0.055228612,-0.026392650,-0.000002946,-0.000023052,-0.000403065,-0.000001968,0.000486074,0.000116630,0.000003780,-0.000004609,-0.000005174,0.000096596,0.300007666,-0.000157491,-0.000130152,-0.000010864,0.000285150,-0.048101735,-0.840615350,0.008575168,1.006509839,0.235742783,-0.000154840,0.000359878,-0.008813923,0.187652207,-0.002913394,-0.308674301,-0.260619517,-0.028960009
540,0.540000,home_hold,0,0.541000,0.000005172,0.000005490,0.010225227,0.010702600,0.071867500,0.215360776,0.012730000,0.071868854,0.215355864,0.012729112,0.163132424,-0.212337808,0.022708944,0.163134186,-0.212332620,0.022708612,0.434397266,0.051811016,0.032916082,-0.137159951,0.033891459,0.050203935,0.002516382,0.375308589,-0.093186531,-0.040828597,0.652415862,-0.022803474,-0.055228597,-0.026392648,-0.000003003,-0.000023055,-0.000403052,-0.000002084,0.000486056,0.000116644,0.000003848,-0.000004698,-0.000005162,0.000096597,0.300007836,-0.000157484,-0.000130184,-0.000010789,0.000285143,-0.048101762,-0.840615362,0.008575169,1.006509876,0.235742574,-0.000154863,0.000359892,-0.008813950,0.187651942,-0.002913415,-0.308674056,-0.260619351,-0.028960001
550,0.550000,home_hold,0,0.551000,0.000005171,0.000005486,0.010225229,0.010702609,0.071867500,0.215360776,0.012730000,0.071868853,0.215355865,0.012729111,0.163132424,-0.212337808,0.022708944,0.163134186,-0.212332623,0.022708618,0.434397114,0.051810969,0.032916081,-0.137160088,0.033891462,0.050203909,0.002516378,0.375308350,-0.093186440,-0.040828600,0.652416010,-0.022803472,-0.055228581,-0.026392647,-0.000003059,-0.000023059,-0.000403038,-0.000002199,0.000486039,0.000116657,0.000003915,-0.000004787,-0.000005151,0.000096598,0.300008007,-0.000157477,-0.000130216,-0.000010713,0.000285137,-0.048101789,-0.840615374,0.008575170,1.006509913,0.235742365,-0.000154886,0.000359905,-0.008813977,0.187651678,-0.002913436,-0.308673811,-0.260619186,-0.028959993
560,0.560000,home_hold,0,0.561000,0.000005170,0.000005482,0.010225231,0.010702618,0.071867500,0.215360776,0.012730000,0.071868853,0.215355866,0.012729111,0.163132424,-0.212337808,0.022708944,0.163134185,-0.212332627,0.022708624,0.434396961,0.051810922,0.032916080,-0.137160224,0.033891465,0.050203883,0.002516375,0.375308111,-0.093186351,-0.040828604,0.652416157,-0.022803470,-0.055228565,-0.026392646,-0.000003116,-0.000023062,-0.000403025,-0.000002314,0.000486022,0.000116671,0.000003983,-0.000004875,-0.000005140,0.000096598,0.300008177,-0.000157470,-0.000130247,-0.000010638,0.000285131,-0.048101816,-0.840615385,0.008575170,1.006509950,0.235742157,-0.000154909,0.000359919,-0.008814003,0.187651414,-0.002913457,-0.308673565,-0.260619022,-0.028959985
570,0.570000,home_hold,0,0.571000,0.000005169,0.000005478,0.010225233,0.010702626,0.071867500,0.215360776,0.012730000,0.071868852,0.215355867,0.012729111,0.163132424,-0.212337808,0.022708944,0.163134184,-0.212332630,0.022708630,0.434396807,0.051810876,0.032916078,-0.137160361,0.033891469,0.050203857,0.002516371,0.375307872,-0.093186264,-0.040828608,0.652416304,-0.022803469,-0.055228550,-0.026392645,-0.000003172,-0.000023065,-0.000403012,-0.000002430,0.000486005,0.000116684,0.000004050,-0.000004963,-0.000005129,0.000096599,0.300008347,-0.000157463,-0.000130278,-0.000010562,0.000285124,-0.048101843,-0.840615397,0.008575171,1.006509987,0.235741949,-0.000154931,0.000359933,-0.008814028,0.187651151,-0.002913478,-0.308673320,-0.260618861,-0.028959977
580,0.580000,home_hold,0,0.581000,0.000005168,0.000005475,0.010225234,0.010702635,0.071867500,0.215360776,0.012730000,0.071868852,0.215355868,0.012729111,0.163132424,-0.212337808,0.022708944,0.163134184,-0.212332633,0.022708636,0.434396654,0.051810831,0.032916077,-0.137160497,0.033891472,0.050203831,0.002516368,0.375307634,-0.093186179,-0.040828612,0.652416451,-0.022803467,-0.055228534,-0.026392644,-0.000003229,-0.000023068,-0.000402999,-0.000002545,0.000485988,0.000116697,0.000004117,-0.000005051,-0.000005119,0.000096599,0.300008516,-0.000157456,-0.000130307,-0.000010487,0.000285118,-0.048101871,-0.840615409,0.008575171,1.006510024,0.235741742,-0.000154952,0.000359946,-0.008814052,0.187650888,-0.002913499,-0.308673075,-0.260618700,-0.028959970
590,0.590000,home_hold,0,0.591000,0.000005167,0.000005471,0.010225236,0.010702643,0.071867500,0.215360776,0.012730000,0.071868851,0.215355869,0.012729110,0.163132424,-0.212337808,0.022708944,0.163134183,-0.212332636,0.022708641,0.434396500,0.051810786,0.032916075,-0.137160633,0.033891476,0.050203805,0.002516364,0.375307396,-0.093186095,-0.040828616,0.652416597,-0.022803465,-0.055228519,-0.026392643,-0.000003286,-0.000023071,-0.000402986,-0.000002660,0.000485971,0.000116709,0.000004184,-0.000005140,-0.000005109,0.000096600,0.300008686,-0.000157450,-0.000130337,-0.000010411,0.000285113,-0.048101899,-0.840615421,0.008575172,1.006510060,0.235741536,-0.000154974,0.000359960,-0.008814076,0.187650625,-0.002913520,-0.308672830,-0.260618542,-0.028959963
600,0.600000,home_hold,0,0.601000,0.000005166,0.000005468,0.010225237,0.010702650,0.071867500,0.215360776,0.012730000,0.071868851,0.215355869,0.012729110,0.163132424,-0.212337808,0.022708944,0.163134183,-0.212332639,0.022708647,0.434396346,0.051810741,0.032916073,-0.137160769,0.033891479,0.050203779,0.002516361,0.375307159,-0.093186013,-0.040828620,0.652416743,-0.022803464,-0.055228504,-0.026392642,-0.000003343,-0.000023073,-0.000402973,-0.000002775,0.000485954,0.000116722,0.000004251,-0.000005227,-0.000005099,0.000096601,0.300008855,-0.000157443,-0.000130365,-0.000010336,0.000285107,-0.048101927,-0.840615433,0.008575173,1.006510096,0.235741330,-0.000154995,0.000359974,-0.008814098,0.187650363,-0.002913540,-0.308672585,-0.260618385,-0.028959956
610,0.610000,home_hold,0,0.611000,0.000005165,0.000005465,0.010225238,0.010702658,0.071867500,0.215360776,0.012730000,0.071868850,0.215355870,0.012729110,0.163132424,-0.212337808,0.022708944,0.163134182,-0.212332642,0.022708653,0.434396191,0.051810698,0.032916072,-0.137160905,0.033891483,0.050203753,0.002516358,0.375306922,-0.093185933,-0.040828624,0.652416890,-0.022803462,-0.055228489,-0.026392641,-0.000003400,-0.000023076,-0.000402960,-0.000002891,0.000485937,0.000116734,0.000004317,-0.000005315,-0.000005090,0.000096601,0.300009024,-0.000157437,-0.000130393,-0.000010260,0.000285101,-0.048101955,-0.840615444,0.008575173,1.006510133,0.235741125,-0.000155015,0.000359987,-0.008814120,0.187650101,-0.002913561,-0.308672340,-0.260618229,-0.028959949
620,0.620000,home_hold,0,0.621000,0.000005165,0.000005461,0.010225240,0.010702665,0.071867500,0.215360776,0.012730000,0.071868850,0.215355871,0.012729110,0.163132424,-0.212337808,0.022708944,0.163134181,-0.212332645,0.022708659,0.434396036,0.051810654,0.032916070,-0.137161041,0.033891486,0.050203727,0.002516354,0.375306685,-0.093185854,-0.040828628,0.652417035,-0.022803460,-0.055228474,-0.026392641,-0.000003457,-0.000023079,-0.000402947,-0.000003006,0.000485920,0.000116746,0.000004384,-0.000005403,-0.000005080,0.000096602,0.300009192,-0.000157431,-0.000130421,-0.000010184,0.000285096,-0.048101983,-0.840615456,0.008575174,1.006510169,0.235740920,-0.000155035,0.000360001,-0.008814142,0.187649840,-0.002913582,-0.308672095,-0.260618075,-0.028959943
630,0.630000,home_hold,0,0.631000,0.000005164,0.000005458,0.010225241,0.010702672,0.071867500,0.215360776,0.012730000,0.071868849,0.215355872,0.012729109,0.163132424,-0.212337808,0.022708944,0.163134181,-0.212332648,0.022708664,0.434395881,0.051810611,0.032916069,-0.137161177,0.033891489,0.050203702,0.002516351,0.375306449,-0.093185777,-0.040828632,0.652417181,-0.022803459,-0.055228459,-0.026392640,-0.000003513,-0.000023081,-0.000402934,-0.000003121,0.000485904,0.000116757,0.000004450,-0.000005490,-0.000005071,0.000096602,0.300009361,-0.000157425,-0.000130448,-0.000010109,0.000285090,-0.048102012,-0.840615468,0.008575174,1.006510205,0.235740716,-0.000155055,0.000360014,-0.008814162,0.187649579,-0.002913603,-0.308671850,-0.260617922,-0.028959937
640,0.640000,home_hold,0,0.641000,0.000005163,0.000005455,0.010225242,0.010702678,0.071867500,0.215360776,0.012730000,0.071868849,0.215355873,0.012729109,0.163132424,-0.212337808,0.022708944,0.163134180,-0.212332651,0.022708670,0.434395726,0.051810569,0.032916067,-0.137161312,0.033891493,0.050203676,0.002516348,0.375306213,-0.093185701,-0.040828637,0.652417327,-0.022803457,-0.055228444,-0.026392639,-0.000003571,-0.000023084,-0.000402921,-0.000003236,0.000485887,0.000116768,0.000004516,-0.000005578,-0.000005063,0.000096603,0.300009529,-0.000157419,-0.000130475,-0.000010033,0.000285085,-0.048102041,-0.840615479,0.008575175,1.006510241,0.235740513,-0.000155075,0.000360028,-0.008814182,0.187649318,-0.002913623,-0.308671605,-0.260617770,-0.028959931
650,0.650000,home_hold,0,0.651000,0.000005162,0.000005452,0.010225243,0.010702685,0.071867500,0.215360776,0.012730000,0.071868848,0.215355873,0.012729109,0.163132424,-0.212337808,0.022708944,0.163134179,-0.212332653,0.022708676,0.434395570,0.051810527,0.032916065,-0.137161448,0.033891496,0.050203650,0.002516345,0.375305977,-0.093185627,-0.040828641,0.652417472,-0.022803455,-0.055228430,-0.026392638,-0.000003628,-0.000023086,-0.000402909,-0.000003352,0.000485871,0.000116779,0.000004581,-0.000005665,-0.000005054,0.000096604,0.300009697,-0.000157413,-0.000130501,-0.000009957,0.000285080,-0.048102070,-0.840615491,0.008575175,1.006510277,0.235740310,-0.000155094,0.000360041,-0.008814202,0.187649058,-0.002913644,-0.308671361,-0.260617620,-0.028959925
660,0.660000,home_hold,0,0.661000,0.000005161,0.000005449,0.010225244,0.010702691,0.071867500,0.215360776,0.012730000,0.071868848,0.215355874,0.012729109,0.163132424,-0.212337808,0.022708944,0.163134179,-0.212332656,0.022708682,0.434395414,0.051810486,0.032916063,-0.137161583,0.033891500,0.050203624,0.002516342,0.375305742,-0.093185554,-0.040828645,0.652417617,-0.022803454,-0.055228415,-0.026392638,-0.000003685,-0.000023088,-0.000402896,-0.000003467,0.000485854,0.000116790,0.000004647,-0.000005752,-0.000005046,0.000096604,0.300009865,-0.000157408,-0.000130526,-0.000009881,0.000285075,-0.048102100,-0.840615503,0.008575176,1.006510312,0.235740108,-0.000155113,0.000360054,-0.008814220,0.187648798,-0.002913664,-0.308671116,-0.260617471,-0.028959919
670,0.670000,home_hold,0,0.671000,0.000005161,0.000005447,0.010225245,0.010702697,0.071867500,0.215360776,0.012730000,0.071868848,0.215355875,0.012729109,0.163132424,-0.212337808,0.022708944,0.163134178,-0.212332658,0.022708687,0.434395258,0.051810445,0.032916062,-0.137161719,0.033891503,0.050203599,0.002516339,0.375305507,-0.093185483,-0.040828650,0.652417762,-0.022803452,-0.055228401,-0.026392637,-0.000003742,-0.000023090,-0.000402883,-0.000003582,0.000485838,0.000116801,0.000004712,-0.000005839,-0.000005037,0.000096605,0.300010032,-0.000157402,-0.000130551,-0.000009805,0.000285070,-0.048102129,-0.840615514,0.008575176,1.006510348,0.235739906,-0.000155131,0.000360068,-0.008814238,0.187648538,-0.002913685,-0.308670872,-0.260617323,-0.028959914
680,0.680000,home_hold,0,0.681000,0.000005160,0.000005444,0.010225245,0.010702703,0.071867500,0.215360776,0.012730000,0.071868847,0.215355875,0.012729108,0.163132424,-0.212337808,0.022708944,0.163134177,-0.212332660,0.022708693,0.434395101,0.051810404,0.032916060,-0.137161854,0.033891506,0.050203573,0.002516336,0.375305273,-0.093185413,-0.040828655,0.652417907,-0.022803451,-0.055228386,-0.026392636,-0.000003799,-0.000023093,-0.000402870,-0.000003698,0.000485822,0.000116811,0.000004777,-0.000005926,-0.000005030,0.000096605,0.300010200,-0.000157397,-0.000130576,-0.000009729,0.000285065,-0.048102159,-0.840615526,0.008575177,1.006510383,0.235739705,-0.000155150,0.000360081,-0.008814256,0.187648279,-0.002913705,-0.308670627,-0.260617177,-0.028959908
690,0.690000,home_hold,0,0.691000,0.000005159,0.000005441,0.010225246,0.010702708,0.071867500,0.215360776,0.012730000,0.071868847,0.215355876,0.012729108,0.163132424,-0.212337808,0.022708944,0.163134177,-0.212332663,0.022708699,0.434394945,0.051810364,0.032916058,-0.137161989,0.033891510,0.050203547,0.002516334,0.375305039,-0.093185344,-0.040828659,0.652418052,-0.022803449,-0.055228372,-0.026392636,-0.000003856,-0.000023095,-0.000402857,-0.000003813,0.000485806,0.000116821,0.000004842,-0.000006013,-0.000005022,0.000096606,0.300010367,-0.000157391,-0.000130600,-0.000009653,0.000285060,-0.048102189,-0.840615538,0.008575177,1.006510419,0.235739504,-0.000155167,0.000360094,-0.008814273,0.187648021,-0.002913726,-0.308670383,-0.260617032,-0.028959903
700,0.700000,home_hold,0,0.701000,0.000005159,0.000005439,0.010225247,0.010702714,0.071867500,0.215360776,0.012730000,0.071868846,0.215355877,0.012729108,0.163132424,-0.212337808,0.022708944,0.163134176,-0.212332665,0.022708704,0.434394788,0.051810324,0.032916056,-0.137162124,0.033891513,0.050203522,0.002516331,0.375304805,-0.093185277,-0.040828664,0.652418196,-0.022803447,-0.055228358,-0.026392635,-0.000003914,-0.000023097,-0.000402844,-0.000003928,0.000485789,0.000116831,0.000004907,-0.000006099,-0.000005014,0.000096606,0.300010534,-0.000157386,-0.000130623,-0.000009577,0.000285056,-0.048102219,-0.840615549,0.008575178,1.006510454,0.235739304,-0.000155185,0.000360108,-0.008814289,0.187647763,-0.002913746,-0.308670139,-0.260616888,-0.028959899
710,0.710000,home_hold,0,0.711000,0.000005158,0.000005436,0.010225247,0.010702719,0.071867500,0.215360776,0.012730000,0.071868846,0.215355877,0.012729108,0.163132424,-0.212337808,0.022708944,0.163134175,-0.212332667,0.022708710,0.434394630,0.051810285,0.032916054,-0.137162259,0.033891517,0.050203496,0.002516328,0.375304572,-0.093185211,-0.040828668,0.652418340,-0.022803446,-0.055228344,-0.026392635,-0.000003971,-0.000023099,-0.000402831,-0.000004043,0.000485773,0.000116841,0.000004972,-0.000006186,-0.000005007,0.000096607,0.300010700,-0.000157381,-0.000130647,-0.000009501,0.000285051,-0.048102249,-0.840615561,0.008575178,1.006510489,0.235739105,-0.000155202,0.000360121,-0.008814305,0.187647505,-0.002913767,-0.308669895,-0.260616745,-0.028959894
720,0.720000,home_hold,0,0.721000,0.000005158,0.000005434,0.010225248,0.010702724,0.071867500,0.215360776,0.012730000,0.071868846,0.215355878,0.012729107,0.163132424,-0.212337808,0.022708944,0.163134175,-0.212332669,0.022708716,0.434394473,0.051810246,0.032916053,-0.137162394,0.033891520,0.050203471,0.002516325,0.375304339,-0.093185146,-0.040828673,0.652418484,-0.022803444,-0.055228329,-0.026392634,-0.000004028,-0.000023101,-0.000402818,-0.000004159,0.000485757,0.000116850,0.000005036,-0.000006272,-0.000005000,0.000096607,0.300010867,-0.000157376,-0.000130669,-0.000009425,0.000285047,-0.048102279,-0.840615573,0.008575179,1.006510524,0.235738905,-0.000155219,0.000360134,-0.008814320,0.187647247,-0.002913787,-0.308669651,-0.260616603,-0.028959889
730,0.730000,home_hold,0,0.731000,0.000005157,0.000005431,0.010225248,0.010702729,0.071867500,0.215360776,0.012730000,0.071868845,0.215355878,0.012729107,0.163132424,-0.212337808,0.022708944,0.163134174,-0.212332671,0.022708722,0.434394315,0.051810207,0.032916051,-0.137162529,0.033891523,0.050203445,0.002516323,0.375304107,-0.093185082,-0.040828678,0.652418628,-0.022803443,-0.055228315,-0.026392634,-0.000004086,-0.000023102,-0.000402805,-0.000004274,0.000485741,0.000116859,0.000005101,-0.000006358,-0.000004993,0.000096608,0.300011033,-0.000157371,-0.000130692,-0.000009349,0.000285042,-0.048102310,-0.840615584,0.008575179,1.006510559,0.235738706,-0.000155236,0.000360147,-0.008814335,0.187646990,-0.002913807,-0.308669408,-0.260616462,-0.028959885
740,0.740000,home_hold,0,0.741000,0.000005156,0.000005429,0.010225249,0.010702733,0.071867500,0.215360776,0.012730000,0.071868845,0.215355879,0.012729107,0.163132424,-0.212337808,0.022708944,0.163134173,-0.212332673,0.022708727,0.434394157,0.051810169,0.032916049,-0.137162664,0.033891527,0.050203420,0.002516320,0.375303875,-0.093185019,-0.040828683,0.652418772,-0.022803441,-0.055228301,-0.026392633,-0.000004143,-0.000023104,-0.000402792,-0.000004389,0.000485726,0.000116868,0.000005165,-0.000006444,-0.000004986,0.000096608,0.300011199,-0.000157367,-0.000130714,-0.000009273,0.000285038,-0.048102341,-0.840615596,0.008575180,1.006510594,0.235738508,-0.000155252,0.000360160,-0.008814349,0.187646733,-0.002913827,-0.308669164,-0.260616323,-0.028959881
750,0.750000,home_hold,0,0.751000,0.000005156,0.000005427,0.010225249,0.010702738,0.071867500,0.215360776,0.012730000,0.071868845,0.215355879,0.012729107,0.163132424,-0.212337808,0.022708944,0.163134173,-0.212332675,0.022708733,0.434393999,0.051810131,0.032916047,-0.137162799,0.033891530,0.050203394,0.002516318,0.375303643,-0.093184958,-0.040828688,0.652418915,-0.022803440,-0.055228288,-0.026392633,-0.000004201,-0.000023106,-0.000402779,-0.000004504,0.000485710,0.000116877,0.000005229,-0.000006530,-0.000004979,0.000096608,0.300011364,-0.000157362,-0.000130735,-0.000009197,0.000285034,-0.048102372,-0.840615607,0.008575180,1.006510629,0.235738310,-0.000155268,0.000360173,-0.008814363,0.187646477,-0.002913848,-0.308668921,-0.260616185,-0.028959877
760,0.760000,home_hold,0,0.761000,0.000005155,0.000005424,0.010225249,0.010702742,0.071867500,0.215360776,0.012730000,0.071868844,0.215355880,0.012729106,0.163132424,-0.212337808,0.022708944,0.163134172,-0.212332677,0.022708739,0.434393841,0.051810094,0.032916045,-0.137162933,0.033891534,0.050203369,0.002516315,0.375303412,-0.093184897,-0.040828693,0.652419058,-0.022803438,-0.055228274,-0.026392632,-0.000004258,-0.000023107,-0.000402766,-0.000004620,0.000485694,0.000116886,0.000005293,-0.000006616,-0.000004973,0.000096609,0.300011530,-0.000157357,-0.000130756,-0.000009120,0.000285030,-0.048102403,-0.840615619,0.008575180,1.006510663,0.235738113,-0.000155284,0.000360186,-0.008814376,0.187646221,-0.002913868,-0.308668677,-0.260616047,-0.028959873
770,0.770000,home_hold,0,0.771000,0.000005155,0.000005422,0.010225250,0.010702746,0.071867500,0.215360776,0.012730000,0.071868844,0.215355880,0.012729106,0.163132424,-0.212337808,0.022708944,0.163134171,-0.212332679,0.022708744,0.434393682,0.051810057,0.032916043,-0.137163068,0.033891537,0.050203343,0.002516313,0.375303181,-0.093184838,-0.040828698,0.652419201,-0.022803437,-0.055228260,-0.026392632,-0.000004316,-0.000023109,-0.000402753,-0.000004735,0.000485678,0.000116894,0.000005357,-0.000006702,-0.000004967,0.000096609,0.300011695,-0.000157353,-0.000130777,-0.000009044,0.000285026,-0.048102434,-0.840615630,0.008575181,1.006510698,0.235737916,-0.000155300,0.000360199,-0.008814389,0.187645966,-0.002913888,-0.308668434,-0.260615911,-0.028959870
780,0.780000,home_hold,0,0.781000,0.000005154,0.000005420,0.010225250,0.010702750,0.071867500,0.215360776,0.012730000,0.071868844,0.215355881,0.012729106,0.163132424,-0.212337808,0.022708944,0.163134170,-0.212332681,0.022708750,0.434393523,0.051810020,0.032916041,-0.137163202,0.033891541,0.050203318,0.002516310,0.375302950,-0.093184779,-0.040828703,0.652419344,-0.022803435,-0.055228246,-0.026392632,-0.000004373,-0.000023111,-0.000402740,-0.000004850,0.000485663,0.000116903,0.000005420,-0.000006787,-0.000004960,0.000096610,0.300011860,-0.000157348,-0.000130797,-0.000008968,0.000285022,-0.048102465,-0.840615642,0.008575181,1.006510732,0.235737719,-0.000155315,0.000360212,-0.008814402,0.187645711,-0.002913908,-0.308668191,-0.260615775,-0.028959866
790,0.790000,home_hold,0,0.791000,0.000005154,0.000005418,0.010225250,0.010702754,0.071867500,0.215360776,0.012730000,0.071868843,0.215355881,0.012729106,0.163132424,-0.212337808,0.022708944,0.163134170,-0.212332682,0.022708755,0.434393364,0.051809983,0.032916039,-0.137163337,0.033891544,0.050203293,0.002516308,0.375302720,-0.093184722,-0.040828708,0.652419487,-0.022803434,-0.055228233,-0.026392631,-0.000004431,-0.000023112,-0.000402727,-0.000004965,0.000485647,0.000116911,0.000005484,-0.000006873,-0.000004954,0.000096610,0.300012025,-0.000157344,-0.000130817,-0.000008892,0.000285018,-0.048102496,-0.840615653,0.008575182,1.006510767,0.235737523,-0.000155330,0.000360225,-0.008814414,0.187645456,-0.002913928,-0.308667949,-0.260615641,-0.028959863
800,0.800000,home_hold,0,0.801000,0.000005153,0.000005416,0.010225250,0.010702758,0.071867500,0.215360776,0.012730000,0.071868843,0.215355882,0.012729106,0.163132424,-0.212337808,0.022708944,0.163134169,-0.212332684,0.022708761,0.434393205,0.051809947,0.032916037,-0.137163471,0.033891547,0.050203267,0.002516306,0.375302490,-0.093184666,-0.040828713,0.652419629,-0.022803433,-0.055228219,-0.026392631,-0.000004488,-0.000023114,-0.000402714,-0.000005080,0.000485632,0.000116919,0.000005547,-0.000006958,-0.000004949,0.000096611,0.300012190,-0.000157340,-0.000130837,-0.000008815,0.000285014,-0.048102528,-0.840615665,0.008575182,1.006510801,0.235737327,-0.000155345,0.000360238,-0.008814425,0.187645201,-0.002913948,-0.308667706,-0.260615508,-0.028959860
810,0.810000,home_hold,0,0.811000,0.000005153,0.000005414,0.010225250,0.010702761,0.071867500,0.215360776,0.012730000,0.071868843,0.215355882,0.012729105,0.163132424,-0.212337808,0.022708944,0.163134168,-0.212332686,0.022708767,0.434393046,0.051809911,0.032916035,-0.137163605,0.033891551,0.050203242,0.002516303,0.375302260,-0.093184610,-0.040828718,0.652419772,-0.022803431,-0.055228206,-0.026392631,-0.000004546,-0.000023115,-0.000402701,-0.000005196,0.000485616,0.000116926,0.000005610,-0.000007043,-0.000004943,0.000096611,0.300012354,-0.000157336,-0.000130856,-0.000008739,0.000285011,-0.048102560,-0.840615677,0.008575182,1.006510835,0.235737132,-0.000155360,0.000360251,-0.008814437,0.187644947,-0.002913969,-0.308667464,-0.260615375,-0.028959857
820,0.820000,home_hold,0,0.821000,0.000005152,0.000005412,0.010225250,0.010702765,0.071867500,0.215360776,0.012730000,0.071868843,0.215355883,0.012729105,0.163132424,-0.212337808,0.022708944,0.163134168,-0.212332687,0.022708772,0.434392887,0.051809876,0.032916033,-0.137163740,0.033891554,0.050203217,0.002516301,0.375302031,-0.093184555,-0.040828723,0.652419914,-0.022803430,-0.055228193,-0.026392631,-0.000004604,-0.000023116,-0.000402689,-0.000005311,0.000485601,0.000116934,0.000005673,-0.000007128,-0.000004937,0.000096611,0.300012518,-0.000157332,-0.000130875,-0.000008663,0.000285007,-0.048102592,-0.840615688,0.008575183,1.006510869,0.235736937,-0.000155374,0.000360264,-0.008814447,0.187644694,-0.002913989,-0.308667221,-0.260615244,-0.028959854
830,0.830000,home_hold,0,0.831000,0.000005152,0.000005411,0.010225250,0.010702768,0.071867500,0.215360776,0.012730000,0.071868842,0.215355883,0.012729105,0.163132424,-0.212337808,0.022708944,0.163134167,-0.212332689,0.022708778,0.434392727,0.051809840,0.032916031,-0.137163874,0.033891558,0.050203192,0.002516299,0.375301802,-0.093184502,-0.040828728,0.652420056,-0.022803428,-0.055228179,-0.026392630,-0.000004662,-0.000023118,-0.000402676,-0.000005426,0.000485585,0.000116941,0.000005736,-0.000007213,-0.000004932,0.000096612,0.300012682,-0.000157328,-0.000130893,-0.000008587,0.000285004,-0.048102624,-0.840615700,0.008575183,1.006510903,0.235736742,-0.000155388,0.000360277,-0.008814458,0.187644440,-0.002914009,-0.308666979,-0.260615113,-0.028959851
840,0.840000,home_hold,0,0.841000,0.000005152,0.000005409,0.010225250,0.010702771,0.071867500,0.215360776,0.012730000,0.071868842,0.215355884,0.012729105,0.163132424,-0.212337808,0.022708944,0.163134166,-0.212332690,0.022708784,0.434392567,0.051809805,0.032916029,-0.137164008,0.033891561,0.050203166,0.002516297,0.375301574,-0.093184449,-0.040828733,0.652420197,-0.022803427,-0.055228166,-0.026392630,-0.000004719,-0.000023119,-0.000402663,-0.000005541,0.000485570,0.000116949,0.000005799,-0.000007298,-0.000004927,0.000096612,0.300012846,-0.000157324,-0.000130911,-0.000008510,0.000285000,-0.048102656,-0.840615711,0.008575183,1.006510937,0.235736548,-0.000155402,0.000360290,-0.008814468,0.187644187,-0.002914028,-0.308666737,-0.260614983,-0.028959849
850,0.850000,home_hold,0,0.851000,0.000005151,0.000005407,0.010225250,0.010702774,0.071867500,0.215360776,0.012730000,0.071868842,0.215355884,0.012729104,0.163132424,-0.212337808,0.022708944,0.163134166,-0.212332691,0.022708789,0.434392407,0.051809770,0.032916027,-0.137164142,0.033891564,0.050203141,0.002516294,0.375301346,-0.093184397,-0.040828739,0.652420339,-0.022803425,-0.055228153,-0.026392630,-0.000004777,-0.000023120,-0.000402650,-0.000005657,0.000485555,0.000116956,0.000005862,-0.000007382,-0.000004921,0.000096613,0.300013009,-0.000157320,-0.000130929,-0.000008434,0.000284997,-0.048102688,-0.840615723,0.008575184,1.006510971,0.235736354,-0.000155416,0.000360303,-0.008814478,0.187643935,-0.002914048,-0.308666496,-0.260614855,-0.028959846
860,0.860000,home_hold,0,0.861000,0.000005151,0.000005406,0.010225250,0.010702777,0.071867500,0.215360776,0.012730000,0.071868842,0.215355884,0.012729104,0.163132424,-0.212337808,0.022708944,0.163134165,-0.212332693,0.022708795,0.434392247,0.051809736,0.032916025,-0.137164276,0.033891568,0.050203116,0.002516292,0.375301118,-0.093184346,-0.040828744,0.652420480,-0.022803424,-0.055228140,-0.026392630,-0.000004835,-0.000023121,-0.000402637,-0.000005772,0.000485539,0.000116963,0.000005924,-0.000007467,-0.000004916,0.000096613,0.300013172,-0.000157316,-0.000130947,-0.000008358,0.000284993,-0.048102720,-0.840615734,0.008575184,1.006511005,0.235736160,-0.000155429,0.000360315,-0.008814487,0.187643683,-0.002914068,-0.308666254,-0.260614727,-0.028959844
870,0.870000,home_hold,0,0.871000,0.000005150,0.000005404,0.010225250,0.010702780,0.071867500,0.215360776,0.012730000,0.071868841,0.215355885,0.012729104,0.163132424,-0.212337808,0.022708944,0.163134164,-0.212332694,0.022708800,0.434392086,0.051809702,0.032916023,-0.137164410,0.033891571,0.050203091,0.002516290,0.375300891,-0.093184295,-0.040828749,0.652420622,-0.022803423,-0.055228127,-0.026392630,-0.000004893,-0.000023122,-0.000402624,-0.000005887,0.000485524,0.000116969,0.000005987,-0.000007551,-0.000004911,0.000096613,0.300013335,-0.000157313,-0.000130964,-0.000008282,0.000284990,-0.048102753,-0.840615746,0.008575184,1.006511039,0.235735967,-0.000155443,0.000360328,-0.008814496,0.187643431,-0.002914088,-0.308666013,-0.260614600,-0.028959842
880,0.880000,home_hold,0,0.881000,0.000005150,0.000005402,0.010225250,0.010702783,0.071867500,0.215360776,0.012730000,0.071868841,0.215355885,0.012729104,0.163132424,-0.212337808,0.022708944,0.163134164,-0.212332695,0.022708806,0.434391926,0.051809668,0.032916021,-0.137164544,0.033891575,0.050203066,0.002516288,0.375300664,-0.093184246,-0.040828755,0.652420763,-0.022803421,-0.055228114,-0.026392630,-0.000004951,-0.000023123,-0.000402611,-0.000006002,0.000485509,0.000116976,0.000006049,-0.000007636,-0.000004907,0.000096614,0.300013498,-0.000157309,-0.000130981,-0.000008205,0.000284987,-0.048102785,-0.840615757,0.008575185,1.006511073,0.235735774,-0.000155456,0.000360341,-0.008814505,0.187643180,-0.002914108,-0.308665772,-0.260614473,-0.028959840
890,0.890000,home_hold,0,0.891000,0.000005150,0.000005401,0.010225249,0.010702785,0.071867500,0.215360776,0.012730000,0.071868841,0.215355885,0.012729104,0.163132424,-0.212337808,0.022708944,0.163134163,-0.212332697,0.022708812,0.434391765,0.051809634,0.032916018,-0.137164678,0.033891578,0.050203040,0.002516286,0.375300438,-0.093184197,-0.040828760,0.652420903,-0.022803420,-0.055228101,-0.026392630,-0.000005009,-0.000023124,-0.000402598,-0.000006118,0.000485494,0.000116983,0.000006111,-0.000007720,-0.000004902,0.000096614,0.300013660,-0.000157305,-0.000130998,-0.000008129,0.000284984,-0.048102818,-0.840615769,0.008575185,1.006511106,0.235735582,-0.000155468,0.000360353,-0.008814513,0.187642929,-0.002914128,-0.308665531,-0.260614348,-0.028959839
900,0.900000,home_hold,0,0.901000,0.000005149,0.000005399,0.010225249,0.010702788,0.071867500,0.215360776,0.012730000,0.071868841,0.215355886,0.012729103,0.163132424,-0.212337808,0.022708944,0.163134162,-0.212332698,0.022708817,0.434391604,0.051809601,0.032916016,-0.137164811,0.033891582,0.050203015,0.002516284,0.375300211,-0.093184149,-0.040828765,0.652421044,-0.022803419,-0.055228088,-0.026392630,-0.000005066,-0.000023125,-0.000402585,-0.000006233,0.000485479,0.000116989,0.000006173,-0.000007804,-0.000004897,0.000096614,0.300013823,-0.000157302,-0.000131014,-0.000008053,0.000284981,-0.048102850,-0.840615780,0.008575185,1.006511140,0.235735389,-0.000155481,0.000360366,-0.008814521,0.187642678,-0.002914148,-0.308665290,-0.260614223,-0.028959837
910,0.910000,home_hold,0,0.911000,0.000005149,0.000005398,0.010225249,0.010702790,0.071867500,0.215360776,0.012730000,0.071868840,0.215355886,0.012729103,0.163132424,-0.212337808,0.022708944,0.163134161,-0.212332699,0.022708823,0.434391443,0.051809567,0.032916014,-0.137164945,0.033891585,0.050202990,0.002516282,0.375299986,-0.093184101,-0.040828771,0.652421184,-0.022803417,-0.055228075,-0.026392630,-0.000005124,-0.000023126,-0.000402572,-0.000006348,0.000485464,0.000116995,0.000006235,-0.000007888,-0.000004893,0.000096615,0.300013985,-0.000157299,-0.000131030,-0.000007977,0.000284978,-0.048102883,-0.840615791,0.008575186,1.006511173,0.235735197,-0.000155494,0.000360378,-0.008814529,0.187642427,-0.002914167,-0.308665050,-0.260614099,-0.028959835
920,0.920000,home_hold,0,0.921000,0.000005149,0.000005396,0.010225248,0.010702793,0.071867500,0.215360776,0.012730000,0.071868840,0.215355886,0.012729103,0.163132424,-0.212337808,0.022708944,0.163134161,-0.212332700,0.022708828,0.434391282,0.051809534,0.032916012,-0.137165079,0.033891588,0.050202965,0.002516281,0.375299760,-0.093184055,-0.040828776,0.652421325,-0.022803416,-0.055228062,-0.026392630,-0.000005182,-0.000023127,-0.000402560,-0.000006463,0.000485449,0.000117001,0.000006297,-0.000007971,-0.000004889,0.000096615,0.300014147,-0.000157295,-0.000131046,-0.000007900,0.000284975,-0.048102916,-0.840615803,0.008575186,1.006511207,0.235735006,-0.000155506,0.000360391,-0.008814536,0.187642178,-0.002914187,-0.308664809,-0.260613976,-0.028959834
930,0.930000,home_hold,0,0.931000,0.000005148,0.000005395,0.010225248,0.010702795,0.071867500,0.215360776,0.012730000,0.071868840,0.215355887,0.012729103,0.163132424,-0.212337808,0.022708944,0.163134160,-0.212332701,0.022708834,0.434391121,0.051809502,0.032916010,-0.137165212,0.033891592,0.050202940,0.002516279,0.375299535,-0.093184009,-0.040828782,0.652421465,-0.022803415,-0.055228049,-0.026392630,-0.000005240,-0.000023128,-0.000402547,-0.000006579,0.000485434,0.000117007,0.000006359,-0.000008055,-0.000004884,0.000096615,0.300014308,-0.000157292,-0.000131061,-0.000007824,0.000284972,-0.048102949,-0.840615814,0.008575186,1.006511240,0.235734814,-0.000155518,0.000360404,-0.008814543,0.187641928,-0.002914207,-0.308664569,-0.260613853,-0.028959833
940,0.940000,home_hold,0,0.941000,0.000005148,0.000005394,0.010225248,0.010702797,0.071867500,0.215360776,0.012730000,0.071868840,0.215355887,0.012729102,0.163132424,-0.212337808,0.022708944,0.163134159,-0.212332702,0.022708839,0.434390960,0.051809469,0.032916008,-0.137165346,0.033891595,0.050202915,0.002516277,0.375299310,-0.093183963,-0.040828787,0.652421605,-0.022803413,-0.055228037,-0.026392630,-0.000005298,-0.000023129,-0.000402534,-0.000006694,0.000485419,0.000117013,0.000006420,-0.000008138,-0.000004880,0.000096616,0.300014470,-0.000157289,-0.000131076,-0.000007748,0.000284969,-0.048102982,-0.840615826,0.008575186,1.006511274,0.235734623,-0.000155530,0.000360416,-0.008814550,0.187641679,-0.002914226,-0.308664329,-0.260613732,-0.028959832
950,0.950000,home_hold,0,0.951000,0.000005148,0.000005392,0.010225247,0.010702799,0.071867500,0.215360776,0.012730000,0.071868840,0.215355887,0.012729102,0.163132424,-0.212337808,0.022708944,0.163134159,-0.212332703,0.022708845,0.434390798,0.051809437,0.032916005,-0.137165479,0.033891599,0.050202890,0.002516275,0.375299086,-0.093183919,-0.040828793,0.652421744,-0.022803412,-0.055228024,-0.026392630,-0.000005357,-0.000023130,-0.000402521,-0.000006809,0.000485405,0.000117018,0.000006482,-0.000008222,-0.000004876,0.000096616,0.300014631,-0.000157286,-0.000131091,-0.000007672,0.000284966,-0.048103016,-0.840615837,0.008575187,1.006511307,0.235734432,-0.000155541,0.000360429,-0.008814557,0.187641430,-0.002914246,-0.308664090,-0.260613611,-0.028959831
960,0.960000,home_hold,0,0.961000,0.000005147,0.000005391,0.010225247,0.010702801,0.071867500,0.215360776,0.012730000,0.071868839,0.215355888,0.012729102,0.163132424,-0.212337808,0.022708944,0.163134158,-0.212332704,0.022708850,0.434390637,0.051809404,0.032916003,-0.137165613,0.033891602,0.050202865,0.002516273,0.375298862,-0.093183875,-0.040828798,0.652421884,-0.022803411,-0.055228011,-0.026392630,-0.000005415,-0.000023131,-0.000402508,-0.000006924,0.000485390,0.000117024,0.000006543,-0.000008305,-0.000004872,0.000096616,0.300014792,-0.000157283,-0.000131106,-0.000007596,0.000284963,-0.048103049,-0.840615849,0.008575187,1.006511340,0.235734242,-0.000155553,0.000360441,-0.008814563,0.187641181,-0.002914266,-0.308663850,-0.260613490,-0.028959830
970,0.970000,home_hold,0,0.971000,0.000005147,0.000005390,0.010225246,0.010702803,0.071867500,0.215360776,0.012730000,0.071868839,0.215355888,0.012729102,0.163132424,-0.212337808,0.022708944,0.163134157,-0.212332705,0.022708856,0.434390475,0.051809373,0.032916001,-0.137165746,0.033891605,0.050202840,0.002516272,0.375298638,-0.093183831,-0.040828804,0.652422023,-0.022803409,-0.055227999,-0.026392630,-0.000005473,-0.000023131,-0.000402495,-0.000007040,0.000485375,0.000117029,0.000006605,-0.000008388,-0.000004868,0.000096617,0.300014953,-0.000157280,-0.000131121,-0.000007520,0.000284961,-0.048103082,-0.840615860,0.008575187,1.006511373,0.235734052,-0.000155564,0.000360453,-0.008814569,0.187640933,-0.002914285,-0.308663611,-0.260613371,-0.028959829
980,0.980000,home_hold,0,0.981000,0.000005147,0.000005389,0.010225246,0.010702804,0.071867500,0.215360776,0.012730000,0.071868839,0.215355888,0.012729102,0.163132424,-0.212337808,0.022708944,0.163134157,-0.212332706,0.022708861,0.434390313,0.051809341,0.032915999,-0.137165880,0.033891609,0.050202815,0.002516270,0.375298415,-0.093183788,-0.040828809,0.652422163,-0.022803408,-0.055227986,-0.026392630,-0.000005531,-0.000023132,-0.000402482,-0.000007155,0.000485360,0.000117035,0.000006666,-0.000008471,-0.000004865,0.000096617,0.300015113,-0.000157277,-0.000131135,-0.000007444,0.000284958,-0.048103116,-0.840615872,0.008575188,1.006511406,0.235733862,-0.000155575,0.000360466,-0.008814575,0.187640685,-0.002914305,-0.308663372,-0.260613252,-0.028959828
990,0.990000,home_hold,0,0.991000,0.000005147,0.000005387,0.010225245,0.010702806,0.071867500,0.215360776,0.012730000,0.071868839,0.215355888,0.012729101,0.163132424,-0.212337808,0.022708944,0.163134156,-0.212332707,0.022708867,0.434390151,0.051809309,0.032915997,-0.137166013,0.033891612,0.050202790,0.002516268,0.375298192,-0.093183746,-0.040828815,0.652422302,-0.022803407,-0.055227974,-0.026392630,-0.000005589,-0.000023133,-0.000402469,-0.000007270,0.000485346,0.000117040,0.000006727,-0.000008554,-0.000004861,0.000096617,0.300015274,-0.000157274,-0.000131149,-0.000007367,0.000284955,-0.048103149,-0.840615883,0.008575188,1.006511439,0.235733672,-0.000155586,0.000360478,-0.008814581,0.187640438,-0.002914324,-0.308663133,-0.260613134,-0.028959828
1000,1.000000,home_hold,0,1.001000,0.000005146,0.000005386,0.010225244,0.010702808,0.071867500,0.215360776,0.012730000,0.071868839,0.215355889,0.012729101,0.163132424,-0.212337808,0.022708944,0.163134155,-0.212332708,0.022708872,0.434389989,0.051809278,0.032915994,-0.137166147,0.033891616,0.050202765,0.002516266,0.375297969,-0.093183704,-0.040828821,0.652422440,-0.022803405,-0.055227961,-0.026392631,-0.000005647,-0.000023133,-0.000402457,-0.000007385,0.000485331,0.000117045,0.000006788,-0.000008637,-0.000004857,0.000096618,0.300015434,-0.000157271,-0.000131162,-0.000007291,0.000284953,-0.048103183,-0.840615894,0.008575188,1.006511472,0.235733483,-0.000155597,0.000360490,-0.008814586,0.187640191,-0.002914344,-0.308662895,-0.260613016,-0.028959827
1010,1.010000,home_hold,0,1.011000,0.000005146,0.000005385,0.010225244,0.010702809,0.071867500,0.215360776,0.012730000,0.071868839,0.215355889,0.012729101,0.163132424,-0.212337808,0.022708944,0.163134155,-0.212332709,0.022708878,0.434389827,0.051809247,0.032915992,-0.137166280,0.033891619,0.050202740,0.002516265,0.375297747,-0.093183663,-0.040828826,0.652422579,-0.022803404,-0.055227949,-0.026392631,-0.000005705,-0.000023134,-0.000402444,-0.000007501,0.000485316,0.000117050,0.000006849,-0.000008719,-0.000004854,0.000096618,0.300015593,-0.000157268,-0.000131176,-0.000007215,0.000284950,-0.048103216,-0.840615906,0.008575188,1.006511505,0.235733293,-0.000155608,0.000360503,-0.008814592,0.187639944,-0.002914363,-0.308662656,-0.260612899,-0.028959827
1020,1.020000,home_hold,0,1.021000,0.000005146,0.000005384,0.010225243,0.010702811,0.071867500,0.215360776,0.012730000,0.071868838,0.215355889,0.012729101,0.163132424,-0.212337808,0.022708944,0.163134154,-0.212332710,0.022708883,0.434389664,0.051809216,0.032915990,-0.137166413,0.033891623,0.050202715,0.002516263,0.375297525,-0.093183622,-0.040828832,0.652422717,-0.022803403,-0.055227937,-0.026392631,-0.000005763,-0.000023135,-0.000402431,-0.000007616,0.000485302,0.000117054,0.000006910,-0.000008802,-0.000004850,0.000096618,0.300015753,-0.000157265,-0.000131189,-0.000007139,0.000284948,-0.048103250,-0.840615917,0.008575189,1.006511538,0.235733105,-0.000155618,0.000360515,-0.008814597,0.187639698,-0.002914382,-0.308662418,-0.260612783,-0.028959827
1030,1.030000,home_hold,0,1.031000,0.000005146,0.000005383,0.010225243,0.010702812,0.071867500,0.215360776,0.012730000,0.071868838,0.215355889,0.012729100,0.163132424,-0.212337808,0.022708944,0.163134153,-0.212332711,0.022708889,0.434389502,0.051809185,0.032915988,-0.137166546,0.033891626,0.050202690,0.002516262,0.375297303,-0.093183582,-0.040828838,0.652422856,-0.022803402,-0.055227924,-0.026392631,-0.000005822,-0.000023135,-0.000402418,-0.000007731,0.000485287,0.000117059,0.000006971,-0.000008884,-0.000004847,0.000096619,0.300015913,-0.000157263,-0.000131202,-0.000007063,0.000284945,-0.048103284,-0.840615929,0.008575189,1.006511571,0.235732916,-0.000155628,0.000360527,-0.008814601,0.187639452,-0.002914402,-0.308662181,-0.260612667,-0.028959827
1040,1.040000,home_hold,0,1.041000,0.000005146,0.000005382,0.010225242,0.010702813,0.071867500,0.215360776,0.012730000,0.071868838,0.215355890,0.012729100,0.163132424,-0.212337808,0.022708944,0.163134152,-0.212332712,0.022708894,0.434389339,0.051809154,0.032915985,-0.137166680,0.033891629,0.050202666,0.002516260,0.375297082,-0.093183543,-0.040828843,0.652422994,-0.022803400,-0.055227912,-0.026392632,-0.000005880,-0.000023136,-0.000402405,-0.000007846,0.000485273,0.000117064,0.000007031,-0.000008967,-0.000004844,0.000096619,0.300016072,-0.000157260,-0.000131215,-0.000006987,0.000284943,-0.048103318,-0.840615940,0.008575189,1.006511603,0.235732727,-0.000155639,0.000360539,-0.008814606,0.187639206,-0.002914421,-0.308661943,-0.260612552,-0.028959827
1050,1.050000,home_hold,0,1.051000,0.000005145,0.000005381,0.010225241,0.010702815,0.071867500,0.215360776,0.012730000,0.071868838,0.215355890,0.012729100,0.163132424,-0.212337808,0.022708944,0.163134152,-0.212332712,0.022708900,0.434389176,0.051809124,0.032915983,-0.137166813,0.033891633,0.050202641,0.002516259,0.375296861,-0.093183504,-0.040828849,0.652423132,-0.022803399,-0.055227900,-0.026392632,-0.000005938,-0.000023136,-0.000402392,-0.000007962,0.000485258,0.000117068,0.000007092,-0.000009049,-0.000004841,0.000096619,0.300016231,-0.000157258,-0.000131228,-0.000006912,0.000284940,-0.048103352,-0.840615951,0.008575189,1.006511636,0.235732539,-0.000155649,0.000360551,-0.008814610,0.187638961,-0.002914441,-0.308661706,-0.260612437,-0.028959827
1060,1.060000,home_hold,0,1.061000,0.000005145,0.000005380,0.010225240,0.010702816,0.071867500,0.215360776,0.012730000,0.071868838,0.215355890,0.012729100,0.163132424,-0.212337808,0.022708944,0.163134151,-0.212332713,0.022708905,0.434389014,0.051809093,0.032915981,-0.137166946,0.033891636,0.050202616,0.002516257,0.375296640,-0.093183465,-0.040828855,0.652423269,-0.022803398,-0.055227888,-0.026392632,-0.000005996,-0.000023137,-0.000402379,-0.000008077,0.000485244,0.000117073,0.000007152,-0.000009131,-0.000004837,0.000096620,0.300016390,-0.000157255,-0.000131240,-0.000006836,0.000284938,-0.048103386,-0.840615963,0.008575190,1.006511669,0.235732351,-0.000155658,0.000360564,-0.008814614,0.187638716,-0.002914460,-0.308661468,-0.260612323,-0.028959827
1070,1.070000,home_hold,0,1.071000,0.000005145,0.000005379,0.010225240,0.010702817,0.071867500,0.215360776,0.012730000,0.071868838,0.215355890,0.012729100,0.163132424,-0.212337808,0.022708944,0.163134150,-0.212332714,0.022708911,0.434388851,0.051809063,0.032915978,-0.137167079,0.033891640,0.050202591,0.002516256,0.375296420,-0.093183427,-0.040828860,0.652423407,-0.022803397,-0.055227876,-0.026392632,-0.000006055,-0.000023137,-0.000402366,-0.000008192,0.000485229,0.000117077,0.000007213,-0.000009213,-0.000004834,0.000096620,0.300016548,-0.000157253,-0.000131252,-0.000006760,0.000284936,-0.048103420,-0.840615974,0.008575190,1.006511701,0.235732163,-0.000155668,0.000360576,-0.008814618,0.187638471,-0.002914479,-0.308661232,-0.260612210,-0.028959828
1080,1.080000,home_hold,0,1.081000,0.000005145,0.000005378,0.010225239,0.010702818,0.071867500,0.215360776,0.012730000,0.071868838,0.215355891,0.012729099,0.163132424,-0.212337808,0.022708944,0.163134150,-0.212332715,0.022708916,0.434388688,0.051809033,0.032915976,-0.137167212,0.033891643,0.050202566,0.002516254,0.375296200,-0.093183389,-0.040828866,0.652423544,-0.022803395,-0.055227864,-0.026392633,-0.000006113,-0.000023138,-0.000402354,-0.000008307,0.000485215,0.000117081,0.000007273,-0.000009294,-0.000004831,0.000096620,0.300016706,-0.000157250,-0.000131264,-0.000006684,0.000284934,-0.048103454,-0.840615986,0.008575190,1.006511734,0.235731976,-0.000155678,0.000360588,-0.008814622,0.187638227,-0.002914498,-0.308660995,-0.260612097,-0.028959828
1090,1.090000,home_hold,0,1.091000,0.000005145,0.000005377,0.010225238,0.010702819,0.071867500,0.215360776,0.012730000,0.071868837,0.215355891,0.012729099,0.163132424,-0.212337808,0.022708944,0.163134149,-0.212332715,0.022708922,0.434388525,0.051809003,0.032915974,-0.137167345,0.033891647,0.050202541,0.002516253,0.375295981,-0.093183352,-0.040828872,0.652423682,-0.022803394,-0.055227852,-0.026392633,-0.000006171,-0.000023138,-0.000402341,-0.000008423,0.000485201,0.000117085,0.000007334,-0.000009376,-0.000004828,0.000096620,0.300016864,-0.000157248,-0.000131276,-0.000006608,0.000284931,-0.048103488,-0.840615997,0.008575190,1.006511766,0.235731788,-0.000155687,0.000360600,-0.008814626,0.187637983,-0.002914518,-0.308660759,-0.260611985,-0.028959829
1100,1.100000,home_hold,0,1.101000,0.000005144,0.000005376,0.010225237,0.010702820,0.071867500,0.215360776,0.012730000,0.071868837,0.215355891,0.012729099,0.163132424,-0.212337808,0.022708944,0.163134148,-0.212332716,0.022708927,0.434388362,0.051808973,0.032915971,-0.137167478,0.033891650,0.050202516,0.002516251,0.375295761,-0.093183315,-0.040828878,0.652423819,-0.022803393,-0.055227840,-0.026392633,-0.000006230,-0.000023138,-0.000402328,-0.000008538,0.000485186,0.000117089,0.000007394,-0.000009458,-0.000004826,0.000096621,0.300017022,-0.000157245,-0.000131288,-0.000006533,0.000284929,-0.048103523,-0.840616008,0.008575190,1.006511799,0.235731601,-0.000155697,0.000360612,-0.008814629,0.187637739,-0.002914537,-0.308660522,-0.260611873,-0.028959829
1110,1.110000,home_hold,0,1.111000,0.000005144,0.000005375,0.010225237,0.010702821,0.071867500,0.215360776,0.012730000,0.071868837,0.215355891,0.012729099,0.163132424,-0.212337808,0.022708944,0.163134148,-0.212332717,0.022708932,0.434388198,0.051808944,0.032915969,-0.137167611,0.033891653,0.050202492,0.002516250,0.375295543,-0.093183278,-0.040828883,0.652423955,-0.022803392,-0.055227828,-0.026392634,-0.000006288,-0.000023139,-0.000402315,-0.000008653,0.000485172,0.000117093,0.000007454,-0.000009539,-0.000004823,0.000096621,0.300017180,-0.000157243,-0.000131299,-0.000006457,0.000284927,-0.048103557,-0.840616020,0.008575191,1.006511831,0.235731414,-0.000155706,0.000360624,-0.008814633,0.187637496,-0.002914556,-0.308660286,-0.260611762,-0.028959830
1120,1.120000,home_hold,0,1.121000,0.000005144,0.000005375,0.010225236,0.010702822,0.071867500,0.215360776,0.012730000,0.071868837,0.215355891,0.012729098,0.163132424,-0.212337808,0.022708944,0.163134147,-0.212332717,0.022708938,0.434388035,0.051808914,0.032915967,-0.137167744,0.033891657,0.050202467,0.002516249,0.375295324,-0.093183242,-0.040828889,0.652424092,-0.022803391,-0.055227816,-0.026392634,-0.000006346,-0.000023139,-0.000402302,-0.000008768,0.000485158,0.000117097,0.000007514,-0.000009620,-0.000004820,0.000096621,0.300017338,-0.000157241,-0.000131310,-0.000006381,0.000284925,-0.048103592,-0.840616031,0.008575191,1.006511864,0.235731228,-0.000155715,0.000360636,-0.008814636,0.187637253,-0.002914575,-0.308660051,-0.260611651,-0.028959831
1130,1.130000,home_hold,0,1.131000,0.000005144,0.000005374,0.010225235,0.010702823,0.071867500,0.215360776,0.012730000,0.071868837,0.215355891,0.012729098,0.163132424,-0.212337808,0.022708944,0.163134146,-0.212332718,0.022708943,0.434387872,0.051808885,0.032915964,-0.137167877,0.033891660,0.050202442,0.002516247,0.375295106,-0.093183207,-0.040828895,0.652424228,-0.022803389,-0.055227804,-0.026392635,-0.000006405,-0.000023139,-0.000402289,-0.000008884,0.000485144,0.000117100,0.000007574,-0.000009701,-0.000004817,0.000096622,0.300017495,-0.000157239,-0.000131322,-0.000006306,0.000284923,-0.048103626,-0.840616043,0.008575191,1.006511896,0.235731041,-0.000155724,0.000360648,-0.008814639,0.187637010,-0.002914594,-0.308659815,-0.260611541,-0.028959832
1140,1.140000,home_hold,0,1.141000,0.000005144,0.000005373,0.010225234,0.010702824,0.071867500,0.215360776,0.012730000,0.071868837,0.215355892,0.012729098,0.163132424,-0.212337808,0.022708944,0.163134146,-0.212332718,0.022708949,0.434387708,0.051808856,0.032915962,-0.137168010,0.033891664,0.050202417,0.002516246,0.375294888,-0.093183172,-0.040828901,0.652424365,-0.022803388,-0.055227792,-0.026392635,-0.000006463,-0.000023140,-0.000402276,-0.000008999,0.000485130,0.000117104,0.000007634,-0.000009783,-0.000004815,0.000096622,0.300017652,-0.000157236,-0.000131332,-0.000006230,0.000284921,-0.048103660,-0.840616054,0.008575191,1.006511928,0.235730855,-0.000155733,0.000360660,-0.008814641,0.187636768,-0.002914613,-0.308659580,-0.260611432,-0.028959833
1150,1.150000,home_hold,0,1.151000,0.000005144,0.000005372,0.010225233,0.010702824,0.071867500,0.215360776,0.012730000,0.071868837,0.215355892,0.012729098,0.163132424,-0.212337808,0.022708944,0.163134145,-0.212332719,0.022708954,0.434387544,0.051808827,0.032915960,-0.137168142,0.033891667,0.050202393,0.002516245,0.375294670,-0.093183137,-0.040828907,0.652424501,-0.022803387,-0.055227780,-0.026392636,-0.000006522,-0.000023140,-0.000402264,-0.000009114,0.000485115,0.000117108,0.000007694,-0.000009863,-0.000004812,0.000096622,0.300017809,-0.000157234,-0.000131343,-0.000006154,0.000284919,-0.048103695,-0.840616065,0.008575192,1.006511961,0.235730669,-0.000155741,0.000360671,-0.008814644,0.187636526,-0.002914632,-0.308659345,-0.260611322,-0.028959834
1160,1.160000,home_hold,0,1.161000,0.000005143,0.000005372,0.010225232,0.010702825,0.071867500,0.215360776,0.012730000,0.071868837,0.215355892,0.012729098,0.163132424,-0.212337808,0.022708944,0.163134144,-0.212332720,0.022708959,0.434387381,0.051808798,0.032915957,-0.137168275,0.033891670,0.050202368,0.002516243,0.375294453,-0.093183102,-0.040828912,0.652424637,-0.022803386,-0.055227769,-0.026392636,-0.000006580,-0.000023140,-0.000402251,-0.000009229,0.000485101,0.000117111,0.000007753,-0.000009944,-0.000004810,0.000096622,0.300017965,-0.000157232,-0.000131354,-0.000006079,0.000284917,-0.048103730,-0.840616077,0.008575192,1.006511993,0.235730483,-0.000155750,0.000360683,-0.008814647,0.187636285,-0.002914651,-0.308659111,-0.260611214,-0.028959835
1170,1.170000,home_hold,0,1.171000,0.000005143,0.000005371,0.010225231,0.010702826,0.071867500,0.215360776,0.012730000,0.071868837,0.215355892,0.012729097,0.163132424,-0.212337808,0.022708944,0.163134143,-0.212332720,0.022708965,0.434387217,0.051808769,0.032915955,-0.137168408,0.033891674,0.050202343,0.002516242,0.375294236,-0.093183068,-0.040828918,0.652424773,-0.022803385,-0.055227757,-0.026392636,-0.000006639,-0.000023141,-0.000402238,-0.000009345,0.000485087,0.000117114,0.000007813,-0.000010025,-0.000004807,0.000096623,0.300018122,-0.000157230,-0.000131364,-0.000006003,0.000284915,-0.048103764,-0.840616088,0.008575192,1.006512025,0.235730297,-0.000155758,0.000360695,-0.008814649,0.187636044,-0.002914670,-0.308658876,-0.260611106,-0.028959836
1180,1.180000,home_hold,0,1.181000,0.000005143,0.000005370,0.010225230,0.010702826,0.071867500,0.215360776,0.012730000,0.071868836,0.215355892,0.012729097,0.163132424,-0.212337808,0.022708944,0.163134143,-0.212332721,0.022708970,0.434387053,0.051808740,0.032915953,-0.137168541,0.033891677,0.050202318,0.002516241,0.375294020,-0.093183034,-0.040828924,0.652424908,-0.022803383,-0.055227745,-0.026392637,-0.000006697,-0.000023141,-0.000402225,-0.000009460,0.000485073,0.000117118,0.000007873,-0.000010106,-0.000004805,0.000096623,0.300018278,-0.000157228,-0.000131374,-0.000005928,0.000284913,-0.048103799,-0.840616099,0.008575192,1.006512057,0.235730111,-0.000155766,0.000360707,-0.008814651,0.187635803,-0.002914689,-0.308658642,-0.260610998,-0.028959838
1190,1.190000,home_hold,0,1.191000,0.000005143,0.000005369,0.010225229,0.010702827,0.071867500,0.215360776,0.012730000,0.071868836,0.215355892,0.012729097,0.163132424,-0.212337808,0.022708944,0.163134142,-0.212332721,0.022708976,0.434386889,0.051808711,0.032915950,-0.137168674,0.033891681,0.050202294,0.002516239,0.375293804,-0.093183001,-0.040828930,0.652425044,-0.022803382,-0.055227734,-0.026392637,-0.000006756,-0.000023141,-0.000402212,-0.000009575,0.000485059,0.000117121,0.000007932,-0.000010186,-0.000004803,0.000096623,0.300018434,-0.000157226,-0.000131384,-0.000005853,0.000284911,-0.048103834,-0.840616111,0.008575192,1.006512089,0.235729926,-0.000155775,0.000360719,-0.008814653,0.187635562,-0.002914708,-0.308658408,-0.260610891,-0.028959839
1200,1.200000,home_hold,0,1.201000,0.000005143,0.000005369,0.010225228,0.010702827,0.071867500,0.215360776,0.012730000,0.071868836,0.215355893,0.012729097,0.163132424,-0.212337808,0.022708944,0.163134141,-0.212332722,0.022708981,0.434386725,0.051808683,0.032915948,-0.137168806,0.033891684,0.050202269,0.002516238,0.375293588,-0.093182968,-0.040828936,0.652425179,-0.022803381,-0.055227722,-0.026392638,-0.000006814,-0.000023141,-0.000402199,-0.000009690,0.000485045,0.000117124,0.000007992,-0.000010266,-0.000004800,0.000096624,0.300018589,-0.000157224,-0.000131394,-0.000005777,0.000284909,-0.048103869,-0.840616122,0.008575193,1.006512121,0.235729740,-0.000155783,0.000360730,-0.008814655,0.187635322,-0.002914727,-0.308658175,-0.260610784,-0.028959841
1210,1.210000,home_hold,0,1.211000,0.000005143,0.000005368,0.010225227,0.010702828,0.071867500,0.215360776,0.012730000,0.071868836,0.215355893,0.012729097,0.163132424,-0.212337808,0.022708944,0.163134141,-0.212332722,0.022708986,0.434386561,0.051808655,0.032915945,-0.137168939,0.033891688,0.050202244,0.002516237,0.375293372,-0.093182935,-0.040828942,0.652425314,-0.022803380,-0.055227710,-0.026392638,-0.000006873,-0.000023141,-0.000402186,-0.000009806,0.000485031,0.000117127,0.000008051,-0.000010347,-0.000004798,0.000096624,0.300018745,-0.000157222,-0.000131404,-0.000005702,0.000284907,-0.048103903,-0.840616134,0.008575193,1.006512153,0.235729555,-0.000155791,0.000360742,-0.008814657,0.187635082,-0.002914746,-0.308657941,-0.260610678,-0.028959842
1220,1.220000,home_hold,0,1.221000,0.000005143,0.000005367,0.010225226,0.010702828,0.071867500,0.215360776,0.012730000,0.071868836,0.215355893,0.012729096,0.163132424,-0.212337808,0.022708944,0.163134140,-0.212332723,0.022708992,0.434386397,0.051808626,0.032915943,-0.137169072,0.033891691,0.050202220,0.002516236,0.375293157,-0.093182903,-0.040828948,0.652425449,-0.022803379,-0.055227699,-0.026392639,-0.000006931,-0.000023141,-0.000402174,-0.000009921,0.000485017,0.000117130,0.000008111,-0.000010427,-0.000004796,0.000096624,0.300018900,-0.000157220,-0.000131414,-0.000005627,0.000284906,-0.048103938,-0.840616145,0.008575193,1.006512185,0.235729370,-0.000155799,0.000360754,-0.008814659,0.187634843,-0.002914765,-0.308657708,-0.260610572,-0.028959844
1230,1.230000,home_hold,0,1.231000,0.000005143,0.000005367,0.010225225,0.010702828,0.071867500,0.215360776,0.012730000,0.071868836,0.215355893,0.012729096,0.163132424,-0.212337808,0.022708944,0.163134139,-0.212332723,0.022708997,0.434386233,0.051808598,0.032915941,-0.137169204,0.033891694,0.050202195,0.002516235,0.375292942,-0.093182871,-0.040828954,0.652425583,-0.022803378,-0.055227687,-0.026392639,-0.000006990,-0.000023142,-0.000402161,-0.000010036,0.000485003,0.000117133,0.000008170,-0.000010507,-0.000004794,0.000096624,0.300019055,-0.000157219,-0.000131423,-0.000005552,0.000284904,-0.048103973,-0.840616156,0.008575193,1.006512217,0.235729185,-0.000155806,0.000360765,-0.008814661,0.187634604,-0.002914784,-0.308657476,-0.260610466,-0.028959846
1240,1.240000,home_hold,0,1.241000,0.000005142,0.000005366,0.010225224,0.010702829,0.071867500,0.215360776,0.012730000,0.071868836,0.215355893,0.012729096,0.163132424,-0.212337808,0.022708944,0.163134139,-0.212332723,0.022709002,0.434386068,0.051808570,0.032915938,-0.137169337,0.033891698,0.050202170,0.002516234,0.375292728,-0.093182839,-0.040828959,0.652425718,-0.022803377,-0.055227676,-0.026392640,-0.000007048,-0.000023142,-0.000402148,-0.000010151,0.000484989,0.000117136,0.000008229,-0.000010587,-0.000004792,0.000096625,0.300019210,-0.000157217,-0.000131433,-0.000005477,0.000284902,-0.048104008,-0.840616168,0.008575193,1.006512249,0.235729001,-0.000155814,0.000360777,-0.008814662,0.187634365,-0.002914802,-0.308657243,-0.260610361,-0.028959848
1250,1.250000,home_hold,0,1.251000,0.000005142,0.000005366,0.010225223,0.010702829,0.071867500,0.215360776,0.012730000,0.071868836,0.215355893,0.012729096,0.163132424,-0.212337808,0.022708944,0.163134138,-0.212332724,0.022709008,0.434385904,0.051808542,0.032915936,-0.137169470,0.033891701,0.050202146,0.002516232,0.375292514,-0.093182807,-0.040828965,0.652425852,-0.022803375,-0.055227664,-0.026392641,-0.000007107,-0.000023142,-0.000402135,-0.000010267,0.000484975,0.000117139,0.000008289,-0.000010666,-0.000004790,0.000096625,0.300019365,-0.000157215,-0.000131442,-0.000005402,0.000284900,-0.048104043,-0.840616179,0.008575194,1.006512281,0.235728816,-0.000155822,0.000360789,-0.008814663,0.187634126,-0.002914821,-0.308657011,-0.260610257,-0.028959849
1260,1.260000,home_hold,0,1.261000,0.000005142,0.000005365,0.010225222,0.010702829,0.071867500,0.215360776,0.012730000,0.071868836,0.215355893,0.012729095,0.163132424,-0.212337808,0.022708944,0.163134137,-0.212332724,0.022709013,0.434385740,0.051808514,0.032915933,-0.137169602,0.033891705,0.050202121,0.002516231,0.375292300,-0.093182776,-0.040828971,0.652425986,-0.022803374,-0.055227653,-0.026392641,-0.000007165,-0.000023142,-0.000402122,-0.000010382,0.000484961,0.000117141,0.000008348,-0.000010746,-0.000004788,0.000096625,0.300019519,-0.000157213,-0.000131451,-0.000005327,0.000284899,-0.048104078,-0.840616190,0.008575194,1.006512313,0.235728632,-0.000155829,0.000360800,-0.008814665,0.187633888,-0.002914840,-0.308656779,-0.260610153,-0.028959851
1270,1.270000,home_hold,0,1.271000,0.000005142,0.000005365,0.010225221,0.010702830,0.071867500,0.215360776,0.012730000,0.071868836,0.215355893,0.012729095,0.163132424,-0.212337808,0.022708944,0.163134137,-0.212332725,0.022709018,0.434385575,0.051808486,0.032915931,-0.137169735,0.033891708,0.050202096,0.002516230,0.375292086,-0.093182745,-0.040828977,0.652426120,-0.022803373,-0.055227641,-0.026392642,-0.000007224,-0.000023142,-0.000402109,-0.000010497,0.000484947,0.000117144,0.000008407,-0.000010826,-0.000004786,0.000096625,0.300019674,-0.000157211,-0.000131460,-0.000005252,0.000284897,-0.048104113,-0.840616202,0.008575194,1.006512345,0.235728448,-0.000155837,0.000360812,-0.008814666,0.187633651,-0.002914859,-0.308656547,-0.260610049,-0.028959853
1280,1.280000,home_hold,0,1.281000,0.000005142,0.000005364,0.010225220,0.010702830,0.071867500,0.215360776,0.012730000,0.071868835,0.215355893,0.012729095,0.163132424,-0.212337808,0.022708944,0.163134136,-0.212332725,0.022709024,0.434385411,0.051808459,0.032915929,-0.137169867,0.033891712,0.050202072,0.002516229,0.375291873,-0.093182715,-0.040828983,0.652426254,-0.022803372,-0.055227630,-0.026392642,-0.000007282,-0.000023142,-0.000402097,-0.000010612,0.000484933,0.000117146,0.000008466,-0.000010905,-0.000004784,0.000096626,0.300019828,-0.000157210,-0.000131468,-0.000005177,0.000284895,-0.048104149,-0.840616213,0.008575194,1.006512376,0.235728264,-0.000155844,0.000360823,-0.008814667,0.187633413,-0.002914877,-0.308656315,-0.260609946,-0.028959856
1290,1.290000,home_hold,0,1.291000,0.000005142,0.000005364,0.010225219,0.010702830,0.071867500,0.215360776,0.012730000,0.071868835,0.215355894,0.012729095,0.163132424,-0.212337808,0.022708944,0.163134135,-0.212332726,0.022709029,0.434385246,0.051808431,0.032915926,-0.137170000,0.033891715,0.050202047,0.002516228,0.375291660,-0.093182684,-0.040828989,0.652426388,-0.022803371,-0.055227619,-0.026392643,-0.000007341,-0.000023142,-0.000402084,-0.000010728,0.000484920,0.000117149,0.000008525,-0.000010984,-0.000004782,0.000096626,0.300019981,-0.000157208,-0.000131477,-0.000005102,0.000284894,-0.048104184,-0.840616224,0.008575194,1.006512408,0.235728080,-0.000155851,0.000360835,-0.008814668,0.187633176,-0.002914896,-0.308656084,-0.260609843,-0.028959858
1300,1.300000,home_hold,0,1.301000,0.000005142,0.000005363,0.010225218,0.010702830,0.071867500,0.215360776,0.012730000,0.071868835,0.215355894,0.012729095,0.163132424,-0.212337808,0.022708944,0.163134135,-0.212332726,0.022709034,0.434385081,0.051808404,0.032915924,-0.137170132,0.033891718,0.050202022,0.002516227,0.375291448,-0.093182654,-0.040828995,0.652426521,-0.022803370,-0.055227607,-0.026392644,-0.000007400,-0.000023142,-0.000402071,-0.000010843,0.000484906,0.000117151,0.000008584,-0.000011063,-0.000004780,0.000096626,0.300020135,-0.000157207,-0.000131486,-0.000005027,0.000284892,-0.048104219,-0.840616236,0.008575194,1.006512440,0.235727896,-0.000155858,0.000360846,-0.008814669,0.187632939,-0.002914915,-0.308655853,-0.260609740,-0.028959860
1310,1.310000,home_hold,0,1.311000,0.000005142,0.000005363,0.010225217,0.010702830,0.071867500,0.215360776,0.012730000,0.071868835,0.215355894,0.012729094,0.163132424,-0.212337808,0.022708944,0.163134134,-0.212332726,0.022709039,0.434384917,0.051808376,0.032915921,-0.137170265,0.033891722,0.050201998,0.002516226,0.375291235,-0.093182624,-0.040829001,0.652426655,-0.022803369,-0.055227596,-0.026392644,-0.000007458,-0.000023142,-0.000402058,-0.000010958,0.000484892,0.000117154,0.000008643,-0.000011143,-0.000004778,0.000096626,0.300020288,-0.000157205,-0.000131494,-0.000004952,0.000284890,-0.048104254,-0.840616247,0.008575195,1.006512472,0.235727712,-0.000155865,0.000360858,-0.008814670,0.187632703,-0.002914933,-0.308655623,-0.260609638,-0.028959862
1320,1.320000,home_hold,0,1.321000,0.000005142,0.000005362,0.010225216,0.010702831,0.071867500,0.215360776,0.012730000,0.071868835,0.215355894,0.012729094,0.163132424,-0.212337808,0.022708944,0.163134133,-0.212332727,0.022709045,0.434384752,0.051808349,0.032915919,-0.137170397,0.033891725,0.050201973,0.002516225,0.375291024,-0.093182595,-0.040829007,0.652426788,-0.022803368,-0.055227585,-0.026392645,-0.000007517,-0.000023142,-0.000402045,-0.000011074,0.000484878,0.000117156,0.000008702,-0.000011222,-0.000004776,0.000096627,0.300020442,-0.000157203,-0.000131502,-0.000004878,0.000284889,-0.048104289,-0.840616258,0.008575195,1.006512503,0.235727529,-0.000155872,0.000360869,-0.008814670,0.187632467,-0.002914952,-0.308655392,-0.260609536,-0.028959865
1330,1.330000,home_hold,0,1.331000,0.000005142,0.000005362,0.010225215,0.010702831,0.071867500,0.215360776,0.012730000,0.071868835,0.215355894,0.012729094,0.163132424,-0.212337808,0.022708944,0.163134133,-0.212332727,0.022709050,0.434384587,0.051808322,0.032915916,-0.137170530,0.033891729,0.050201949,0.002516224,0.375290812,-0.093182565,-0.040829013,0.652426921,-0.022803367,-0.055227574,-0.026392646,-0.000007576,-0.000023142,-0.000402032,-0.000011189,0.000484864,0.000117158,0.000008760,-0.000011300,-0.000004774,0.000096627,0.300020595,-0.000157202,-0.000131511,-0.000004803,0.000284887,-0.048104325,-0.840616270,0.008575195,1.006512535,0.235727345,-0.000155879,0.000360881,-0.008814671,0.187632231,-0.002914970,-0.308655162,-0.260609435,-0.028959867
1340,1.340000,home_hold,0,1.341000,0.000005142,0.000005361,0.010225214,0.010702831,0.071867500,0.215360776,0.012730000,0.071868835,0.215355894,0.012729094,0.163132424,-0.212337808,0.022708944,0.163134132,-0.212332727,0.022709055,0.434384422,0.051808294,0.032915914,-0.137170662,0.033891732,0.050201924,0.002516223,0.375290601,-0.093182536,-0.040829019,0.652427053,-0.022803365,-0.055227563,-0.026392646,-0.000007634,-0.000023142,-0.000402020,-0.000011304,0.000484851,0.000117160,0.000008819,-0.000011379,-0.000004773,0.000096627,0.300020747,-0.000157200,-0.000131519,-0.000004729,0.000284886,-0.048104360,-0.840616281,0.008575195,1.006512567,0.235727162,-0.000155886,0.000360892,-0.008814672,0.187631995,-0.002914989,-0.308654932,-0.260609334,-0.028959870
1350,1.350000,home_hold,0,1.351000,0.000005142,0.000005361,0.010225213,0.010702831,0.071867500,0.215360776,0.012730000,0.071868835,0.215355894,0.012729094,0.163132424,-0.212337808,0.022708944,0.163134131,-0.212332728,0.022709061,0.434384257,0.051808267,0.032915911,-0.137170795,0.033891736,0.050201899,0.002516222,0.375290390,-0.093182507,-0.040829024,0.652427186,-0.022803364,-0.055227551,-0.026392647,-0.000007693,-0.000023142,-0.000402007,-0.000011419,0.000484837,0.000117162,0.000008878,-0.000011458,-0.000004771,0.000096627,0.300020900,-0.000157199,-0.000131527,-0.000004654,0.000284884,-0.048104395,-0.840616292,0.008575195,1.006512598,0.235726979,-0.000155892,0.000360903,-0.008814672,0.187631760,-0.002915007,-0.308654703,-0.260609233,-0.028959872
1360,1.360000,home_hold,0,1.361000,0.000005142,0.000005361,0.010225211,0.010702831,0.071867500,0.215360776,0.012730000,0.071868835,0.215355894,0.012729093,0.163132424,-0.212337808,0.022708944,0.163134131,-0.212332728,0.022709066,0.434384092,0.051808240,0.032915909,-0.137170927,0.033891739,0.050201875,0.002516221,0.375290179,-0.093182479,-0.040829030,0.652427318,-0.022803363,-0.055227540,-0.026392648,-0.000007752,-0.000023142,-0.000401994,-0.000011535,0.000484823,0.000117164,0.000008937,-0.000011536,-0.000004769,0.000096628,0.300021052,-0.000157197,-0.000131534,-0.000004580,0.000284883,-0.048104431,-0.840616304,0.008575195,1.006512630,0.235726796,-0.000155899,0.000360915,-0.008814672,0.187631525,-0.002915026,-0.308654473,-0.260609133,-0.028959875
1370,1.370000,home_hold,0,1.371000,0.000005141,0.000005360,0.010225210,0.010702831,0.071867500,0.215360776,0.012730000,0.071868835,0.215355894,0.012729093,0.163132424,-0.212337808,0.022708944,0.163134130,-0.212332728,0.022709071,0.434383927,0.051808213,0.032915906,-0.137171059,0.033891742,0.050201850,0.002516220,0.375289969,-0.093182450,-0.040829036,0.652427451,-0.022803362,-0.055227529,-0.026392648,-0.000007810,-0.000023142,-0.000401981,-0.000011650,0.000484810,0.000117167,0.000008995,-0.000011615,-0.000004768,0.000096628,0.300021204,-0.000157196,-0.000131542,-0.000004505,0.000284881,-0.048104466,-0.840616315,0.008575196,1.006512661,0.235726613,-0.000155905,0.000360926,-0.008814673,0.187631291,-0.002915044,-0.308654244,-0.260609033,-0.028959877
1380,1.380000,home_hold,0,1.381000,0.000005141,0.000005360,0.010225209,0.010702831,0.071867500,0.215360776,0.012730000,0.071868835,0.215355894,0.012729093,0.163132424,-0.212337808,0.022708944,0.163134129,-0.212332729,0.022709076,0.434383762,0.051808186,0.032915904,-0.137171192,0.033891746,0.050201826,0.002516219,0.375289759,-0.093182422,-0.040829042,0.652427583,-0.022803361,-0.055227518,-0.026392649,-0.000007869,-0.000023142,-0.000401968,-0.000011765,0.000484796,0.000117168,0.000009054,-0.000011693,-0.000004766,0.000096628,0.300021356,-0.000157194,-0.000131550,-0.000004431,0.000284880,-0.048104502,-0.840616326,0.008575196,1.006512693,0.235726430,-0.000155912,0.000360937,-0.008814673,0.187631057,-0.002915063,-0.308654015,-0.260608933,-0.028959880
1390,1.390000,home_hold,0,1.391000,0.000005141,0.000005359,0.010225208,0.010702831,0.071867500,0.215360776,0.012730000,0.071868835,0.215355895,0.012729093,0.163132424,-0.212337808,0.022708944,0.163134128,-0.212332729,0.022709081,0.434383597,0.051808160,0.032915902,-0.137171324,0.033891749,0.050201801,0.002516218,0.375289549,-0.093182394,-0.040829048,0.652427714,-0.022803360,-0.055227507,-0.026392650,-0.000007928,-0.000023142,-0.000401955,-0.000011880,0.000484782,0.000117170,0.000009112,-0.000011771,-0.000004765,0.000096628,0.300021508,-0.000157193,-0.000131557,-0.000004357,0.000284878,-0.048104537,-0.840616338,0.008575196,1.006512724,0.235726247,-0.000155918,0.000360948,-0.008814673,0.187630823,-0.002915081,-0.308653787,-0.260608834,-0.028959883
1400,1.400000,home_hold,0,1.401000,0.000005141,0.000005359,0.010225207,0.010702831,0.071867500,0.215360776,0.012730000,0.071868835,0.215355895,0.012729093,0.163132424,-0.212337808,0.022708944,0.163134128,-0.212332729,0.022709087,0.434383432,0.051808133,0.032915899,-0.137171456,0.033891753,0.050201777,0.002516217,0.375289340,-0.093182366,-0.040829054,0.652427846,-0.022803359,-0.055227496,-0.026392650,-0.000007986,-0.000023141,-0.000401942,-0.000011996,0.000484769,0.000117172,0.000009171,-0.000011849,-0.000004763,0.000096629,0.300021659,-0.000157192,-0.000131565,-0.000004283,0.000284877,-0.048104573,-0.840616349,0.008575196,1.006512756,0.235726065,-0.000155924,0.000360960,-0.008814673,0.187630589,-0.002915099,-0.308653559,-0.260608735,-0.028959886
1410,1.410000,home_hold,0,1.411000,0.000005141,0.000005359,0.010225206,0.010702830,0.071867500,0.215360776,0.012730000,0.071868835,0.215355895,0.012729092,0.163132424,-0.212337808,0.022708944,0.163134127,-0.212332729,0.022709092,0.434383267,0.051808106,0.032915897,-0.137171589,0.033891756,0.050201752,0.002516216,0.375289131,-0.093182339,-0.040829060,0.652427978,-0.022803358,-0.055227485,-0.026392651,-0.000008045,-0.000023141,-0.000401930,-0.000012111,0.000484755,0.000117174,0.000009229,-0.000011927,-0.000004762,0.000096629,0.300021811,-0.000157190,-0.000131572,-0.000004208,0.000284876,-0.048104608,-0.840616360,0.008575196,1.006512787,0.235725882,-0.000155931,0.000360971,-0.008814673,0.187630356,-0.002915118,-0.308653331,-0.260608636,-0.028959889
1420,1.420000,home_hold,0,1.421000,0.000005141,0.000005358,0.010225205,0.010702830,0.071867500,0.215360776,0.012730000,0.071868835,0.215355895,0.012729092,0.163132424,-0.212337808,0.022708944,0.163134126,-0.212332730,0.022709097,0.434383101,0.051808080,0.032915894,-0.137171721,0.033891760,0.050201727,0.002516215,0.375288922,-0.093182311,-0.040829066,0.652428109,-0.022803357,-0.055227474,-0.026392652,-0.000008104,-0.000023141,-0.000401917,-0.000012226,0.000484741,0.000117176,0.000009288,-0.000012005,-0.000004760,0.000096629,0.300021962,-0.000157189,-0.000131579,-0.000004134,0.000284874,-0.048104644,-0.840616372,0.008575197,1.006512819,0.235725700,-0.000155937,0.000360982,-0.008814673,0.187630123,-0.002915136,-0.308653103,-0.260608538,-0.028959892
1430,1.430000,home_hold,0,1.431000,0.000005141,0.000005358,0.010225203,0.010702830,0.071867500,0.215360776,0.012730000,0.071868834,0.215355895,0.012729092,0.163132424,-0.212337808,0.022708944,0.163134126,-0.212332730,0.022709102,0.434382936,0.051808053,0.032915892,-0.137171853,0.033891763,0.050201703,0.002516215,0.375288713,-0.093182284,-0.040829072,0.652428240,-0.022803356,-0.055227463,-0.026392653,-0.000008162,-0.000023141,-0.000401904,-0.000012342,0.000484728,0.000117177,0.000009346,-0.000012083,-0.000004759,0.000096629,0.300022113,-0.000157188,-0.000131586,-0.000004060,0.000284873,-0.048104679,-0.840616383,0.008575197,1.006512850,0.235725518,-0.000155943,0.000360993,-0.008814673,0.187629891,-0.002915154,-0.308652876,-0.260608440,-0.028959895
1440,1.440000,home_hold,0,1.441000,0.000005141,0.000005358,0.010225202,0.010702830,0.071867500,0.215360776,0.012730000,0.071868834,0.215355895,0.012729092,0.163132424,-0.212337808,0.022708944,0.163134125,-0.212332730,0.022709108,0.434382771,0.051808027,0.032915889,-0.137171986,0.033891766,0.050201678,0.002516214,0.375288505,-0.093182257,-0.040829078,0.652428371,-0.022803355,-0.055227452,-0.026392653,-0.000008221,-0.000023141,-0.000401891,-0.000012457,0.000484714,0.000117179,0.000009404,-0.000012160,-0.000004757,0.000096630,0.300022263,-0.000157186,-0.000131593,-0.000003987,0.000284871,-0.048104715,-0.840616394,0.008575197,1.006512881,0.235725336,-0.000155949,0.000361004,-0.008814673,0.187629659,-0.002915173,-0.308652649,-0.260608342,-0.028959898
1450,1.450000,home_hold,0,1.451000,0.000005141,0.000005358,0.010225201,0.010702830,0.071867500,0.215360776,0.012730000,0.071868834,0.215355895,0.012729091,0.163132424,-0.212337808,0.022708944,0.163134124,-0.212332730,0.022709113,0.434382605,0.051808000,0.032915887,-0.137172118,0.033891770,0.050201654,0.002516213,0.375288297,-0.093182230,-0.040829084,0.652428502,-0.022803354,-0.055227441,-0.026392654,-0.000008280,-0.000023141,-0.000401878,-0.000012572,0.000484701,0.000117181,0.000009463,-0.000012238,-0.000004756,0.000096630,0.300022414,-0.000157185,-0.000131600,-0.000003913,0.000284870,-0.048104751,-0.840616406,0.008575197,1.006512913,0.235725154,-0.000155955,0.000361016,-0.008814672,0.187629427,-0.002915191,-0.308652422,-0.260608245,-0.028959901
1460,1.460000,home_hold,0,1.461000,0.000005141,0.000005357,0.010225200,0.010702830,0.071867500,0.215360776,0.012730000,0.071868834,0.215355895,0.012729091,0.163132424,-0.212337808,0.022708944,0.163134124,-0.212332731,0.022709118,0.434382440,0.051807974,0.032915884,-0.137172250,0.033891773,0.050201629,0.002516212,0.375288090,-0.093182203,-0.040829090,0.652428633,-0.022803353,-0.055227430,-0.026392655,-0.000008339,-0.000023141,-0.000401865,-0.000012687,0.000484687,0.000117182,0.000009521,-0.000012315,-0.000004755,0.000096630,0.300022564,-0.000157184,-0.000131607,-0.000003839,0.000284869,-0.048104786,-0.840616417,0.008575197,1.006512944,0.235724972,-0.000155960,0.000361027,-0.008814672,0.187629195,-0.002915209,-0.308652195,-0.260608148,-0.028959904
1470,1.470000,home_hold,0,1.471000,0.000005141,0.000005357,0.010225199,0.010702829,0.071867500,0.215360776,0.012730000,0.071868834,0.215355895,0.012729091,0.163132424,-0.212337808,0.022708944,0.163134123,-0.212332731,0.022709123,0.434382274,0.051807947,0.032915882,-0.137172382,0.033891777,0.050201605,0.002516211,0.375287883,-0.093182177,-0.040829096,0.652428763,-0.022803352,-0.055227420,-0.026392656,-0.000008398,-0.000023140,-0.000401853,-0.000012803,0.000484674,0.000117184,0.000009579,-0.000012392,-0.000004753,0.000096630,0.300022714,-0.000157183,-0.000131614,-0.000003765,0.000284867,-0.048104822,-0.840616428,0.008575197,1.006512975,0.235724790,-0.000155966,0.000361038,-0.008814672,0.187628964,-0.002915227,-0.308651969,-0.260608051,-0.028959907
1480,1.480000,home_hold,0,1.481000,0.000005141,0.000005357,0.010225197,0.010702829,0.071867500,0.215360776,0.012730000,0.071868834,0.215355895,0.012729091,0.163132424,-0.212337808,0.022708944,0.163134122,-0.212332731,0.022709128,0.434382109,0.051807921,0.032915879,-0.137172515,0.033891780,0.050201580,0.002516210,0.375287676,-0.093182151,-0.040829102,0.652428894,-0.022803351,-0.055227409,-0.026392656,-0.000008456,-0.000023140,-0.000401840,-0.000012918,0.000484660,0.000117185,0.000009637,-0.000012469,-0.000004752,0.000096630,0.300022864,-0.000157182,-0.000131621,-0.000003692,0.000284866,-0.048104858,-0.840616440,0.008575197,1.006513006,0.235724608,-0.000155972,0.000361049,-0.008814671,0.187628733,-0.002915245,-0.308651743,-0.260607955,-0.028959910
1490,1.490000,home_hold,0,1.491000,0.000005141,0.000005357,0.010225196,0.010702829,0.071867500,0.215360776,0.012730000,0.071868834,0.215355895,0.012729091,0.163132424,-0.212337808,0.022708944,0.163134122,-0.212332731,0.022709133,0.434381943,0.051807895,0.032915877,-0.137172647,0.033891784,0.050201556,0.002516209,0.375287469,-0.093182125,-0.040829108,0.652429024,-0.022803350,-0.055227398,-0.026392657,-0.000008515,-0.000023140,-0.000401827,-0.000013033,0.000484647,0.000117187,0.000009695,-0.000012546,-0.000004751,0.000096631,0.300023014,-0.000157180,-0.000131627,-0.000003618,0.000284865,-0.048104893,-0.840616451,0.008575198,1.006513038,0.235724426,-0.000155978,0.000361060,-0.008814671,0.187628503,-0.002915264,-0.308651517,-0.260607859,-0.028959914
1500,1.500000,home_hold,0,1.501000,0.000005141,0.000005356,0.010225195,0.010702829,0.071867500,0.215360776,0.012730000,0.071868834,0.215355895,0.012729090,0.163132424,-0.212337808,0.022708944,0.163134121,-0.212332732,0.022709139,0.434381777,0.051807869,0.032915874,-0.137172779,0.033891787,0.050201531,0.002516209,0.375287263,-0.093182099,-0.040829114,0.652429154,-0.022803348,-0.055227387,-0.026392658,-0.000008574,-0.000023140,-0.000401814,-0.000013149,0.000484633,0.000117188,0.000009753,-0.000012623,-0.000004749,0.000096631,0.300023163,-0.000157179,-0.000131634,-0.000003544,0.000284864,-0.048104929,-0.840616462,0.008575198,1.006513069,0.235724245,-0.000155983,0.000361071,-0.008814670,0.187628272,-0.002915282,-0.308651292,-0.260607763,-0.028959917
1510,1.510000,home_hold,0,1.511000,0.000005141,0.000005356,0.010225194,0.010702828,0.071867500,0.215360776,0.012730000,0.071868834,0.215355895,0.012729090,0.163132424,-0.212337808,0.022708944,0.163134120,-0.212332732,0.022709144,0.434381612,0.051807843,0.032915872,-0.137172911,0.033891791,0.050201507,0.002516208,0.375287057,-0.093182073,-0.040829120,0.652429283,-0.022803347,-0.055227376,-0.026392659,-0.000008633,-0.000023140,-0.000401801,-0.000013264,0.000484620,0.000117189,0.000009811,-0.000012700,-0.000004748,0.000096631,0.300023312,-0.000157178,-0.000131640,-0.000003471,0.000284862,-0.048104965,-0.840616474,0.008575198,1.006513100,0.235724063,-0.000155989,0.000361082,-0.008814670,0.187628042,-0.002915300,-0.308651067,-0.260607667,-0.028959920
1520,1.520000,home_hold,0,1.521000,0.000005141,0.000005356,0.010225192,0.010702828,0.071867500,0.215360776,0.012730000,0.071868834,0.215355895,0.012729090,0.163132424,-0.212337808,0.022708944,0.163134120,-0.212332732,0.022709149,0.434381446,0.051807817,0.032915869,-0.137173044,0.033891794,0.050201482,0.002516207,0.375286851,-0.093182047,-0.040829125,0.652429413,-0.022803346,-0.055227366,-0.026392660,-0.000008691,-0.000023139,-0.000401788,-0.000013379,0.000484606,0.000117191,0.000009870,-0.000012777,-0.000004747,0.000096631,0.300023461,-0.000157177,-0.000131646,-0.000003398,0.000284861,-0.048105001,-0.840616485,0.008575198,1.006513131,0.235723882,-0.000155994,0.000361093,-0.008814669,0.187627813,-0.002915318,-0.308650842,-0.260607572,-0.028959924
1530,1.530000,home_hold,0,1.531000,0.000005141,0.000005356,0.010225191,0.010702828,0.071867500,0.215360776,0.012730000,0.071868834,0.215355895,0.012729090,0.163132424,-0.212337808,0.022708944,0.163134119,-0.212332732,0.022709154,0.434381280,0.051807791,0.032915867,-0.137173176,0.033891797,0.050201458,0.002516206,0.375286646,-0.093182022,-0.040829131,0.652429542,-0.022803345,-0.055227355,-0.026392660,-0.000008750,-0.000023139,-0.000401776,-0.000013495,0.000484593,0.000117192,0.000009928,-0.000012854,-0.000004746,0.000096632,0.300023610,-0.000157176,-0.000131653,-0.000003324,0.000284860,-0.048105037,-0.840616496,0.008575198,1.006513163,0.235723700,-0.000156000,0.000361104,-0.008814668,0.187627583,-0.002915336,-0.308650617,-0.260607477,-0.028959927
1540,1.540000,home_hold,0,1.541000,0.000005141,0.000005355,0.010225190,0.010702827,0.071867500,0.215360776,0.012730000,0.071868834,0.215355896,0.012729090,0.163132424,-0.212337808,0.022708944,0.163134118,-0.212332732,0.022709159,0.434381115,0.051807765,0.032915864,-0.137173308,0.033891801,0.050201433,0.002516206,0.375286441,-0.093181996,-0.040829137,0.652429672,-0.022803344,-0.055227344,-0.026392661,-0.000008809,-0.000023139,-0.000401763,-0.000013610,0.000484579,0.000117193,0.000009985,-0.000012930,-0.000004744,0.000096632,0.300023759,-0.000157175,-0.000131659,-0.000003251,0.000284859,-0.048105072,-0.840616508,0.008575198,1.006513194,0.235723519,-0.000156005,0.000361115,-0.008814667,0.187627354,-0.002915354,-0.308650393,-0.260607382,-0.028959931
1550,1.550000,home_hold,0,1.551000,0.000005141,0.000005355,0.010225189,0.010702827,0.071867500,0.215360776,0.012730000,0.071868834,0.215355896,0.012729089,0.163132424,-0.212337808,0.022708944,0.163134118,-0.212332733,0.022709164,0.434380949,0.051807739,0.032915862,-0.137173440,0.033891804,0.050201409,0.002516205,0.375286236,-0.093181971,-0.040829143,0.652429801,-0.022803343,-0.055227334,-0.026392662,-0.000008868,-0.000023139,-0.000401750,-0.000013725,0.000484566,0.000117194,0.000010043,-0.000013006,-0.000004743,0.000096632,0.300023907,-0.000157174,-0.000131665,-0.000003178,0.000284857,-0.048105108,-0.840616519,0.008575199,1.006513225,0.235723338,-0.000156010,0.000361125,-0.008814667,0.187627126,-0.002915372,-0.308650169,-0.260607288,-0.028959934
1560,1.560000,home_hold,0,1.561000,0.000005141,0.000005355,0.010225187,0.010702827,0.071867500,0.215360776,0.012730000,0.071868834,0.215355896,0.012729089,0.163132424,-0.212337808,0.022708944,0.163134117,-0.212332733,0.022709169,0.434380783,0.051807713,0.032915859,-0.137173572,0.033891808,0.050201384,0.002516204,0.375286032,-0.093181946,-0.040829149,0.652429930,-0.022803342,-0.055227323,-0.026392663,-0.000008927,-0.000023138,-0.000401737,-0.000013840,0.000484553,0.000117195,0.000010101,-0.000013083,-0.000004742,0.000096632,0.300024055,-0.000157173,-0.000131671,-0.000003105,0.000284856,-0.048105144,-0.840616530,0.008575199,1.006513256,0.235723157,-0.000156015,0.000361136,-0.008814666,0.187626897,-0.002915390,-0.308649945,-0.260607194,-0.028959938
1570,1.570000,home_hold,0,1.571000,0.000005141,0.000005355,0.010225186,0.010702826,0.071867500,0.215360776,0.012730000,0.071868834,0.215355896,0.012729089,0.163132424,-0.212337808,0.022708944,0.163134117,-0.212332733,0.022709174,0.434380617,0.051807687,0.032915857,-0.137173704,0.033891811,0.050201360,0.002516203,0.375285828,-0.093181921,-0.040829155,0.652430059,-0.022803341,-0.055227312,-0.026392664,-0.000008986,-0.000023138,-0.000401724,-0.000013956,0.000484539,0.000117196,0.000010159,-0.000013159,-0.000004741,0.000096633,0.300024203,-0.000157172,-0.000131677,-0.000003032,0.000284855,-0.048105180,-0.840616542,0.008575199,1.006513287,0.235722976,-0.000156021,0.000361147,-0.008814665,0.187626669,-0.002915408,-0.308649722,-0.260607100,-0.028959941
1580,1.580000,home_hold,0,1.581000,0.000005141,0.000005355,0.010225185,0.010702826,0.071867500,0.215360776,0.012730000,0.071868834,0.215355896,0.012729089,0.163132424,-0.212337808,0.022708944,0.163134116,-0.212332733,0.022709180,0.434380451,0.051807662,0.032915854,-0.137173837,0.033891815,0.050201336,0.002516203,0.375285624,-0.093181897,-0.040829161,0.652430187,-0.022803340,-0.055227302,-0.026392665,-0.000009044,-0.000023138,-0.000401712,-0.000014071,0.000484526,0.000117198,0.000010217,-0.000013235,-0.000004740,0.000096633,0.300024351,-0.000157171,-0.000131683,-0.000002959,0.000284854,-0.048105216,-0.840616553,0.008575199,1.006513318,0.235722795,-0.000156026,0.000361158,-0.008814664,0.187626442,-0.002915426,-0.308649499,-0.260607006,-0.028959945
1590,1.590000,home_hold,0,1.591000,0.000005141,0.000005355,0.010225184,0.010702826,0.071867500,0.215360776,0.012730000,0.071868834,0.215355896,0.012729089,0.163132424,-0.212337808,0.022708944,0.163134115,-0.212332733,0.022709185,0.434380285,0.051807636,0.032915851,-0.137173969,0.033891818,0.050201311,0.002516202,0.375285420,-0.093181872,-0.040829167,0.652430316,-0.022803339,-0.055227291,-0.026392665,-0.000009103,-0.000023138,-0.000401699,-0.000014186,0.000484512,0.000117199,0.000010275,-0.000013311,-0.000004739,0.000096633,0.300024499,-0.000157170,-0.000131689,-0.000002886,0.000284853,-0.048105252,-0.840616564,0.008575199,1.006513349,0.235722614,-0.000156031,0.000361169,-0.008814663,0.187626214,-0.002915444,-0.308649276,-0.260606913,-0.028959949
1600,1.600000,home_hold,0,1.601000,0.000005141,0.000005355,0.010225182,0.010702825,0.071867500,0.215360776,0.012730000,0.071868834,0.215355896,0.012729088,0.163132424,-0.212337808,0.022708944,0.163134115,-0.212332733,0.022709190,0.434380119,0.051807610,0.032915849,-0.137174101,0.033891821,0.050201287,0.002516201,0.375285217,-0.093181848,-0.040829173,0.652430444,-0.022803338,-0.055227281,-0.026392666,-0.000009162,-0.000023137,-0.000401686,-0.000014302,0.000484499,0.000117200,0.000010333,-0.000013387,-0.000004738,0.000096633,0.300024646,-0.000157169,-0.000131694,-0.000002813,0.000284852,-0.048105288,-0.840616575,0.008575199,1.006513380,0.235722433,-0.000156036,0.000361180,-0.008814662,0.187625987,-0.002915461,-0.308649053,-0.260606820,-0.028959952
1610,1.610000,home_hold,0,1.611000,0.000005141,0.000005354,0.010225181,0.010702825,0.071867500,0.215360776,0.012730000,0.071868834,0.215355896,0.012729088,0.163132424,-0.212337808,0.022708944,0.163134114,-0.212332734,0.022709195,0.434379953,0.051807585,0.032915846,-0.137174233,0.033891825,0.050201262,0.002516200,0.375285014,-0.093181823,-0.040829179,0.652430572,-0.022803337,-0.055227270,-0.026392667,-0.000009221,-0.000023137,-0.000401673,-0.000014417,0.000484486,0.000117201,0.000010390,-0.000013463,-0.000004737,0.000096633,0.300024793,-0.000157168,-0.000131700,-0.000002740,0.000284851,-0.048105324,-0.840616587,0.008575200,1.006513411,0.235722252,-0.000156041,0.000361190,-0.008814661,0.187625761,-0.002915479,-0.308648831,-0.260606727,-0.028959956
1620,1.620000,home_hold,0,1.621000,0.000005141,0.000005354,0.010225180,0.010702825,0.071867500,0.215360776,0.012730000,0.071868834,0.215355896,0.012729088,0.163132424,-0.212337808,0.022708944,0.163134113,-0.212332734,0.022709200,0.434379787,0.051807559,0.032915844,-0.137174365,0.033891828,0.050201238,0.002516200,0.375284811,-0.093181799,-0.040829185,0.652430700,-0.022803336,-0.055227260,-0.026392668,-0.000009280,-0.000023137,-0.000401660,-0.000014532,0.000484472,0.000117201,0.000010448,-0.000013538,-0.000004736,0.000096634,0.300024940,-0.000157167,-0.000131706,-0.000002668,0.000284849,-0.048105360,-0.840616598,0.008575200,1.006513442,0.235722072,-0.000156046,0.000361201,-0.008814660,0.187625534,-0.002915497,-0.308648609,-0.260606634,-0.028959960
1630,1.630000,home_hold,0,1.631000,0.000005141,0.000005354,0.010225179,0.010702824,0.071867500,0.215360776,0.012730000,0.071868833,0.215355896,0.012729088,0.163132424,-0.212337808,0.022708944,0.163134113,-0.212332734,0.022709205,0.434379621,0.051807533,0.032915841,-0.137174497,0.033891832,0.050201213,0.002516199,0.375284609,-0.093181775,-0.040829191,0.652430828,-0.022803335,-0.055227249,-0.026392669,-0.000009339,-0.000023136,-0.000401647,-0.000014648,0.000484459,0.000117202,0.000010506,-0.000013614,-0.000004735,0.000096634,0.300025087,-0.000157166,-0.000131711,-0.000002595,0.000284848,-0.048105396,-0.840616609,0.008575200,1.006513473,0.235721891,-0.000156051,0.000361212,-0.008814659,0.187625308,-0.002915515,-0.308648387,-0.260606542,-0.028959964
1640,1.640000,home_hold,0,1.641000,0.000005141,0.000005354,0.010225177,0.010702824,0.071867500,0.215360776,0.012730000,0.071868833,0.215355896,0.012729088,0.163132424,-0.212337808,0.022708944,0.163134112,-0.212332734,0.022709210,0.434379455,0.051807508,0.032915839,-0.137174629,0.033891835,0.050201189,0.002516198,0.375284407,-0.093181751,-0.040829197,0.652430955,-0.022803334,-0.055227239,-0.026392670,-0.000009398,-0.000023136,-0.000401635,-0.000014763,0.000484446,0.000117203,0.000010564,-0.000013689,-0.000004734,0.000096634,0.300025233,-0.000157165,-0.000131717,-0.000002523,0.000284847,-0.048105432,-0.840616621,0.008575200,1.006513504,0.235721711,-0.000156056,0.000361223,-0.008814658,0.187625082,-0.002915533,-0.308648166,-0.260606450,-0.028959968
1650,1.650000,home_hold,0,1.651000,0.000005141,0.000005354,0.010225176,0.010702823,0.071867500,0.215360776,0.012730000,0.071868833,0.215355896,0.012729087,0.163132424,-0.212337808,0.022708944,0.163134111,-0.212332734,0.022709215,0.434379289,0.051807482,0.032915836,-0.137174761,0.033891839,0.050201164,0.002516198,0.375284205,-0.093181727,-0.040829203,0.652431082,-0.022803333,-0.055227228,-0.026392671,-0.000009457,-0.000023136,-0.000401622,-0.000014878,0.000484432,0.000117204,0.000010621,-0.000013764,-0.000004733,0.000096634,0.300025380,-0.000157164,-0.000131722,-0.000002450,0.000284846,-0.048105468,-0.840616632,0.008575200,1.006513535,0.235721530,-0.000156060,0.000361233,-0.008814656,0.187624857,-0.002915550,-0.308647944,-0.260606358,-0.028959972
1660,1.660000,home_hold,0,1.661000,0.000005141,0.000005354,0.010225175,0.010702823,0.071867500,0.215360776,0.012730000,0.071868833,0.215355896,0.012729087,0.163132424,-0.212337808,0.022708944,0.163134111,-0.212332734,0.022709220,0.434379123,0.051807457,0.032915834,-0.137174893,0.033891842,0.050201140,0.002516197,0.375284004,-0.093181703,-0.040829208,0.652431210,-0.022803332,-0.055227218,-0.026392672,-0.000009515,-0.000023135,-0.000401609,-0.000014994,0.000484419,0.000117205,0.000010679,-0.000013840,-0.000004732,0.000096635,0.300025526,-0.000157163,-0.000131727,-0.000002378,0.000284845,-0.048105504,-0.840616643,0.008575200,1.006513566,0.235721350,-0.000156065,0.000361244,-0.008814655,0.187624631,-0.002915568,-0.308647724,-0.260606266,-0.028959975
1670,1.670000,home_hold,0,1.671000,0.000005141,0.000005354,0.010225173,0.010702822,0.071867500,0.215360776,0.012730000,0.071868833,0.215355896,0.012729087,0.163132424,-0.212337808,0.022708944,0.163134110,-0.212332734,0.022709225,0.434378957,0.051807432,0.032915831,-0.137175025,0.033891846,0.050201116,0.002516196,0.375283803,-0.093181680,-0.040829214,0.652431337,-0.022803331,-0.055227207,-0.026392673,-0.000009574,-0.000023135,-0.000401596,-0.000015109,0.000484406,0.000117206,0.000010736,-0.000013915,-0.000004731,0.000096635,0.300025672,-0.000157162,-0.000131733,-0.000002306,0.000284844,-0.048105540,-0.840616655,0.008575200,1.006513597,0.235721169,-0.000156070,0.000361255,-0.008814654,0.187624407,-0.002915586,-0.308647503,-0.260606175,-0.028959979
1680,1.680000,home_hold,0,1.681000,0.000005141,0.000005354,0.010225172,0.010702822,0.071867500,0.215360776,0.012730000,0.071868833,0.215355896,0.012729087,0.163132424,-0.212337808,0.022708944,0.163134109,-0.212332735,0.022709230,0.434378790,0.051807406,0.032915829,-0.137175157,0.033891849,0.050201091,0.002516196,0.375283602,-0.093181656,-0.040829220,0.652431464,-0.022803330,-0.055227197,-0.026392673,-0.000009633,-0.000023135,-0.000401583,-0.000015224,0.000484392,0.000117206,0.000010794,-0.000013990,-0.000004730,0.000096635,0.300025818,-0.000157161,-0.000131738,-0.000002233,0.000284843,-0.048105576,-0.840616666,0.008575201,1.006513628,0.235720989,-0.000156074,0.000361265,-0.008814653,0.187624182,-0.002915603,-0.308647283,-0.260606084,-0.028959983
1690,1.690000,home_hold,0,1.691000,0.000005141,0.000005354,0.010225171,0.010702821,0.071867500,0.215360776,0.012730000,0.071868833,0.215355896,0.012729087,0.163132424,-0.212337808,0.022708944,0.163134109,-0.212332735,0.022709235,0.434378624,0.051807381,0.032915826,-0.137175289,0.033891852,0.050201067,0.002516195,0.375283401,-0.093181633,-0.040829226,0.652431590,-0.022803329,-0.055227187,-0.026392674,-0.000009692,-0.000023134,-0.000401570,-0.000015340,0.000484379,0.000117207,0.000010851,-0.000014065,-0.000004729,0.000096635,0.300025963,-0.000157161,-0.000131743,-0.000002161,0.000284842,-0.048105612,-0.840616677,0.008575201,1.006513659,0.235720809,-0.000156079,0.000361276,-0.008814651,0.187623958,-0.002915621,-0.308647063,-0.260605993,-0.028959987
1700,1.700000,home_hold,0,1.701000,0.000005141,0.000005354,0.010225169,0.010702821,0.071867500,0.215360776,0.012730000,0.071868833,0.215355896,0.012729086,0.163132424,-0.212337808,0.022708944,0.163134108,-0.212332735,0.022709240,0.434378458,0.051807356,0.032915824,-0.137175422,0.033891856,0.050201042,0.002516194,0.375283201,-0.093181610,-0.040829232,0.652431717,-0.022803328,-0.055227176,-0.026392675,-0.000009751,-0.000023134,-0.000401558,-0.000015455,0.000484366,0.000117208,0.000010909,-0.000014139,-0.000004728,0.000096636,0.300026109,-0.000157160,-0.000131748,-0.000002089,0.000284841,-0.048105648,-0.840616689,0.008575201,1.006513690,0.235720629,-0.000156084,0.000361286,-0.008814650,0.187623734,-0.002915639,-0.308646843,-0.260605902,-0.028959991
1710,1.710000,home_hold,0,1.711000,0.000005141,0.000005354,0.010225168,0.010702820,0.071867500,0.215360776,0.012730000,0.071868833,0.215355896,0.012729086,0.163132424,-0.212337808,0.022708944,0.163134107,-0.212332735,0.022709245,0.434378292,0.051807330,0.032915821,-0.137175554,0.033891859,0.050201018,0.002516194,0.375283001,-0.093181587,-0.040829238,0.652431843,-0.022803327,-0.055227166,-0.026392676,-0.000009810,-0.000023134,-0.000401545,-0.000015570,0.000484353,0.000117208,0.000010967,-0.000014214,-0.000004727,0.000096636,0.300026254,-0.000157159,-0.000131753,-0.000002017,0.000284840,-0.048105684,-0.840616700,0.008575201,1.006513721,0.235720449,-0.000156088,0.000361297,-0.008814649,0.187623510,-0.002915656,-0.308646623,-0.260605812,-0.028959996
1720,1.720000,home_hold,0,1.721000,0.000005141,0.000005354,0.010225167,0.010702820,0.071867500,0.215360776,0.012730000,0.071868833,0.215355896,0.012729086,0.163132424,-0.212337808,0.022708944,0.163134107,-0.212332735,0.022709250,0.434378125,0.051807305,0.032915818,-0.137175686,0.033891863,0.050200993,0.002516193,0.375282801,-0.093181564,-0.040829244,0.652431969,-0.022803327,-0.055227156,-0.026392677,-0.000009869,-0.000023133,-0.000401532,-0.000015686,0.000484339,0.000117209,0.000011024,-0.000014289,-0.000004726,0.000096636,0.300026399,-0.000157158,-0.000131758,-0.000001945,0.000284839,-0.048105720,-0.840616711,0.008575201,1.006513752,0.235720268,-0.000156093,0.000361308,-0.008814647,0.187623287,-0.002915674,-0.308646404,-0.260605722,-0.028960000
1730,1.730000,home_hold,0,1.731000,0.000005141,0.000005354,0.010225165,0.010702819,0.071867500,0.215360776,0.012730000,0.071868833,0.215355896,0.012729086,0.163132424,-0.212337808,0.022708944,0.163134106,-0.212332735,0.022709255,0.434377959,0.051807280,0.032915816,-0.137175818,0.033891866,0.050200969,0.002516192,0.375282602,-0.093181541,-0.040829250,0.652432095,-0.022803326,-0.055227145,-0.026392678,-0.000009928,-0.000023133,-0.000401519,-0.000015801,0.000484326,0.000117210,0.000011081,-0.000014363,-0.000004725,0.000096636,0.300026544,-0.000157157,-0.000131763,-0.000001874,0.000284838,-0.048105757,-0.840616722,0.008575201,1.006513783,0.235720088,-0.000156097,0.000361318,-0.008814646,0.187623064,-0.002915691,-0.308646185,-0.260605632,-0.028960004
1740,1.740000,home_hold,0,1.741000,0.000005141,0.000005354,0.010225164,0.010702819,0.071867500,0.215360776,0.012730000,0.071868833,0.215355896,0.012729086,0.163132424,-0.212337808,0.022708944,0.163134105,-0.212332735,0.022709260,0.434377793,0.051807255,0.032915813,-0.137175950,0.033891870,0.050200945,0.002516192,0.375282403,-0.093181518,-0.040829256,0.652432221,-0.022803325,-0.055227135,-0.026392679,-0.000009987,-0.000023132,-0.000401506,-0.000015916,0.000484313,0.000117210,0.000011139,-0.000014437,-0.000004724,0.000096636,0.300026688,-0.000157156,-0.000131768,-0.000001802,0.000284837,-0.048105793,-0.840616734,0.008575201,1.006513814,0.235719909,-0.000156101,0.000361329,-0.008814644,0.187622841,-0.002915709,-0.308645967,-0.260605542,-0.028960008
1750,1.750000,home_hold,0,1.751000,0.000005141,0.000005354,0.010225163,0.010702818,0.071867500,0.215360776,0.012730000,0.071868833,0.215355896,0.012729085,0.163132424,-0.212337808,0.022708944,0.163134105,-0.212332735,0.022709265,0.434377626,0.051807230,0.032915811,-0.137176082,0.033891873,0.050200920,0.002516191,0.375282204,-0.093181495,-0.040829262,0.652432347,-0.022803324,-0.055227125,-0.026392680,-0.000010046,-0.000023132,-0.000401493,-0.000016032,0.000484300,0.000117211,0.000011196,-0.000014512,-0.000004724,0.000096637,0.300026832,-0.000157156,-0.000131773,-0.000001730,0.000284836,-0.048105829,-0.840616745,0.008575202,1.006513844,0.235719729,-0.000156106,0.000361339,-0.008814643,0.187622619,-0.002915726,-0.308645748,-0.260605452,-0.028960012
1760,1.760000,home_hold,0,1.761000,0.000005141,0.000005354,0.010225162,0.010702818,0.071867500,0.215360776,0.012730000,0.071868833,0.215355896,0.012729085,0.163132424,-0.212337808,0.022708944,0.163134104,-0.212332736,0.022709270,0.434377460,0.051807205,0.032915808,-0.137176214,0.033891876,0.050200896,0.002516191,0.375282005,-0.093181472,-0.040829267,0.652432473,-0.022803323,-0.055227115,-0.026392681,-0.000010105,-0.000023132,-0.000401481,-0.000016147,0.000484287,0.000117211,0.000011254,-0.000014586,-0.000004723,0.000096637,0.300026977,-0.000157155,-0.000131778,-0.000001659,0.000284835,-0.048105865,-0.840616756,0.008575202,1.006513875,0.235719549,-0.000156110,0.000361350,-0.008814641,0.187622397,-0.002915744,-0.308645530,-0.260605363,-0.028960016
1770,1.770000,home_hold,0,1.771000,0.000005141,0.000005354,0.010225160,0.010702817,0.071867500,0.215360776,0.012730000,0.071868833,0.215355896,0.012729085,0.163132424,-0.212337808,0.022708944,0.163134104,-0.212332736,0.022709275,0.434377293,0.051807179,0.032915806,-0.137176346,0.033891880,0.050200871,0.002516190,0.375281807,-0.093181450,-0.040829273,0.652432598,-0.022803322,-0.055227104,-0.026392682,-0.000010164,-0.000023131,-0.000401468,-0.000016262,0.000484273,0.000117212,0.000011311,-0.000014660,-0.000004722,0.000096637,0.300027121,-0.000157154,-0.000131783,-0.000001587,0.000284834,-0.048105901,-0.840616768,0.008575202,1.006513906,0.235719369,-0.000156114,0.000361360,-0.008814640,0.187622175,-0.002915761,-0.308645312,-0.260605274,-0.028960021
1780,1.780000,home_hold,0,1.781000,0.000005141,0.000005354,0.010225159,0.010702817,0.071867500,0.215360776,0.012730000,0.071868833,0.215355896,0.012729085,0.163132424,-0.212337808,0.022708944,0.163134103,-0.212332736,0.022709280,0.434377127,0.051807154,0.032915803,-0.137176478,0.033891883,0.050200847,0.002516189,0.375281609,-0.093181427,-0.040829279,0.652432723,-0.022803321,-0.055227094,-0.026392683,-0.000010223,-0.000023131,-0.000401455,-0.000016378,0.000484260,0.000117212,0.000011368,-0.000014734,-0.000004721,0.000096637,0.300027264,-0.000157153,-0.000131787,-0.000001516,0.000284833,-0.048105937,-0.840616779,0.008575202,1.006513937,0.235719189,-0.000156119,0.000361370,-0.008814638,0.187621953,-0.002915779,-0.308645095,-0.260605185,-0.028960025
1790,1.790000,home_hold,0,1.791000,0.000005141,0.000005354,0.010225158,0.010702816,0.071867500,0.215360776,0.012730000,0.071868833,0.215355896,0.012729084,0.163132424,-0.212337808,0.022708944,0.163134102,-0.212332736,0.022709285,0.434376960,0.051807129,0.032915801,-0.137176610,0.033891887,0.050200823,0.002516189,0.375281411,-0.093181405,-0.040829285,0.652432848,-0.022803320,-0.055227084,-0.026392684,-0.000010281,-0.000023131,-0.000401442,-0.000016493,0.000484247,0.000117213,0.000011426,-0.000014808,-0.000004720,0.000096638,0.300027408,-0.000157153,-0.000131792,-0.000001444,0.000284832,-0.048105974,-0.840616790,0.008575202,1.006513968,0.235719010,-0.000156123,0.000361381,-0.008814637,0.187621732,-0.002915796,-0.308644878,-0.260605096,-0.028960029
1800,1.800000,home_hold,0,1.801000,0.000005141,0.000005354,0.010225156,0.010702816,0.071867500,0.215360776,0.012730000,0.071868833,0.215355896,0.012729084,0.163132424,-0.212337808,0.022708944,0.163134102,-0.212332736,0.022709290,0.434376794,0.051807104,0.032915798,-0.137176742,0.033891890,0.050200798,0.002516188,0.375281214,-0.093181383,-0.040829291,0.652432973,-0.022803319,-0.055227074,-0.026392685,-0.000010340,-0.000023130,-0.000401429,-0.000016608,0.000484234,0.000117213,0.000011483,-0.000014881,-0.000004719,0.000096638,0.300027551,-0.000157152,-0.000131797,-0.000001373,0.000284831,-0.048106010,-0.840616802,0.008575202,1.006513999,0.235718830,-0.000156127,0.000361391,-0.008814635,0.187621511,-0.002915813,-0.308644661,-0.260605008,-0.028960033
1810,1.810000,home_hold,0,1.811000,0.000005141,0.000005354,0.010225155,0.010702815,0.071867500,0.215360776,0.012730000,0.071868833,0.215355896,0.012729084,0.163132424,-0.212337808,0.022708944,0.163134101,-0.212332736,0.022709295,0.434376627,0.051807079,0.032915796,-0.137176874,0.033891894,0.050200774,0.002516188,0.375281017,-0.093181361,-0.040829297,0.652433098,-0.022803318,-0.055227064,-0.026392686,-0.000010399,-0.000023130,-0.000401417,-0.000016724,0.000484221,0.000117213,0.000011540,-0.000014955,-0.000004719,0.000096638,0.300027694,-0.000157151,-0.000131801,-0.000001302,0.000284830,-0.048106046,-0.840616813,0.008575203,1.006514029,0.235718650,-0.000156131,0.000361402,-0.008814633,0.187621291,-0.002915831,-0.308644444,-0.260604919,-0.028960038
1820,1.820000,home_hold,0,1.821000,0.000005141,0.000005354,0.010225154,0.010702815,0.071867500,0.215360776,0.012730000,0.071868833,0.215355897,0.012729084,0.163132424,-0.212337808,0.022708944,0.163134100,-0.212332736,0.022709300,0.434376461,0.051807055,0.032915793,-0.137177006,0.033891897,0.050200749,0.002516187,0.375280820,-0.093181339,-0.040829303,0.652433222,-0.022803317,-0.055227054,-0.026392686,-0.000010458,-0.000023129,-0.000401404,-0.000016839,0.000484207,0.000117214,0.000011598,-0.000015028,-0.000004718,0.000096638,0.300027837,-0.000157151,-0.000131806,-0.000001231,0.000284829,-0.048106082,-0.840616824,0.008575203,1.006514060,0.235718471,-0.000156135,0.000361412,-0.008814632,0.187621071,-0.002915848,-0.308644228,-0.260604831,-0.028960042
1830,1.830000,home_hold,0,1.831000,0.000005141,0.000005354,0.010225152,0.010702814,0.071867500,0.215360776,0.012730000,0.071868833,0.215355897,0.012729084,0.163132424,-0.212337808,0.022708944,0.163134100,-0.212332736,0.022709305,0.434376294,0.051807030,0.032915790,-0.137177138,0.033891901,0.050200725,0.002516186,0.375280623,-0.093181317,-0.040829308,0.652433346,-0.022803316,-0.055227043,-0.026392687,-0.000010517,-0.000023129,-0.000401391,-0.000016954,0.000484194,0.000117214,0.000011655,-0.000015102,-0.000004717,0.000096639,0.300027980,-0.000157150,-0.000131810,-0.000001160,0.000284828,-0.048106119,-0.840616835,0.008575203,1.006514091,0.235718291,-0.000156139,0.000361422,-0.008814630,0.187620851,-0.002915865,-0.308644012,-0.260604743,-0.028960046
1840,1.840000,home_hold,0,1.841000,0.000005141,0.000005354,0.010225151,0.010702814,0.071867500,0.215360776,0.012730000,0.071868833,0.215355897,0.012729083,0.163132424,-0.212337808,0.022708944,0.163134099,-0.212332736,0.022709310,0.434376128,0.051807005,0.032915788,-0.137177270,0.033891904,0.050200701,0.002516186,0.375280427,-0.093181295,-0.040829314,0.652433471,-0.022803315,-0.055227033,-0.026392688,-0.000010576,-0.000023128,-0.000401378,-0.000017070,0.000484181,0.000117214,0.000011712,-0.000015175,-0.000004716,0.000096639,0.300028123,-0.000157149,-0.000131815,-0.000001089,0.000284827,-0.048106155,-0.840616847,0.008575203,1.006514122,0.235718112,-0.000156144,0.000361433,-0.008814628,0.187620631,-0.002915882,-0.308643796,-0.260604656,-0.028960051
1850,1.850000,home_hold,0,1.851000,0.000005141,0.000005354,0.010225150,0.010702813,0.071867500,0.215360776,0.012730000,0.071868833,0.215355897,0.012729083,0.163132424,-0.212337808,0.022708944,0.163134098,-0.212332736,0.022709315,0.434375961,0.051806980,0.032915785,-0.137177401,0.033891907,0.050200676,0.002516185,0.375280231,-0.093181273,-0.040829320,0.652433595,-0.022803314,-0.055227023,-0.026392689,-0.000010635,-0.000023128,-0.000401365,-0.000017185,0.000484168,0.000117215,0.000011769,-0.000015248,-0.000004716,0.000096639,0.300028265,-0.000157149,-0.000131819,-0.000001018,0.000284826,-0.048106191,-0.840616858,0.008575203,1.006514152,0.235717932,-0.000156148,0.000361443,-0.008814627,0.187620412,-0.002915900,-0.308643580,-0.260604568,-0.028960055
1860,1.860000,home_hold,0,1.861000,0.000005141,0.000005354,0.010225148,0.010702812,0.071867500,0.215360776,0.012730000,0.071868833,0.215355897,0.012729083,0.163132424,-0.212337808,0.022708944,0.163134098,-0.212332737,0.022709320,0.434375795,0.051806955,0.032915783,-0.137177533,0.033891911,0.050200652,0.002516185,0.375280035,-0.093181251,-0.040829326,0.652433718,-0.022803313,-0.055227013,-0.026392690,-0.000010694,-0.000023128,-0.000401352,-0.000017300,0.000484155,0.000117215,0.000011826,-0.000015321,-0.000004715,0.000096639,0.300028407,-0.000157148,-0.000131823,-0.000000947,0.000284825,-0.048106227,-0.840616869,0.008575203,1.006514183,0.235717753,-0.000156152,0.000361453,-0.008814625,0.187620193,-0.002915917,-0.308643365,-0.260604481,-0.028960060
1870,1.870000,home_hold,0,1.871000,0.000005141,0.000005354,0.010225147,0.010702812,0.071867500,0.215360776,0.012730000,0.071868833,0.215355897,0.012729083,0.163132424,-0.212337808,0.022708944,0.163134097,-0.212332737,0.022709324,0.434375628,0.051806930,0.032915780,-0.137177665,0.033891914,0.050200627,0.002516184,0.375279840,-0.093181229,-0.040829332,0.652433842,-0.022803312,-0.055227003,-0.026392691,-0.000010753,-0.000023127,-0.000401340,-0.000017416,0.000484142,0.000117215,0.000011884,-0.000015394,-0.000004714,0.000096640,0.300028549,-0.000157147,-0.000131828,-0.000000876,0.000284824,-0.048106264,-0.840616881,0.008575203,1.006514214,0.235717574,-0.000156156,0.000361463,-0.008814623,0.187619974,-0.002915934,-0.308643150,-0.260604394,-0.028960064
1880,1.880000,home_hold,0,1.881000,0.000005141,0.000005354,0.010225145,0.010702811,0.071867500,0.215360776,0.012730000,0.071868833,0.215355897,0.012729083,0.163132424,-0.212337808,0.022708944,0.163134097,-0.212332737,0.022709329,0.434375461,0.051806905,0.032915778,-0.137177797,0.033891918,0.050200603,0.002516184,0.375279645,-0.093181208,-0.040829338,0.652433966,-0.022803311,-0.055226993,-0.026392692,-0.000010812,-0.000023127,-0.000401327,-0.000017531,0.000484129,0.000117216,0.000011941,-0.000015467,-0.000004713,0.000096640,0.300028691,-0.000157147,-0.000131832,-0.000000806,0.000284823,-0.048106300,-0.840616892,0.008575204,1.006514244,0.235717394,-0.000156159,0.000361474,-0.008814621,0.187619756,-0.002915951,-0.308642935,-0.260604307,-0.028960069
1890,1.890000,home_hold,0,1.891000,0.000005141,0.000005354,0.010225144,0.010702811,0.071867500,0.215360776,0.012730000,0.071868833,0.215355897,0.012729082,0.163132424,-0.212337808,0.022708944,0.163134096,-0.212332737,0.022709334,0.434375295,0.051806881,0.032915775,-0.137177929,0.033891921,0.050200579,0.002516183,0.375279450,-0.093181186,-0.040829343,0.652434089,-0.022803310,-0.055226983,-0.026392693,-0.000010871,-0.000023126,-0.000401314,-0.000017646,0.000484115,0.000117216,0.000011998,-0.000015540,-0.000004713,0.000096640,0.300028833,-0.000157146,-0.000131836,-0.000000735,0.000284822,-0.048106336,-0.840616903,0.008575204,1.006514275,0.235717215,-0.000156163,0.000361484,-0.008814620,0.187619538,-0.002915968,-0.308642721,-0.260604220,-0.028960073
1900,1.900000,home_hold,0,1.901000,0.000005141,0.000005354,0.010225143,0.010702810,0.071867500,0.215360776,0.012730000,0.071868833,0.215355897,0.012729082,0.163132424,-0.212337808,0.022708944,0.163134095,-0.212332737,0.022709339,0.434375128,0.051806856,0.032915772,-0.137178061,0.033891925,0.050200554,0.002516183,0.375279255,-0.093181165,-0.040829349,0.652434212,-0.022803309,-0.055226973,-0.026392694,-0.000010930,-0.000023126,-0.000401301,-0.000017762,0.000484102,0.000117216,0.000012055,-0.000015613,-0.000004712,0.000096640,0.300028974,-0.000157145,-0.000131840,-0.000000665,0.000284822,-0.048106372,-0.840616914,0.008575204,1.006514306,0.235717036,-0.000156167,0.000361494,-0.008814618,0.187619320,-0.002915986,-0.308642507,-0.260604134,-0.028960078
1910,1.910000,home_hold,0,1.911000,0.000005141,0.000005354,0.010225141,0.010702809,0.071867500,0.215360776,0.012730000,0.071868833,0.215355897,0.012729082,0.163132424,-0.212337808,0.022708944,0.163134095,-0.212332737,0.022709344,0.434374961,0.051806831,0.032915770,-0.137178193,0.033891928,0.050200530,0.002516182,0.375279061,-0.093181144,-0.040829355,0.652434335,-0.022803309,-0.055226963,-0.026392695,-0.000010989,-0.000023125,-0.000401288,-0.000017877,0.000484089,0.000117216,0.000012112,-0.000015685,-0.000004711,0.000096640,0.300029115,-0.000157145,-0.000131844,-0.000000594,0.000284821,-0.048106409,-0.840616926,0.008575204,1.006514337,0.235716857,-0.000156171,0.000361504,-0.008814616,0.187619102,-0.002916003,-0.308642293,-0.260604047,-0.028960082
1920,1.920000,home_hold,0,1.921000,0.000005141,0.000005354,0.010225140,0.010702809,0.071867500,0.215360776,0.012730000,0.071868833,0.215355897,0.012729082,0.163132424,-0.212337808,0.022708944,0.163134094,-0.212332737,0.022709349,0.434374794,0.051806806,0.032915767,-0.137178325,0.033891932,0.050200506,0.002516182,0.375278867,-0.093181122,-0.040829361,0.652434458,-0.022803308,-0.055226953,-0.026392696,-0.000011048,-0.000023125,-0.000401275,-0.000017992,0.000484076,0.000117216,0.000012169,-0.000015758,-0.000004711,0.000096641,0.300029256,-0.000157144,-0.000131849,-0.000000524,0.000284820,-0.048106445,-0.840616937,0.008575204,1.006514367,0.235716678,-0.000156175,0.000361514,-0.008814614,0.187618885,-0.002916020,-0.308642080,-0.260603961,-0.028960087
1930,1.930000,home_hold,0,1.931000,0.000005141,0.000005354,0.010225139,0.010702808,0.071867500,0.215360776,0.012730000,0.071868833,0.215355897,0.012729082,0.163132424,-0.212337808,0.022708944,0.163134093,-0.212332737,0.022709354,0.434374628,0.051806782,0.032915765,-0.137178457,0.033891935,0.050200481,0.002516181,0.375278673,-0.093181101,-0.040829367,0.652434581,-0.022803307,-0.055226943,-0.026392697,-0.000011107,-0.000023125,-0.000401263,-0.000018108,0.000484063,0.000117216,0.000012226,-0.000015830,-0.000004710,0.000096641,0.300029397,-0.000157144,-0.000131853,-0.000000454,0.000284819,-0.048106481,-0.840616948,0.008575204,1.006514398,0.235716499,-0.000156179,0.000361525,-0.008814612,0.187618668,-0.002916037,-0.308641866,-0.260603875,-0.028960091
1940,1.940000,home_hold,0,1.941000,0.000005141,0.000005355,0.010225137,0.010702808,0.071867500,0.215360776,0.012730000,0.071868833,0.215355897,0.012729081,0.163132424,-0.212337808,0.022708944,0.163134093,-0.212332737,0.022709359,0.434374461,0.051806757,0.032915762,-0.137178589,0.033891938,0.050200457,0.002516181,0.375278480,-0.093181080,-0.040829372,0.652434703,-0.022803306,-0.055226934,-0.026392698,-0.000011166,-0.000023124,-0.000401250,-0.000018223,0.000484050,0.000117217,0.000012284,-0.000015903,-0.000004709,0.000096641,0.300029538,-0.000157143,-0.000131857,-0.000000384,0.000284818,-0.048106518,-0.840616960,0.008575204,1.006514429,0.235716319,-0.000156182,0.000361535,-0.008814610,0.187618452,-0.002916054,-0.308641653,-0.260603789,-0.028960096
1950,1.950000,home_hold,0,1.951000,0.000005141,0.000005355,0.010225136,0.010702807,0.071867500,0.215360776,0.012730000,0.071868833,0.215355897,0.012729081,0.163132424,-0.212337808,0.022708944,0.163134092,-0.212332737,0.022709363,0.434374294,0.051806732,0.032915760,-0.137178721,0.033891942,0.050200433,0.002516180,0.375278287,-0.093181059,-0.040829378,0.652434826,-0.022803305,-0.055226924,-0.026392699,-0.000011225,-0.000023124,-0.000401237,-0.000018339,0.000484037,0.000117217,0.000012341,-0.000015975,-0.000004709,0.000096641,0.300029678,-0.000157142,-0.000131861,-0.000000314,0.000284817,-0.048106554,-0.840616971,0.008575205,1.006514459,0.235716140,-0.000156186,0.000361545,-0.008814609,0.187618235,-0.002916071,-0.308641441,-0.260603704,-0.028960100
1960,1.960000,home_hold,0,1.961000,0.000005141,0.000005355,0.010225135,0.010702806,0.071867500,0.215360776,0.012730000,0.071868833,0.215355897,0.012729081,0.163132424,-0.212337808,0.022708944,0.163134092,-0.212332737,0.022709368,0.434374127,0.051806708,0.032915757,-0.137178853,0.033891945,0.050200408,0.002516180,0.375278094,-0.093181038,-0.040829384,0.652434948,-0.022803304,-0.055226914,-0.026392700,-0.000011284,-0.000023123,-0.000401224,-0.000018454,0.000484024,0.000117217,0.000012398,-0.000016047,-0.000004708,0.000096642,0.300029819,-0.000157142,-0.000131865,-0.000000244,0.000284816,-0.048106591,-0.840616982,0.008575205,1.006514490,0.235715961,-0.000156190,0.000361555,-0.008814607,0.187618019,-0.002916088,-0.308641228,-0.260603618,-0.028960105
1970,1.970000,home_hold,0,1.971000,0.000005141,0.000005355,0.010225133,0.010702806,0.071867500,0.215360776,0.012730000,0.071868833,0.215355897,0.012729081,0.163132424,-0.212337808,0.022708944,0.163134091,-0.212332737,0.022709373,0.434373961,0.051806683,0.032915754,-0.137178985,0.033891949,0.050200384,0.002516179,0.375277901,-0.093181017,-0.040829390,0.652435070,-0.022803303,-0.055226904,-0.026392701,-0.000011343,-0.000023123,-0.000401211,-0.000018569,0.000484011,0.000117217,0.000012455,-0.000016119,-0.000004707,0.000096642,0.300029959,-0.000157141,-0.000131869,-0.000000174,0.000284815,-0.048106627,-0.840616994,0.008575205,1.006514520,0.235715782,-0.000156194,0.000361565,-0.008814605,0.187617804,-0.002916105,-0.308641016,-0.260603533,-0.028960110
1980,1.980000,home_hold,0,1.981000,0.000005141,0.000005355,0.010225132,0.010702805,0.071867500,0.215360776,0.012730000,0.071868832,0.215355897,0.012729081,0.163132424,-0.212337808,0.022708944,0.163134090,-0.212332737,0.022709378,0.434373794,0.051806658,0.032915752,-0.137179117,0.033891952,0.050200359,0.002516179,0.375277709,-0.093180996,-0.040829395,0.652435192,-0.022803302,-0.055226894,-0.026392702,-0.000011402,-0.000023122,-0.000401199,-0.000018685,0.000483998,0.000117217,0.000012512,-0.000016191,-0.000004707,0.000096642,0.300030099,-0.000157141,-0.000131873,-0.000000104,0.000284815,-0.048106663,-0.840617005,0.008575205,1.006514551,0.235715604,-0.000156197,0.000361575,-0.008814603,0.187617588,-0.002916122,-0.308640804,-0.260603448,-0.028960114
1990,1.990000,home_hold,0,1.991000,0.000005141,0.000005355,0.010225131,0.010702805,0.071867500,0.215360776,0.012730000,0.071868832,0.215355897,0.012729080,0.163132424,-0.212337808,0.022708944,0.163134090,-0.212332737,0.022709383,0.434373627,0.051806634,0.032915749,-0.137179249,0.033891956,0.050200335,0.002516178,0.375277517,-0.093180975,-0.040829401,0.652435313,-0.022803301,-0.055226884,-0.026392703,-0.000011461,-0.000023122,-0.000401186,-0.000018800,0.000483985,0.000117217,0.000012569,-0.000016262,-0.000004706,0.000096642,0.300030238,-0.000157140,-0.000131876,-0.000000034,0.000284814,-0.048106700,-0.840617016,0.008575205,1.006514582,0.235715425,-0.000156201,0.000361585,-0.008814601,0.187617373,-0.002916139,-0.308640593,-0.260603363,-0.028960119
2000,2.000000,step_1,0,2.001000,0.024999506,0.024739640,0.010111243,0.010573343,0.091867500,0.215360776,0.027730000,0.071868796,0.215356004,0.012729096,0.181132424,-0.224337808,0.034708944,0.163134041,-0.212332858,0.022709394,0.434576599,0.050296530,0.032280012,-0.137306327,0.033224920,0.049347204,0.002469568,0.374966260,-0.091723369,-0.039984433,0.652239346,-0.022293261,-0.054259941,-0.026272962,-0.000011520,-0.000023106,-0.000401131,-0.000018917,0.000482012,0.000115571,0.000012379,-0.000016339,-0.000004717,0.000096460,0.300030395,-0.000155515,-0.000129895,0.000000473,0.000285127,-0.048091832,-0.840574958,0.008573287,1.004555129,0.234069568,-0.000402564,0.000356626,-0.008825796,0.187434142,-0.002898753,-0.307015653,-0.258618343,-0.028522886
2010,2.010000,step_1,0,2.011000,0.024999348,0.024739325,0.010252812,0.010704263,0.091867500,0.215360776,0.027730000,0.071868980,0.215356169,0.012729113,0.181132424,-0.224337808,0.034708944,0.163134214,-0.212333151,0.022709492,0.431476449,0.051927251,0.032675230,-0.135638054,0.033641522,0.050314135,0.002605947,0.378223741,-0.091472603,-0.040464865,0.654138829,-0.022618820,-0.055287088,-0.026477066,-0.000011546,-0.000023140,-0.000401315,-0.000018599,0.000481436,0.000113396,0.000013565,-0.000016495,-0.000004645,0.000097005,0.300031085,-0.000155612,-0.000126765,-0.000000499,0.000286521,-0.048116459,-0.840599123,0.008694202,1.006273283,0.236049067,-0.000086900,0.000347374,-0.008781325,0.187669356,-0.002766600,-0.308627280,-0.260733692,-0.029023429
2020,2.020000,step_1,0,2.021000,0.024998425,0.024737887,0.010251112,0.010637916,0.091867500,0.215360776,0.027730000,0.071870141,0.215356375,0.012729104,0.181132424,-0.224337808,0.034708944,0.163135371,-0.212333998,0.022709873,0.425318247,0.051851373,0.032905240,-0.132425287,0.033851302,0.050193999,0.002652224,0.384480065,-0.087194276,-0.040126635,0.657715518,-0.022797527,-0.055116877,-0.026526533,-0.000011992,-0.000023186,-0.000401354,-0.000015782,0.000480428,0.000110778,0.000014870,-0.000016497,-0.000003716,0.000098196,0.300034907,-0.000155906,-0.000122584,-0.000001466,0.000187193,-0.048108426,-0.840610539,0.009041784,1.006612505,0.235348624,-0.000172223,0.000407184,-0.008646599,0.187796968,-0.002326173,-0.308951593,-0.260103924,-0.028922868
2030,2.030000,step_1,0,2.031000,0.024995826,0.024734024,0.010337201,0.010590652,0.091867500,0.215360776,0.027730000,0.071873459,0.215356580,0.012729011,0.181132424,-0.224337808,0.034708944,0.163138707,-0.212336075,0.022710756,0.417930865,0.051900728,0.032961261,-0.128575746,0.033884539,0.050155968,0.002672497,0.391982745,-0.082108981,-0.039537068,0.662110998,-0.022792169,-0.055051000,-0.026543772,-0.000014559,-0.000023212,-0.000401334,-0.000008752,0.000479948,0.000108063,0.000013005,-0.000014931,-0.000000475,0.000100889,0.300044278,-0.000157673,-0.000119153,0.000001152,-0.000126579,-0.048103572,-0.840608423,0.009510725,1.006585627,0.235404271,-0.000598355,0.000652758,-0.008336071,0.187939688,-0.001691355,-0.308911192,-0.260314798,-0.028439152
2040,2.040000,step_1,0,2.041000,0.024990572,0.024726296,0.010464228,0.010523332,0.091867500,0.215360776,0.027730000,0.071880196,0.215356825,0.012728788,0.181132424,-0.224337808,0.034708944,0.163145508,-0.212340215,0.022712347,0.410511875,0.052014758,0.032964900,-0.124723989,0.033865582,0.050170544,0.002631429,0.399496422,-0.076909519,-0.038908075,0.666668149,-0.022749110,-0.055025580,-0.026488136,-0.000021614,-0.000023168,-0.000401233,0.000003351,0.000479976,0.000104280,0.000004724,-0.000009717,0.000006851,0.000105254,0.300060792,-0.000160566,-0.000117655,0.000010945,-0.000687184,-0.048092361,-0.840603789,0.010037865,1.006553243,0.235326518,-0.001364314,0.001117130,-0.007846655,0.188092919,-0.000923272,-0.308907567,-0.260587793,-0.027570511
2050,2.050000,step_1,0,2.051000,0.024981759,0.024713376,0.010646643,0.010464418,0.091867500,0.215360776,0.027730000,0.071891526,0.215357095,0.012728377,0.181132424,-0.224337808,0.034708944,0.163156979,-0.212347181,0.022714810,0.403478902,0.052067341,0.032968573,-0.121087371,0.033846233,0.050155842,0.002530143,0.406579019,-0.071904380,-0.038322759,0.671158764,-0.022724671,-0.054998697,-0.026364731,-0.000035589,-0.000023028,-0.000401047,0.000020895,0.000480400,0.000099486,-0.000012857,0.000001315,0.000020015,0.000111350,0.300085538,-0.000163954,-0.000120022,0.000031162,-0.001484295,-0.048076386,-0.840592943,0.010590689,1.006562581,0.235226931,-0.002410704,0.001792006,-0.007188312,0.188228979,-0.000058018,-0.308903068,-0.261023456,-0.026388502
2060,2.060000,step_1,0,2.061000,0.024968581,0.024694074,0.010892845,0.010438847,0.091867500,0.215360776,0.027730000,0.071908492,0.215357395,0.012727733,0.181132424,-0.224337808,0.034708944,0.163174195,-0.212357672,0.022718297,0.396834266,0.052126428,0.032979771,-0.117665646,0.033835528,0.050148985,0.002378823,0.413208891,-0.067203661,-0.037789733,0.675571022,-0.022710294,-0.054993137,-0.026185938,-0.000058717,-0.000022771,-0.000400774,0.000044064,0.000481147,0.000093436,-0.000042196,0.000020144,0.000040590,0.000119160,0.300119388,-0.000167302,-0.000127723,0.000064632,-0.002492460,-0.048056825,-0.840581137,0.011159498,1.006592371,0.235130897,-0.003686790,0.002653087,-0.006381542,0.188349553,0.000890717,-0.308844970,-0.261602350,-0.024945321
2070,2.070000,step_1,0,2.071000,0.024950332,0.024667338,0.011208312,0.010471606,0.091867500,0.215360776,0.027730000,0.071932017,0.215357727,0.012726815,0.181132424,-0.224337808,0.034708944,0.163198104,-0.212372297,0.022722939,0.390451503,0.052183256,0.032994497,-0.114393019,0.033829061,0.050140645,0.002185850,0.419504631,-0.062727497,-0.037289677,0.679961429,-0.022696592,-0.054999864,-0.025959992,-0.000092963,-0.000022380,-0.000400405,0.000073015,0.000482188,0.000085962,-0.000085417,0.000048489,0.000069951,0.000128658,0.300163157,-0.000170183,-0.000142050,0.000113826,-0.003686232,-0.048033753,-0.840568449,0.011744766,1.006624006,0.235023301,-0.005161487,0.003675214,-0.005445426,0.188453175,0.001920272,-0.308726176,-0.262293324,-0.023271138
2080,2.080000,step_1,0,2.081000,0.024926382,0.024632236,0.011598877,0.010586747,0.091867500,0.215360776,0.027730000,0.071962926,0.215358095,0.012725586,0.181132424,-0.224337808,0.034708944,0.163229556,-0.212391594,0.022728863,0.384215789,0.052243219,0.033010110,-0.111210839,0.033823967,0.050132467,0.001956411,0.425584183,-0.058382481,-0.036811012,0.684383656,-0.022682085,-0.055017510,-0.025691885,-0.000140067,-0.000021839,-0.000399936,0.000107931,0.000483512,0.000076908,-0.000144417,0.000087846,0.000109304,0.000139835,0.300217648,-0.000172235,-0.000164109,0.000180957,-0.005045006,-0.048007270,-0.840554745,0.012348739,1.006653888,0.234912185,-0.006815740,0.004837785,-0.004395015,0.188540216,0.003030041,-0.308556990,-0.263083711,-0.021386396
2090,2.090000,step_1,0,2.091000,0.024896164,0.024587929,0.012068228,0.010804619,0.091867500,0.215360776,0.027730000,0.072001967,0.215358502,0.012724016,0.181132424,-0.224337808,0.034708944,0.163269313,-0.212416042,0.022736182,0.378062203,0.052307232,0.033026090,-0.108086667,0.033819523,0.050124837,0.001693809,0.431520196,-0.054101891,-0.036347324,0.688867269,-0.022667581,-0.055044423,-0.025385190,-0.000201584,-0.000021133,-0.000399360,0.000149004,0.000485109,0.000066126,-0.000220927,0.000139527,0.000159722,0.000152696,0.300283651,-0.000173145,-0.000194880,0.000268046,-0.006552629,-0.047977324,-0.840539955,0.012972026,1.006682861,0.234797899,-0.008635247,0.006124712,-0.003241935,0.188610542,0.004217992,-0.308343913,-0.263962094,-0.019307837
2100,2.100000,step_1,0,2.101000,0.024859168,0.024533660,0.012617943,0.011140438,0.091867500,0.215360776,0.027730000,0.072049820,0.215358950,0.012722076,0.181132424,-0.224337808,0.034708944,0.163318068,-0.212446075,0.022745004,0.371966751,0.052374473,0.033042618,-0.105009202,0.033815784,0.050117723,0.001400586,0.437343730,-0.049854958,-0.035895842,0.693420315,-0.022653457,-0.055079592,-0.025042873,-0.000278927,-0.000020247,-0.000398674,0.000196426,0.000486968,0.000053479,-0.000316542,0.000204702,0.000222178,0.000167250,0.300361923,-0.000172630,-0.000235253,0.000376960,-0.008195532,-0.047943890,-0.840524058,0.013613299,1.006711895,0.234682065,-0.010606847,0.007522698,-0.001995779,0.188663175,0.005480279,-0.308088870,-0.264920404,-0.017050746
2110,2.110000,step_1,0,2.111000,0.024814939,0.024468745,0.013247264,0.011603030,0.091867500,0.215360776,0.027730000,0.072107102,0.215359439,0.012719742,0.181132424,-0.224337808,0.034708944,0.163376446,-0.212482085,0.022755428,0.365926626,0.052444376,0.033059875,-0.101977916,0.033812889,0.050111342,0.001079100,0.443061934,-0.045635202,-0.035456119,0.698038619,-0.022639696,-0.055122402,-0.024667636,-0.000373379,-0.000019167,-0.000397872,0.000250366,0.000489076,0.000038840,-0.000432723,0.000284415,0.000297549,0.000183507,0.300453177,-0.000170431,-0.000286045,0.000509418,-0.009961208,-0.047906984,-0.840507090,0.014270086,1.006741422,0.234566333,-0.012717238,0.009019690,-0.000665332,0.188696602,0.006811950,-0.307792485,-0.265951323,-0.014630031
2120,2.120000,step_1,0,2.121000,0.024763078,0.024392578,0.013953264,0.012194496,0.091867500,0.215360776,0.027730000,0.072174364,0.215359972,0.012716992,0.181132424,-0.224337808,0.034708944,0.163445005,-0.212524424,0.022767544,0.359945472,0.052516499,0.033077934,-0.098995411,0.033810897,0.050105834,0.000731732,0.448673078,-0.041446628,-0.035028814,0.702713565,-0.022626261,-0.055172321,-0.024262121,-0.000486098,-0.000017879,-0.000396952,0.000310966,0.000491421,0.000022095,-0.000570802,0.000379593,0.000386630,0.000201469,0.300558073,-0.000166305,-0.000348004,0.000666991,-0.011837432,-0.047866656,-0.840489082,0.014939530,1.006771603,0.234452225,-0.014952835,0.010604019,0.000740782,0.188709117,0.008207672,-0.307455438,-0.267047531,-0.012060661
2130,2.130000,step_1,0,2.131000,0.024703238,0.024304624,0.014731263,0.012910868,0.091867500,0.215360776,0.027730000,0.072252099,0.215360548,0.012713809,0.181132424,-0.224337808,0.034708944,0.163524240,-0.212573405,0.022781435,0.354026385,0.052590707,0.033096809,-0.096063826,0.033809826,0.050101351,0.000360907,0.454174643,-0.037294963,-0.034614777,0.707436226,-0.022613167,-0.055228818,-0.023828982,-0.000618122,-0.000016370,-0.000395911,0.000378340,0.000493990,0.000003140,-0.000731971,0.000491047,0.000490126,0.000221131,0.300677218,-0.000160025,-0.000421803,0.000851101,-0.013812055,-0.047822977,-0.840470058,0.015618824,1.006802562,0.234341257,-0.017299993,0.012264115,0.002213905,0.188699084,0.009662158,-0.307078627,-0.268201523,-0.009357647
2140,2.140000,step_1,0,2.141000,0.024635129,0.024204425,0.015575301,0.013743494,0.091867500,0.215360776,0.027730000,0.072340734,0.215361170,0.012710180,0.181132424,-0.224337808,0.034708944,0.163614581,-0.212629301,0.022797175,0.348170258,0.052667029,0.033116499,-0.093184004,0.033809677,0.050098038,-0.000030943,0.459565932,-0.033184023,-0.034214605,0.712198675,-0.022600440,-0.055291327,-0.023370883,-0.000770368,-0.000014631,-0.000394748,0.000452577,0.000496771,-0.000018116,-0.000917290,0.000619472,0.000608657,0.000242480,0.300811166,-0.000151378,-0.000508044,0.001063022,-0.015873048,-0.047776024,-0.840450028,0.016305357,1.006834427,0.234234863,-0.019745265,0.013988514,0.003745388,0.188665042,0.011170331,-0.306663107,-0.269405694,-0.006535844
2150,2.150000,step_1,0,2.151000,0.024558515,0.024091591,0.016478602,0.014680691,0.091867500,0.215360776,0.027730000,0.072440639,0.215361836,0.012706095,0.181132424,-0.224337808,0.034708944,0.163716394,-0.212692346,0.022814831,0.342376445,0.052745549,0.033137002,-0.090355868,0.033810448,0.050096029,-0.000441427,0.464847900,-0.029115354,-0.033828589,0.716993870,-0.022588098,-0.055359255,-0.022890458,-0.000943633,-0.000012650,-0.000393460,0.000533737,0.000499752,-0.000041756,-0.001127685,0.000765450,0.000742757,0.000265499,0.300960423,-0.000140170,-0.000607253,0.001303882,-0.018008613,-0.047725884,-0.840428996,0.016996704,1.006867324,0.234134398,-0.022275558,0.015765957,0.005326708,0.188605716,0.012727343,-0.306210040,-0.270652509,-0.003609781
2160,2.160000,step_1,0,2.161000,0.024473213,0.023965807,0.017433951,0.015709235,0.091867500,0.215360776,0.027730000,0.072552125,0.215362548,0.012701546,0.181132424,-0.224337808,0.034708944,0.163829986,-0.212762735,0.022834465,0.336643863,0.052826338,0.033158317,-0.087578989,0.033812134,0.050095450,-0.000868215,0.470022219,-0.025089151,-0.033456823,0.721815171,-0.022576153,-0.055432005,-0.022390281,-0.001138599,-0.000010419,-0.000392047,0.000621859,0.000502922,-0.000067848,-0.001363956,0.000929451,0.000892874,0.000290162,0.301125446,-0.000126222,-0.000719885,0.001574667,-0.020207264,-0.047672643,-0.840406958,0.017690577,1.006901354,0.234041146,-0.024878192,0.017585474,0.006949549,0.188519989,0.014328526,-0.305720652,-0.271934625,-0.000593575
2170,2.170000,step_1,0,2.171000,0.024379093,0.023826825,0.018433979,0.016815488,0.091867500,0.215360776,0.027730000,0.072675444,0.215363306,0.012696533,0.181132424,-0.224337808,0.034708944,0.163955602,-0.212840626,0.022856130,0.330971736,0.052909430,0.033180439,-0.084852995,0.033814729,0.050096414,-0.001309050,0.475090484,-0.021105254,-0.033099320,0.726655939,-0.022564612,-0.055508992,-0.021872859,-0.001355834,-0.000007929,-0.000390509,0.000716959,0.000506268,-0.000096453,-0.001626777,0.001111839,0.001059377,0.000316442,0.301306647,-0.000109374,-0.000846321,0.001876225,-0.022457863,-0.047616393,-0.840383902,0.018384785,1.006936594,0.233956314,-0.027540904,0.019436439,0.008605854,0.188406874,0.015969338,-0.305196200,-0.273244955,0.002499074
2180,2.180000,step_1,0,2.181000,0.024276077,0.023674466,0.019471361,0.017986128,0.091867500,0.215360776,0.027730000,0.072810796,0.215364109,0.012691054,0.181132424,-0.224337808,0.034708944,0.164093432,-0.212926141,0.022879873,0.325359913,0.052994825,0.033203363,-0.082177727,0.033818226,0.050099026,-0.001761751,0.480053819,-0.017163768,-0.032756089,0.731509352,-0.022553484,-0.055589651,-0.021340625,-0.001595796,-0.000005175,-0.000388848,0.000819033,0.000509782,-0.000127620,-0.001916702,0.001312873,0.001242554,0.000344305,0.301504393,-0.000089480,-0.000986877,0.002209271,-0.024749628,-0.047557231,-0.840359812,0.019077205,1.006973097,0.233881039,-0.030251834,0.021308592,0.010287836,0.188265496,0.017645327,-0.304637951,-0.274576676,0.005654870
2190,2.190000,step_1,0,2.191000,0.024164137,0.023508615,0.020538945,0.019208547,0.091867500,0.215360776,0.027730000,0.072958325,0.215364956,0.012685114,0.181132424,-0.224337808,0.034708944,0.164243608,-0.213019368,0.022905734,0.319808898,0.053082503,0.033227077,-0.079553272,0.033822615,0.050103384,-0.002224204,0.484912779,-0.013265300,-0.032427162,0.736368363,-0.022542777,-0.055673437,-0.020795942,-0.001858839,-0.000002148,-0.000387063,0.000928053,0.000513452,-0.000161388,-0.002234167,0.001532710,0.001442616,0.000373714,0.301719006,-0.000066411,-0.001141800,0.002574390,-0.027072125,-0.047495258,-0.840334665,0.019765775,1.007010892,0.233816388,-0.032999496,0.023192044,0.011987968,0.188095080,0.019352104,-0.304047178,-0.275923219,0.008860893
2200,2.200000,step_1,0,2.201000,0.024043295,0.023329223,0.021629835,0.020471031,0.091867500,0.215360776,0.027730000,0.073118126,0.215365848,0.012678722,0.181132424,-0.224337808,0.034708944,0.164406209,-0.213120359,0.022933749,0.314319773,0.053172426,0.033251568,-0.076979924,0.033827885,0.050109574,-0.002694365,0.489667406,-0.009410949,-0.032112593,0.741225753,-0.022532500,-0.055759829,-0.020241110,-0.002145213,0.000001155,-0.000385156,0.001043973,0.000517268,-0.000197785,-0.002579498,0.001771412,0.001659702,0.000404626,0.301950766,-0.000040053,-0.001311276,0.002972041,-0.029415264,-0.047430579,-0.840308434,0.020448498,1.007049987,0.233763362,-0.035772770,0.025077277,0.013698980,0.187894954,0.021085325,-0.303425165,-0.277278254,0.012104579
2210,2.210000,step_1,0,2.211000,0.023913622,0.023136301,0.022737428,0.021762797,0.091867500,0.215360776,0.027730000,0.073290243,0.215366784,0.012671886,0.181132424,-0.224337808,0.034708944,0.164581264,-0.213229137,0.022963946,0.308894104,0.053264552,0.033276820,-0.074458144,0.033834023,0.050117677,-0.003170253,0.494317330,-0.005602220,-0.031812452,0.746074188,-0.022522660,-0.055848321,-0.019678368,-0.002455070,0.000004738,-0.000383130,0.001166727,0.000521221,-0.000236830,-0.002952910,0.002028946,0.001893877,0.000436995,0.302199909,-0.000010305,-0.001495426,0.003402559,-0.031769287,-0.047363307,-0.840281083,0.021123434,1.007090370,0.233722893,-0.038560893,0.026955148,0.015413846,0.187664547,0.022840673,-0.302773213,-0.278635678,0.015373698
2220,2.220000,step_1,0,2.221000,0.023775235,0.022929925,0.023855442,0.023073957,0.091867500,0.215360776,0.027730000,0.073474672,0.215367761,0.012664621,0.181132424,-0.224337808,0.034708944,0.164768748,-0.213345691,0.022996348,0.303533869,0.053358828,0.033302813,-0.071988530,0.033841014,0.050127762,-0.003649949,0.498861858,-0.001840917,-0.031526816,0.750906285,-0.022513266,-0.055938427,-0.019109896,-0.002788466,0.000008605,-0.000380987,0.001296229,0.000525301,-0.000278533,-0.003354511,0.002305192,0.002145139,0.000470772,0.302466629,0.000022917,-0.001694314,0.003866162,-0.034124769,-0.047293556,-0.840252576,0.021788712,1.007132007,0.233695846,-0.041353444,0.028816896,0.017125783,0.187403390,0.024613846,-0.302092644,-0.279989605,0.018656343
2230,2.230000,step_1,0,2.231000,0.023628299,0.022710224,0.024977915,0.024395449,0.091867500,0.215360776,0.027730000,0.073671363,0.215368780,0.012656944,0.181132424,-0.224337808,0.034708944,0.164968589,-0.213469980,0.023030972,0.298241406,0.053455197,0.033329521,-0.069571794,0.033848840,0.050139893,-0.004131597,0.503300046,0.001870916,-0.031255760,0.755714654,-0.022504326,-0.056029677,-0.018537819,-0.003145365,0.000012758,-0.000378729,0.001432375,0.000529499,-0.000322894,-0.003784307,0.002599942,0.002413419,0.000505903,0.302751076,0.000059687,-0.001907945,0.004362951,-0.036472610,-0.047221447,-0.840222870,0.022442519,1.007174848,0.233683021,-0.044140351,0.030654141,0.018828246,0.187111117,0.026400541,-0.301384806,-0.281334368,0.021940918
2240,2.240000,step_1,0,2.241000,0.023473021,0.022477388,0.026099199,0.025718955,0.091867500,0.215360776,0.027730000,0.073880220,0.215369839,0.012648873,0.181132424,-0.224337808,0.034708944,0.165180669,-0.213601935,0.023067831,0.293019381,0.053553592,0.033356920,-0.067208758,0.033857484,0.050154125,-0.004613401,0.507630746,0.005531037,-0.030999356,0.760491935,-0.022495845,-0.056121618,-0.017964209,-0.003525640,0.000017197,-0.000376361,0.001575042,0.000533807,-0.000369905,-0.004242206,0.002912908,0.002698584,0.000542332,0.303053357,0.000100064,-0.002136268,0.004892911,-0.038804040,-0.047147103,-0.840191920,0.023083110,1.007218824,0.233685150,-0.046911874,0.032458899,0.020514928,0.186787465,0.028196433,-0.300651078,-0.282664512,0.025216129
2250,2.250000,step_1,0,2.251000,0.023309655,0.022231663,0.027213956,0.027036822,0.091867500,0.215360776,0.027730000,0.074101105,0.215370936,0.012640430,0.181132424,-0.224337808,0.034708944,0.165404824,-0.213741458,0.023106928,0.287870754,0.053653939,0.033384979,-0.064900337,0.033866926,0.050170505,-0.005093626,0.511852647,0.009137031,-0.030757673,0.765230833,-0.022487832,-0.056213812,-0.017391085,-0.003929080,0.000021925,-0.000373886,0.001724091,0.000538214,-0.000419546,-0.004728017,0.003243723,0.003000438,0.000579996,0.303373539,0.000144092,-0.002379178,0.005455921,-0.041110608,-0.047070651,-0.840159680,0.023708800,1.007263849,0.233702900,-0.049658609,0.034223583,0.022179762,0.186432273,0.029997168,-0.299892867,-0.283974796,0.028470972
2260,2.260000,step_1,0,2.261000,0.023138495,0.021973345,0.028317139,0.028341989,0.091867500,0.215360776,0.027730000,0.074333838,0.215372070,0.012631639,0.181132424,-0.224337808,0.034708944,0.165640847,-0.213888423,0.023148265,0.282798751,0.053756153,0.033413668,-0.062647538,0.033877143,0.050189071,-0.005570595,0.515964314,0.012686322,-0.030530775,0.769924146,-0.022480294,-0.056305836,-0.016820414,-0.004355392,0.000026939,-0.000371309,0.001879366,0.000542714,-0.000471793,-0.005241458,0.003591946,0.003318728,0.000618835,0.303711642,0.000191807,-0.002636519,0.006051750,-0.043384190,-0.046992223,-0.840126098,0.024317966,1.007309823,0.233736874,-0.052371479,0.035941011,0.023816916,0.186045480,0.031798345,-0.299111615,-0.285260193,0.031694729
2270,2.270000,step_1,0,2.271000,0.022959875,0.021702787,0.029403979,0.029627921,0.091867500,0.215360776,0.027730000,0.074578199,0.215373239,0.012622526,0.181132424,-0.224337808,0.034708944,0.165888490,-0.214042681,0.023191835,0.277806834,0.053860145,0.033442951,-0.060451442,0.033888113,0.050209855,-0.006042689,0.519964218,0.016176190,-0.030318722,0.774564787,-0.022473237,-0.056397286,-0.016254116,-0.004804201,0.000032239,-0.000368633,0.002040695,0.000547297,-0.000526611,-0.005782157,0.003957068,0.003653141,0.000658780,0.304067643,0.000243228,-0.002908082,0.006680063,-0.045616977,-0.046911953,-0.840091125,0.024909048,1.007356629,0.233787611,-0.055041732,0.037604412,0.025420798,0.185627127,0.033595506,-0.298308797,-0.286515883,0.034876960
2280,2.280000,step_1,0,2.281000,0.022774168,0.021420389,0.030469974,0.030888561,0.091867500,0.215360776,0.027730000,0.074833931,0.215374440,0.012613120,0.181132424,-0.224337808,0.034708944,0.166147465,-0.214204055,0.023237627,0.272898667,0.053965816,0.033472794,-0.058313199,0.033899811,0.050232882,-0.006508349,0.523850773,0.019603791,-0.030121570,0.779145813,-0.022466667,-0.056487772,-0.015694059,-0.005275058,0.000037823,-0.000365864,0.002207890,0.000551956,-0.000583956,-0.006349655,0.004338512,0.004003311,0.000699764,0.304441476,0.000298366,-0.003193615,0.007340423,-0.047801483,-0.046829977,-0.840054711,0.025480547,1.007404141,0.233855585,-0.057660934,0.039207430,0.026986049,0.185177353,0.035384127,-0.297485927,-0.287737260,0.038007497
2290,2.290000,step_1,0,2.291000,0.022581786,0.021126601,0.031510876,0.032118279,0.091867500,0.215360776,0.027730000,0.075100739,0.215375672,0.012603449,0.181132424,-0.224337808,0.034708944,0.166417445,-0.214372346,0.023285624,0.268078085,0.054073061,0.033503156,-0.056234018,0.033912211,0.050258167,-0.006966069,0.527622360,0.022966176,-0.029939369,0.783660446,-0.022460591,-0.056576920,-0.015142064,-0.005767440,0.000043687,-0.000363007,0.002380748,0.000556682,-0.000643779,-0.006943411,0.004735643,0.004368820,0.000741715,0.304833028,0.000357218,-0.003492813,0.008032294,-0.049930537,-0.046746437,-0.840016805,0.026031026,1.007452219,0.233941209,-0.060220969,0.040744123,0.028507550,0.184696395,0.037159615,-0.296644557,-0.288919924,0.041076447
2300,2.300000,step_1,0,2.301000,0.022383175,0.020821920,0.032522678,0.033311840,0.091867500,0.215360776,0.027730000,0.075378292,0.215376933,0.012593544,0.181132424,-0.224337808,0.034708944,0.166698068,-0.214547333,0.023335803,0.263349063,0.054181769,0.033533998,-0.054215149,0.033925285,0.050285721,-0.007414401,0.531277361,0.026260312,-0.029772161,0.788102094,-0.022455015,-0.056664372,-0.014599905,-0.006280754,0.000049827,-0.000360067,0.002559052,0.000561469,-0.000706023,-0.007562800,0.005147766,0.004749200,0.000784559,0.305242142,0.000419769,-0.003805332,0.008755042,-0.051997283,-0.046661474,-0.839977360,0.026559111,1.007500712,0.234044832,-0.062714036,0.042208972,0.029980416,0.184184587,0.038917302,-0.295786276,-0.290059683,0.044074186
2310,2.310000,step_1,0,2.311000,0.022178815,0.020506888,0.033501603,0.034464369,0.091867500,0.215360776,0.027730000,0.075666228,0.215378220,0.012583439,0.181132424,-0.224337808,0.034708944,0.166988939,-0.214728773,0.023388134,0.258715684,0.054291820,0.033565277,-0.052257881,0.033939006,0.050315545,-0.007851953,0.534814177,0.029483105,-0.029619982,0.792464369,-0.022449945,-0.056749785,-0.014069307,-0.006814342,0.000056240,-0.000357051,0.002742572,0.000566307,-0.000770622,-0.008207125,0.005574133,0.005143934,0.000828221,0.305668613,0.000485995,-0.004130781,0.009507941,-0.053995183,-0.046575235,-0.839936331,0.027063488,1.007549464,0.234166744,-0.065132644,0.043596873,0.031399996,0.183642360,0.040652453,-0.294912718,-0.291152554,0.046991365
2320,2.320000,step_1,0,2.321000,0.021969216,0.020182092,0.034444099,0.035571330,0.091867500,0.215360776,0.027730000,0.075964152,0.215379531,0.012573167,0.181132424,-0.224337808,0.034708944,0.167289627,-0.214916402,0.023442581,0.254182111,0.054403091,0.033596950,-0.050363524,0.033953341,0.050347635,-0.008277388,0.538231253,0.032631421,-0.029482859,0.796741100,-0.022445387,-0.056832830,-0.013551945,-0.007367479,0.000062919,-0.000353963,0.002931064,0.000571189,-0.000837505,-0.008875610,0.006013948,0.005552462,0.000872624,0.306112188,0.000555859,-0.004468732,0.010290171,-0.055918011,-0.046487866,-0.839893675,0.027542911,1.007598309,0.234307172,-0.067469618,0.044903144,0.032761878,0.183070239,0.042360263,-0.294025556,-0.292194760,0.049818913
2330,2.330000,step_1,0,2.331000,0.021754919,0.019848160,0.035346830,0.036628505,0.091867500,0.215360776,0.027730000,0.076271638,0.215380863,0.012562760,0.181132424,-0.224337808,0.034708944,0.167599673,-0.215109936,0.023499105,0.249752555,0.054515453,0.033628970,-0.048533405,0.033968262,0.050381980,-0.008689423,0.541527093,0.035702106,-0.029360806,0.800926349,-0.022441345,-0.056913196,-0.013049447,-0.007939383,0.000069859,-0.000350811,0.003124272,0.000576109,-0.000906594,-0.009567411,0.006466371,0.005974179,0.000917687,0.306572567,0.000629314,-0.004818716,0.011100825,-0.057759857,-0.046399518,-0.839849354,0.027996194,1.007647075,0.234466283,-0.069718091,0.046123513,0.034061884,0.182468839,0.044035872,-0.293126507,-0.293182732,0.052548046
2340,2.340000,step_1,0,2.341000,0.021536491,0.019505760,0.036206667,0.037631976,0.091867500,0.215360776,0.027730000,0.076588232,0.215382214,0.012552254,0.181132424,-0.224337808,0.034708944,0.167918588,-0.215309076,0.023557656,0.245431251,0.054628771,0.033661290,-0.046768850,0.033983734,0.050418560,-0.009086830,0.544700277,0.038692011,-0.029253832,0.805014417,-0.022437826,-0.056990586,-0.012563387,-0.008529213,0.000077052,-0.000347601,0.003321929,0.000581056,-0.000977805,-0.010281615,0.006930520,0.006408442,0.000963331,0.307049402,0.000706303,-0.005180226,0.011938909,-0.059515127,-0.046310340,-0.839803337,0.028422219,1.007695588,0.234644188,-0.071871512,0.047254120,0.035296073,0.181838869,0.045674380,-0.292217327,-0.294113107,0.055170273
2350,2.350000,step_1,0,2.351000,0.021314525,0.019155600,0.037020686,0.038578115,0.091867500,0.215360776,0.027730000,0.076913454,0.215383582,0.012541683,0.181132424,-0.224337808,0.034708944,0.168245856,-0.215513503,0.023618182,0.241222426,0.054742908,0.033693863,-0.045071180,0.033999725,0.050457353,-0.009468437,0.547749471,0.041598006,-0.029161927,0.808999857,-0.022434834,-0.057064717,-0.012095287,-0.009136074,0.000084492,-0.000344339,0.003523756,0.000586026,-0.001051047,-0.011017245,0.007405478,0.006854567,0.001009474,0.307542297,0.000786757,-0.005552721,0.012803347,-0.061178541,-0.046220488,-0.839755597,0.028819931,1.007743670,0.234840936,-0.073923639,0.048291508,0.036460743,0.181181124,0.047270855,-0.291299815,-0.294982732,0.057677412
2360,2.360000,step_1,0,2.361000,0.021089633,0.018798422,0.037786164,0.039463570,0.091867500,0.215360776,0.027730000,0.077246797,0.215384963,0.012531083,0.181132424,-0.224337808,0.034708944,0.168580936,-0.215722882,0.023680622,0.237130271,0.054857720,0.033726638,-0.043441695,0.034016201,0.050498326,-0.009833126,0.550673435,0.044417005,-0.029085073,0.812877475,-0.022432374,-0.057135321,-0.011646616,-0.009759021,0.000092171,-0.000341032,0.003729463,0.000591008,-0.001126225,-0.011773261,0.007890293,0.007311838,0.001056031,0.308050803,0.000870598,-0.005935627,0.013692981,-0.062745136,-0.046130113,-0.839706114,0.029188345,1.007791142,0.235056521,-0.075868549,0.049232616,0.037552429,0.180496485,0.048820365,-0.290375805,-0.295788663,0.060061603
2370,2.370000,step_1,0,2.371000,0.020862449,0.018435007,0.038500572,0.040285263,0.091867500,0.215360776,0.027730000,0.077587731,0.215386354,0.012520486,0.181132424,-0.224337808,0.034708944,0.168923263,-0.215936866,0.023744910,0.233158920,0.054973062,0.033759565,-0.041881666,0.034033125,0.050541442,-0.010179833,0.553471035,0.047145987,-0.029023235,0.816642338,-0.022430450,-0.057202146,-0.011218782,-0.010397059,0.000100079,-0.000337687,0.003938753,0.000595996,-0.001203237,-0.012548564,0.008383988,0.007779502,0.001102920,0.308574427,0.000957737,-0.006328338,0.014606577,-0.064210267,-0.046039372,-0.839654878,0.029526543,1.007837827,0.235290879,-0.077700636,0.050074768,0.038567905,0.179785913,0.050317995,-0.289447169,-0.296528164,0.062315322
2380,2.380000,step_1,0,2.381000,0.020633620,0.018066165,0.039161576,0.041040374,0.091867500,0.215360776,0.027730000,0.077935704,0.215387754,0.012509928,0.181132424,-0.224337808,0.034708944,0.169272252,-0.216155092,0.023810972,0.229312417,0.055088784,0.033792593,-0.040392326,0.034050463,0.050586658,-0.010507551,0.556141247,0.049782013,-0.028976362,0.820289778,-0.022429066,-0.057264955,-0.010813136,-0.011049151,0.000108206,-0.000334311,0.004151317,0.000600982,-0.001281979,-0.013342004,0.008885559,0.008256778,0.001150056,0.309112625,0.001048076,-0.006730218,0.015542827,-0.065569609,-0.045948420,-0.839601883,0.029833675,1.007883546,0.235543893,-0.079414617,0.050815663,0.039504187,0.179050448,0.051758877,-0.288515809,-0.297198711,0.064431401
2390,2.390000,step_1,0,2.391000,0.020403808,0.017692740,0.039767033,0.041726348,0.091867500,0.215360776,0.027730000,0.078290142,0.215389159,0.012499441,0.181132424,-0.224337808,0.034708944,0.169627295,-0.216377185,0.023878730,0.225594695,0.055204734,0.033825669,-0.038974851,0.034068175,0.050633924,-0.010815329,0.558683164,0.052322247,-0.028944385,0.823815391,-0.022428226,-0.057323525,-0.010430963,-0.011714216,0.000116544,-0.000330912,0.004366839,0.000605958,-0.001362340,-0.014152372,0.009393980,0.008742855,0.001197352,0.309664804,0.001141506,-0.007140604,0.016500354,-0.066819158,-0.045857415,-0.839547137,0.030108966,1.007928127,0.235815388,-0.081005534,0.051453360,0.040358533,0.178291205,0.053138220,-0.287583657,-0.297797992,0.066403047
2400,2.400000,step_1,0,2.401000,0.020173683,0.017315603,0.040314991,0.042340878,0.091867500,0.215360776,0.027730000,0.078650455,0.215390567,0.012489057,0.181132424,-0.224337808,0.034708944,0.169987771,-0.216602759,0.023948097,0.222009544,0.055320758,0.033858740,-0.037630359,0.034086226,0.050683185,-0.011102270,0.561095996,0.054763980,-0.028927217,0.827215042,-0.022427931,-0.057377648,-0.010073483,-0.012391137,0.000125082,-0.000327495,0.004584995,0.000610915,-0.001444205,-0.014978417,0.009908210,0.009236897,0.001244723,0.310230326,0.001237910,-0.007558808,0.017477712,-0.067955233,-0.045766512,-0.839490655,0.030351712,1.007971402,0.236105139,-0.082468760,0.051986272,0.041128445,0.177509367,0.054451341,-0.286652667,-0.298323906,0.068223863
2410,2.410000,step_1,0,2.411000,0.019943921,0.016935653,0.040803686,0.042881916,0.091867500,0.215360776,0.027730000,0.079016034,0.215391974,0.012478809,0.181132424,-0.224337808,0.034708944,0.170353038,-0.216831417,0.024018983,0.218560592,0.055436700,0.033891754,-0.036359888,0.034104575,0.050734381,-0.011367536,0.563379085,0.057104646,-0.028924751,0.830484868,-0.022428186,-0.057427129,-0.009741845,-0.013078762,0.000133809,-0.000324070,0.004805455,0.000615847,-0.001527455,-0.015818839,0.010427193,0.009738043,0.001292083,0.310808507,0.001337159,-0.007984117,0.018473393,-0.068974479,-0.045675868,-0.839432462,0.030561281,1.008013207,0.236412867,-0.083800005,0.052413143,0.041811670,0.176706183,0.055693704,-0.285724809,-0.298774567,0.069887869
2420,2.420000,step_1,0,2.421000,0.019715198,0.016553813,0.041231546,0.043347660,0.091867500,0.215360776,0.027730000,0.079386255,0.215393378,0.012468725,0.181132424,-0.224337808,0.034708944,0.170722443,-0.217062754,0.024091289,0.215251271,0.055552405,0.033924656,-0.035164392,0.034123185,0.050787444,-0.011610347,0.565531904,0.059341844,-0.028936856,0.833621281,-0.022428991,-0.057471791,-0.009437124,-0.013775905,0.000142712,-0.000320642,0.005027883,0.000620743,-0.001611969,-0.016672296,0.010949861,0.010245413,0.001339347,0.311398616,0.001439118,-0.008415796,0.019485832,-0.069873872,-0.045585640,-0.839372595,0.030737122,1.008053388,0.236738241,-0.084995320,0.052733038,0.042406204,0.175882959,0.056860951,-0.284802064,-0.299148303,0.071389526
2430,2.430000,step_1,0,2.431000,0.019488191,0.016171027,0.041597186,0.043736558,0.091867500,0.215360776,0.027730000,0.079760480,0.215394777,0.012458834,0.181132424,-0.224337808,0.034708944,0.171095320,-0.217296356,0.024164911,0.212084796,0.055667715,0.033957394,-0.034044722,0.034142015,0.050842304,-0.011829981,0.567554066,0.061473359,-0.028963378,0.836620966,-0.022430347,-0.057511468,-0.009160319,-0.014481354,0.000151781,-0.000317220,0.005251937,0.000625597,-0.001697622,-0.017537408,0.011475139,0.010758108,0.001386427,0.311999884,0.001543640,-0.008853094,0.020513409,-0.070650716,-0.045495983,-0.839311100,0.030878758,1.008091798,0.237080883,-0.086051105,0.052945329,0.042910293,0.175041055,0.057948939,-0.283886416,-0.299443660,0.072723759
2440,2.440000,step_1,0,2.441000,0.019263567,0.015788261,0.041899410,0.044047307,0.091867500,0.215360776,0.027730000,0.080138058,0.215396166,0.012449164,0.181132424,-0.224337808,0.034708944,0.171470994,-0.217531803,0.024239740,0.209064135,0.055782473,0.033989913,-0.033001617,0.034161025,0.050898883,-0.012025774,0.569445336,0.063497185,-0.029004135,0.839480893,-0.022432254,-0.057546011,-0.008912346,-0.015193871,0.000161002,-0.000313811,0.005477271,0.000630400,-0.001784284,-0.018412761,0.012001948,0.011275211,0.001433239,0.312611499,0.001650572,-0.009295239,0.021554454,-0.071302653,-0.045407052,-0.839248037,0.030985796,1.008128299,0.237440363,-0.086964116,0.053049677,0.043322431,0.174181881,0.058953775,-0.282979843,-0.299659399,0.073885976
2450,2.450000,step_1,0,2.451000,0.019041983,0.015406492,0.042137214,0.044278853,0.091867500,0.215360776,0.027730000,0.080518331,0.215397545,0.012439738,0.181132424,-0.224337808,0.034708944,0.171848780,-0.217768669,0.024315659,0.206191983,0.055896523,0.034022159,-0.032035688,0.034180174,0.050957101,-0.012197127,0.571205640,0.065411541,-0.029058921,0.842198321,-0.022434712,-0.057575283,-0.008694036,-0.015912196,0.000170363,-0.000310423,0.005703534,0.000635143,-0.001871826,-0.019296908,0.012529207,0.011795794,0.001479697,0.313232613,0.001759751,-0.009741445,0.022607252,-0.071827661,-0.045318999,-0.839183475,0.031057922,1.008162766,0.237816207,-0.087731471,0.053046022,0.043641372,0.173306884,0.059871856,-0.282084308,-0.299794499,0.074872097
2460,2.460000,step_1,0,2.461000,0.018824080,0.015026715,0.042309785,0.044430391,0.091867500,0.215360776,0.027730000,0.080900629,0.215398909,0.012430579,0.181132424,-0.224337808,0.034708944,0.172227987,-0.218006525,0.024392549,0.203470734,0.056009709,0.034054080,-0.031147405,0.034199421,0.051016870,-0.012343497,0.572835081,0.067214895,-0.029127495,0.844770802,-0.022437718,-0.057599164,-0.008506132,-0.016635051,0.000179851,-0.000307062,0.005930374,0.000639817,-0.001960115,-0.020188376,0.013055834,0.012318916,0.001525717,0.313862344,0.001871007,-0.010190914,0.023670049,-0.072224061,-0.045231977,-0.839117496,0.031094910,1.008195084,0.238207894,-0.088350661,0.052934564,0.043866122,0.172417549,0.060699895,-0.281201754,-0.299848158,0.075678569
2470,2.470000,step_1,0,2.471000,0.018610478,0.014649930,0.042416503,0.044501365,0.091867500,0.215360776,0.027730000,0.081284277,0.215400257,0.012421710,0.181132424,-0.224337808,0.034708944,0.172607921,-0.218244936,0.024470282,0.200902448,0.056121878,0.034085622,-0.030337081,0.034218726,0.051078101,-0.012464410,0.574333952,0.068905989,-0.029209586,0.847196195,-0.022441268,-0.057617547,-0.008349285,-0.017361144,0.000189452,-0.000303737,0.006157438,0.000644415,-0.002049017,-0.021085666,0.013580754,0.012843631,0.001571215,0.314499778,0.001984160,-0.010642834,0.024741057,-0.072490516,-0.045146133,-0.839050193,0.031096619,1.008225151,0.238614857,-0.088819552,0.052715752,0.043995947,0.171515387,0.061434962,-0.280334087,-0.299819795,0.076302394
2480,2.480000,step_1,0,2.481000,0.018401773,0.014277142,0.042456942,0.044491469,0.091867500,0.215360776,0.027730000,0.081668595,0.215401585,0.012413149,0.181132424,-0.224337808,0.034708944,0.172987883,-0.218483468,0.024548729,0.198488828,0.056232879,0.034116734,-0.029604858,0.034238047,0.051140699,-0.012559451,0.575702757,0.070483856,-0.029304889,0.849472674,-0.022445360,-0.057630339,-0.008224051,-0.018089171,0.000199153,-0.000300454,0.006384368,0.000648927,-0.002138395,-0.021987262,0.014102895,0.013368983,0.001616109,0.315143974,0.002099025,-0.011096388,0.025818458,-0.072626040,-0.045061616,-0.838981670,0.031062997,1.008252879,0.239036488,-0.089136401,0.052390275,0.044030374,0.170601935,0.062074507,-0.279483173,-0.299709049,0.076741142
2490,2.490000,step_1,0,2.491000,0.018198530,0.013909359,0.042430874,0.044400650,0.091867500,0.215360776,0.027730000,0.082052900,0.215402891,0.012404911,0.181132424,-0.224337808,0.034708944,0.173367178,-0.218721685,0.024627755,0.196231184,0.056342564,0.034147365,-0.028950688,0.034257342,0.051204563,-0.012628275,0.576942233,0.071947842,-0.029413059,0.851598744,-0.022449985,-0.057637461,-0.008130886,-0.018817818,0.000208938,-0.000297221,0.006610811,0.000653344,-0.002228112,-0.022891628,0.014621193,0.013894017,0.001660316,0.315793970,0.002215410,-0.011550750,0.026900413,-0.072629998,-0.044978569,-0.838912042,0.030994087,1.008278193,0.239472138,-0.089299857,0.051959046,0.043969196,0.169678740,0.062616390,-0.278650825,-0.299515779,0.076992974
2500,2.500000,step_1,0,2.501000,0.018001277,0.013547578,0.042338266,0.044229110,0.091867500,0.215360776,0.027730000,0.082436508,0.215404174,0.012397013,0.181132424,-0.224337808,0.034708944,0.173745108,-0.218959150,0.024707221,0.194130407,0.056450788,0.034177464,-0.028374321,0.034276570,0.051269593,-0.012670602,0.578053375,0.073297633,-0.029533712,0.853573257,-0.022455138,-0.057638849,-0.008070145,-0.019545770,0.000218795,-0.000294045,0.006836410,0.000657659,-0.002318032,-0.023797220,0.015134597,0.014417774,0.001703759,0.316448783,0.002333115,-0.012005091,0.027985064,-0.072502111,-0.044897132,-0.838841435,0.030890022,1.008301033,0.239921118,-0.089308975,0.051423195,0.043812468,0.168747361,0.063058907,-0.277838790,-0.299240069,0.077056657
2510,2.510000,step_1,0,2.511000,0.017810507,0.013192789,0.042179288,0.043977304,0.091867500,0.215360776,0.027730000,0.082818734,0.215405429,0.012389465,0.181132424,-0.224337808,0.034708944,0.174120980,-0.219195431,0.024786983,0.192186929,0.056557412,0.034206983,-0.027875284,0.034295690,0.051335681,-0.012686219,0.579037459,0.074533275,-0.029666423,0.855395426,-0.022460808,-0.057634453,-0.008042080,-0.020271710,0.000228708,-0.000290934,0.007060814,0.000661862,-0.002408015,-0.024702483,0.015642065,0.014939300,0.001746357,0.317107416,0.002451934,-0.012458581,0.029070541,-0.072242457,-0.044817442,-0.838769986,0.030751036,1.008321356,0.240382700,-0.089163223,0.050784065,0.043560516,0.167809359,0.063400809,-0.277048744,-0.298882224,0.076931581
2520,2.520000,step_1,0,2.521000,0.017626666,0.012845962,0.041954313,0.043645946,0.091867500,0.215360776,0.027730000,0.083198897,0.215406656,0.012382278,0.181132424,-0.224337808,0.034708944,0.174494108,-0.219430096,0.024866898,0.190400698,0.056662300,0.034235875,-0.027452864,0.034314660,0.051402718,-0.012674987,0.579896080,0.075655199,-0.029810721,0.857064849,-0.022466985,-0.057624235,-0.008046837,-0.020994322,0.000238662,-0.000287894,0.007283672,0.000665944,-0.002497924,-0.025605859,0.016142571,0.015457644,0.001788036,0.317768861,0.002571659,-0.012910388,0.030154971,-0.071851481,-0.044739632,-0.838697838,0.030577461,1.008339131,0.240856122,-0.088862490,0.050043198,0.043213936,0.166866292,0.063641320,-0.276282281,-0.298442774,0.076617768
2530,2.530000,step_1,0,2.531000,0.017450152,0.012508041,0.041663918,0.043236011,0.091867500,0.215360776,0.027730000,0.083576320,0.215407851,0.012375459,0.181132424,-0.224337808,0.034708944,0.174863812,-0.219662719,0.024946817,0.188771140,0.056765322,0.034264093,-0.027106091,0.034333439,0.051470591,-0.012636835,0.580631177,0.076664239,-0.029966085,0.858581530,-0.022473655,-0.057608173,-0.008084450,-0.021712300,0.000248644,-0.000284932,0.007504638,0.000669898,-0.002587621,-0.026505793,0.016635108,0.015971865,0.001828721,0.318432107,0.002692072,-0.013359686,0.031236481,-0.071329989,-0.044663829,-0.838625147,0.030369731,1.008354346,0.241340586,-0.088407095,0.049202337,0.042773598,0.165919708,0.063780151,-0.275540898,-0.297922472,0.076115889
2540,2.540000,step_1,0,2.541000,0.017281312,0.012179935,0.041308888,0.042748735,0.091867500,0.215360776,0.027730000,0.083950334,0.215409014,0.012369013,0.181132424,-0.224337808,0.034708944,0.175229421,-0.219892878,0.025026590,0.187297123,0.056866356,0.034291596,-0.026833717,0.034351987,0.051539186,-0.012571765,0.581245072,0.077561664,-0.030131947,0.859945901,-0.022480803,-0.057586260,-0.008154848,-0.022424343,0.000258637,-0.000282056,0.007723370,0.000673715,-0.002676970,-0.027400733,0.017118684,0.016481029,0.001868340,0.319096141,0.002812955,-0.013805651,0.032313208,-0.070679161,-0.044590157,-0.838552075,0.030128386,1.008367002,0.241835263,-0.087797797,0.048263421,0.042240646,0.164971141,0.063817509,-0.274825992,-0.297322298,0.075427267
2550,2.550000,step_1,0,2.551000,0.017120440,0.011862511,0.040890221,0.042185622,0.091867500,0.215360776,0.027730000,0.084320275,0.215410141,0.012362943,0.181132424,-0.224337808,0.034708944,0.175590277,-0.220120159,0.025106068,0.185976923,0.056965283,0.034318340,-0.026634198,0.034370264,0.051608384,-0.012479856,0.581740510,0.078349197,-0.030307683,0.861158851,-0.022488411,-0.057558500,-0.008257844,-0.023129170,0.000268628,-0.000279271,0.007939535,0.000677388,-0.002765836,-0.028289135,0.017592328,0.016984219,0.001906824,0.319759957,0.002934084,-0.014247472,0.033383299,-0.069900547,-0.044518731,-0.838478789,0.029854073,1.008377117,0.242339293,-0.087035801,0.047228586,0.041616501,0.164022105,0.063754106,-0.274138848,-0.296643458,0.074553890
2560,2.560000,step_1,0,2.561000,0.016967770,0.011556585,0.040409126,0.041548447,0.091867500,0.215360776,0.027730000,0.084685492,0.215411231,0.012357250,0.181132424,-0.224337808,0.034708944,0.175945736,-0.220344155,0.025185098,0.184808190,0.057061996,0.034344287,-0.026505674,0.034388229,0.051678066,-0.012361261,0.582120693,0.079029039,-0.030492614,0.862221750,-0.022496461,-0.057524914,-0.008393142,-0.023825512,0.000278601,-0.000276584,0.008152804,0.000680907,-0.002854083,-0.029169471,0.018055095,0.017480532,0.001944106,0.320422557,0.003055233,-0.014684342,0.034444927,-0.068996074,-0.044449664,-0.838405465,0.029547547,1.008384725,0.242851788,-0.086122770,0.046100162,0.040902867,0.163074091,0.063591156,-0.273480633,-0.295887384,0.073498408
2570,2.570000,step_1,0,2.571000,0.016823479,0.011262905,0.039867030,0.040839255,0.091867500,0.215360776,0.027730000,0.085045346,0.215412282,0.012351931,0.181132424,-0.224337808,0.034708944,0.176295166,-0.220564468,0.025263529,0.183787905,0.057156394,0.034369401,-0.026445949,0.034405843,0.051748109,-0.012216210,0.582389330,0.079603895,-0.030686001,0.863136483,-0.022504929,-0.057485534,-0.008560330,-0.024512124,0.000288541,-0.000274001,0.008362856,0.000684266,-0.002941581,-0.030040232,0.018506059,0.017969083,0.001980123,0.321082958,0.003176174,-0.015115472,0.035496289,-0.067968049,-0.044383059,-0.838332282,0.029209681,1.008389875,0.243371834,-0.085060830,0.044880682,0.040101725,0.162128560,0.063330379,-0.272852383,-0.295055737,0.072264144
2580,2.580000,step_1,0,2.581000,0.016687682,0.010982150,0.039265582,0.040060372,0.091867500,0.215360776,0.027730000,0.085399211,0.215413293,0.012346983,0.181132424,-0.224337808,0.034708944,0.176637956,-0.220780711,0.025341210,0.182912345,0.057248384,0.034393649,-0.026452472,0.034423068,0.051818391,-0.012045014,0.582550676,0.080076999,-0.030887044,0.863905480,-0.022513792,-0.057440408,-0.008758885,-0.025187787,0.000298434,-0.000271529,0.008569382,0.000687459,-0.003028199,-0.030899933,0.018944326,0.018449011,0.002014816,0.321740197,0.003296677,-0.015540086,0.036535618,-0.066819159,-0.044319014,-0.838259422,0.028841457,1.008392629,0.243898491,-0.083852578,0.043572881,0.039215343,0.161186942,0.062973990,-0.272255003,-0.294150407,0.070855087
2590,2.590000,step_1,0,2.591000,0.016560434,0.010714911,0.038606654,0.039214410,0.091867500,0.215360776,0.027730000,0.085746478,0.215414262,0.012342401,0.181132424,-0.224337808,0.034708944,0.176973514,-0.220992509,0.025417994,0.182177049,0.057337886,0.034417000,-0.026522312,0.034439867,0.051888788,-0.011848062,0.582609583,0.080452135,-0.031094880,0.864531749,-0.022523021,-0.057389598,-0.008988169,-0.025851309,0.000308265,-0.000269173,0.008772081,0.000690477,-0.003113811,-0.031747114,0.019369025,0.018919478,0.002048128,0.322393337,0.003416513,-0.015957426,0.037561186,-0.065552477,-0.044257618,-0.838187070,0.028443979,1.008393067,0.244430799,-0.082501092,0.042179707,0.038246273,0.160250631,0.062524692,-0.271689257,-0.293173513,0.069275895
2600,2.600000,step_1,0,2.601000,0.016441730,0.010461686,0.037892345,0.038304266,0.091867500,0.215360776,0.027730000,0.086086557,0.215415188,0.012338177,0.181132424,-0.224337808,0.034708944,0.177301267,-0.221199499,0.025493732,0.181576772,0.057424828,0.034439427,-0.026652145,0.034456201,0.051959173,-0.011625826,0.582571544,0.080733667,-0.031308577,0.865018909,-0.022532587,-0.057333180,-0.009247432,-0.026501532,0.000318020,-0.000266939,0.008970666,0.000693315,-0.003198293,-0.032580351,0.019779321,0.019379672,0.002080006,0.323041470,0.003535451,-0.016366754,0.038571315,-0.064171464,-0.044198952,-0.838115410,0.028018468,1.008391279,0.244967777,-0.081009935,0.040704327,0.037197352,0.159320983,0.061985662,-0.271155760,-0.292127404,0.067531887
2610,2.610000,step_1,0,2.611000,0.016331506,0.010222868,0.037124988,0.037333140,0.091867500,0.215360776,0.027730000,0.086418876,0.215416069,0.012334302,0.181132424,-0.224337808,0.034708944,0.177620668,-0.221401334,0.025568281,0.181105452,0.057509149,0.034460907,-0.026838228,0.034472036,0.052029421,-0.011378861,0.582442746,0.080926558,-0.031527136,0.865371231,-0.022542457,-0.057271244,-0.009535811,-0.027137334,0.000327684,-0.000264831,0.009164862,0.000695969,-0.003281524,-0.033398258,0.020174409,0.019828814,0.002110402,0.323683721,0.003653264,-0.016767357,0.039564378,-0.062679967,-0.044143089,-0.838044626,0.027566271,1.008387371,0.245508427,-0.079383166,0.039150136,0.036071708,0.158399313,0.061360536,-0.270654982,-0.291014664,0.065629038
2620,2.620000,step_1,0,2.621000,0.016229641,0.009998734,0.036307152,0.036304533,0.091867500,0.215360776,0.027730000,0.086742889,0.215416904,0.012330764,0.181132424,-0.224337808,0.034708944,0.177931194,-0.221597680,0.025641501,0.180756171,0.057590801,0.034481421,-0.027076379,0.034487336,0.052099407,-0.011107806,0.582230119,0.081036397,-0.031749484,0.865593667,-0.022552595,-0.057203893,-0.009852333,-0.027757633,0.000337244,-0.000262856,0.009354407,0.000698432,-0.003363388,-0.034199491,0.020553519,0.020266155,0.002139273,0.324319254,0.003769724,-0.017158546,0.040538811,-0.061082228,-0.044090092,-0.837974899,0.027088856,1.008381459,0.246051736,-0.077625341,0.037520771,0.034872757,0.157486895,0.060653383,-0.270187234,-0.289838106,0.063573972
2630,2.630000,step_1,0,2.631000,0.016135960,0.009789443,0.035441648,0.035222267,0.091867500,0.215360776,0.027730000,0.087058073,0.215417692,0.012327553,0.181132424,-0.224337808,0.034708944,0.178232351,-0.221788223,0.025713256,0.180521113,0.057669749,0.034500953,-0.027361960,0.034502066,0.052169003,-0.010813387,0.581941387,0.081069421,-0.031974477,0.865691897,-0.022562965,-0.057131248,-0.010195914,-0.028361393,0.000346685,-0.000261016,0.009539056,0.000700700,-0.003443774,-0.034982755,0.020915921,0.020690986,0.002166581,0.324947278,0.003884608,-0.017539660,0.041493117,-0.059382879,-0.044040015,-0.837906406,0.026587818,1.008373671,0.246596676,-0.075741524,0.035820121,0.033604205,0.156584957,0.059868693,-0.269752673,-0.288600781,0.061373950
2640,2.640000,step_1,0,2.641000,0.016050238,0.009595025,0.034531532,0.034090488,0.091867500,0.215360776,0.027730000,0.087363929,0.215418434,0.012324654,0.181132424,-0.224337808,0.034708944,0.178523673,-0.221972665,0.025783417,0.180391531,0.057745972,0.034519493,-0.027689858,0.034516194,0.052238085,-0.010496415,0.581585122,0.081032543,-0.032200892,0.865672361,-0.022573523,-0.057053441,-0.010565363,-0.028947627,0.000355995,-0.000259317,0.009718582,0.000702771,-0.003522573,-0.035746808,0.021260924,0.021102633,0.002192290,0.325567046,0.003997696,-0.017910071,0.042425871,-0.057586949,-0.043992900,-0.837839319,0.026064883,1.008364146,0.247142209,-0.073737290,0.034052340,0.032270051,0.155694683,0.059011340,-0.269351296,-0.287305972,0.059036861
2650,2.650000,step_1,0,2.651000,0.015972205,0.009415385,0.033580115,0.032913688,0.091867500,0.215360776,0.027730000,0.087659990,0.215419127,0.012322054,0.181132424,-0.224337808,0.034708944,0.178804727,-0.222150727,0.025851858,0.180357710,0.057819460,0.034537035,-0.028054463,0.034529689,0.052306528,-0.010157788,0.581170792,0.080933368,-0.032427432,0.865542300,-0.022584227,-0.056970619,-0.010959383,-0.029515397,0.000365161,-0.000257762,0.009892773,0.000704642,-0.003599683,-0.036490466,0.021587879,0.021500465,0.002216373,0.326177864,0.004108773,-0.018269181,0.043335727,-0.055699862,-0.043948780,-0.837773799,0.025521905,1.008353031,0.247687291,-0.071618732,0.032221863,0.030874587,0.154817213,0.058086565,-0.268982941,-0.285957201,0.056571205
2660,2.660000,step_1,0,2.661000,0.015901550,0.009250295,0.032590967,0.031696717,0.091867500,0.215360776,0.027730000,0.087945820,0.215419771,0.012319736,0.181132424,-0.224337808,0.034708944,0.179075111,-0.222322153,0.025918462,0.180408926,0.057890222,0.034553576,-0.028449653,0.034542519,0.052374209,-0.009798496,0.580708814,0.080780223,-0.032652716,0.865309796,-0.022595030,-0.056882947,-0.011376571,-0.030063825,0.000374171,-0.000256355,0.010061439,0.000706311,-0.003675008,-0.037212610,0.021896185,0.021883897,0.002238807,0.326779090,0.004217630,-0.018616431,0.044221428,-0.053727437,-0.043907675,-0.837710002,0.024960871,1.008340482,0.248230869,-0.069392462,0.030333421,0.029422395,0.153953639,0.057099942,-0.268647286,-0.284558226,0.053986087
2670,2.670000,step_1,0,2.671000,0.015837926,0.009099409,0.031567924,0.030444810,0.091867500,0.215360776,0.027730000,0.088221012,0.215420367,0.012317684,0.181132424,-0.224337808,0.034708944,0.179334461,-0.222486706,0.025983120,0.180533417,0.057958281,0.034569122,-0.028868773,0.034554655,0.052441007,-0.009419616,0.580210601,0.080582172,-0.032875287,0.864983809,-0.022605883,-0.056790603,-0.011815424,-0.030592091,0.000383013,-0.000255099,0.010224410,0.000707778,-0.003748458,-0.037912189,0.022185290,0.022252389,0.002259576,0.327370140,0.004324065,-0.018951299,0.045081804,-0.051675893,-0.043869592,-0.837648070,0.024383903,1.008326662,0.248771885,-0.067065619,0.028392053,0.027918353,0.153105009,0.056057354,-0.268343849,-0.283113044,0.051291193
2680,2.680000,step_1,0,2.681000,0.015780956,0.008962259,0.030515095,0.029163605,0.091867500,0.215360776,0.027730000,0.088485198,0.215420914,0.012315883,0.181132424,-0.224337808,0.034708944,0.179582448,-0.222644176,0.026045730,0.180718344,0.058023677,0.034583680,-0.029304626,0.034566071,0.052506801,-0.009022316,0.579688612,0.080349045,-0.033093602,0.864574213,-0.022616732,-0.056693778,-0.012274340,-0.031099440,0.000391675,-0.000253996,0.010381537,0.000709043,-0.003819947,-0.038588228,0.022454692,0.022605454,0.002278670,0.327950492,0.004427882,-0.019273306,0.045915786,-0.049551845,-0.043834529,-0.837588134,0.023793258,1.008311738,0.249309284,-0.064645870,0.026403122,0.026367634,0.152272322,0.054964960,-0.268071990,-0.281625892,0.048496784
2690,2.690000,step_1,0,2.691000,0.015730242,0.008838271,0.029436873,0.027859178,0.091867500,0.215360776,0.027730000,0.088738046,0.215421411,0.012314315,0.181132424,-0.224337808,0.034708944,0.179818786,-0.222794375,0.026106199,0.180949766,0.058086466,0.034597266,-0.029749450,0.034576739,0.052571474,-0.008607857,0.579156391,0.080091452,-0.033306034,0.864091838,-0.022627524,-0.056592683,-0.012751617,-0.031585187,0.000400147,-0.000253047,0.010532697,0.000710109,-0.003889399,-0.039239829,0.022703949,0.022942657,0.002296086,0.328519684,0.004528894,-0.019582017,0.046722407,-0.047362307,-0.043802466,-0.837530308,0.023191329,1.008295883,0.249842009,-0.062141416,0.024372332,0.024775703,0.151456535,0.053829171,-0.267830911,-0.280101247,0.045613675
2700,2.700000,step_1,0,2.701000,0.015685366,0.008726779,0.028337941,0.026538079,0.091867500,0.215360776,0.027730000,0.088979262,0.215421860,0.012312962,0.181132424,-0.224337808,0.034708944,0.180043226,-0.222937141,0.026164445,0.181212602,0.058146725,0.034609900,-0.030194909,0.034586634,0.052634911,-0.008177590,0.578628614,0.079820807,-0.033510876,0.863548497,-0.022638201,-0.056487542,-0.013245460,-0.032048716,0.000408420,-0.000252256,0.010677789,0.000710978,-0.003956743,-0.039866182,0.022932672,0.023263620,0.002311827,0.329077321,0.004626925,-0.019877041,0.047500807,-0.045114690,-0.043773374,-0.837474693,0.022580650,1.008279273,0.250369006,-0.059560991,0.022305736,0.023148320,0.150658560,0.052656621,-0.267619659,-0.278543830,0.042653226
2710,2.710000,step_1,0,2.711000,0.015645901,0.008627036,0.027223283,0.025207373,0.091867500,0.215360776,0.027730000,0.089208594,0.215422260,0.012311808,0.181132424,-0.224337808,0.034708944,0.180255565,-0.223072339,0.026220395,0.181490606,0.058204548,0.034621607,-0.030632079,0.034595734,0.052697002,-0.007732958,0.578121120,0.079549347,-0.033706330,0.862957026,-0.022648702,-0.056378594,-0.013753982,-0.032489489,0.000416484,-0.000251622,0.010816740,0.000711654,-0.004021916,-0.040466565,0.023140540,0.023568024,0.002325905,0.329623074,0.004721809,-0.020158038,0.048250244,-0.042816804,-0.043747205,-0.837421371,0.021963891,1.008262085,0.250889227,-0.056913865,0.020209753,0.021491539,0.149879264,0.051454145,-0.267437131,-0.276958602,0.039627325
2720,2.720000,step_1,0,2.721000,0.015611412,0.008538233,0.026098193,0.023874692,0.091867500,0.215360776,0.027730000,0.089425834,0.215422613,0.012310836,0.181132424,-0.224337808,0.034708944,0.180455647,-0.223199866,0.026273988,0.181766343,0.058260049,0.034632421,-0.031051436,0.034604017,0.052757638,-0.007275498,0.577650951,0.079290148,-0.033890515,0.862331313,-0.022658965,-0.056266097,-0.014275202,-0.032907049,0.000424330,-0.000251146,0.010949504,0.000712143,-0.004084865,-0.041040352,0.023327296,0.023855612,0.002338340,0.330156683,0.004813389,-0.020424722,0.048970093,-0.040476854,-0.043723899,-0.837370403,0.021343865,1.008244498,0.251401634,-0.054209847,0.018091176,0.019811709,0.149119470,0.050228758,-0.267282073,-0.275350768,0.036548380
2730,2.730000,step_1,0,2.731000,0.015581467,0.008459518,0.024968280,0.022548287,0.091867500,0.215360776,0.027730000,0.089630819,0.215422918,0.012310029,0.181132424,-0.224337808,0.034708944,0.180643359,-0.223319644,0.026325174,0.182021156,0.058313363,0.034642380,-0.031442844,0.034611463,0.052816715,-0.006806838,0.577236375,0.079057148,-0.034061463,0.861686326,-0.022668923,-0.056150322,-0.014807054,-0.033301022,0.000431952,-0.000250828,0.011076065,0.000712453,-0.004145543,-0.041587021,0.023492753,0.024126193,0.002349158,0.330677961,0.004901522,-0.020676857,0.049659853,-0.038103441,-0.043703380,-0.837321832,0.020723527,1.008226688,0.251905197,-0.051459283,0.015957181,0.018115473,0.148379960,0.048987636,-0.267153085,-0.273725778,0.033429302
2740,2.740000,step_1,0,2.741000,0.015555639,0.008390012,0.023839479,0.021237093,0.091867500,0.215360776,0.027730000,0.089823434,0.215423176,0.012309370,0.181132424,-0.224337808,0.034708944,0.180818642,-0.223431628,0.026373916,0.182235152,0.058364648,0.034651528,-0.031795552,0.034618053,0.052874134,-0.006328701,0.576896913,0.078865158,-0.034217121,0.861038137,-0.022678510,-0.056031559,-0.015347383,-0.033671122,0.000439342,-0.000250666,0.011196436,0.000712592,-0.004203914,-0.042106154,0.023636798,0.024379644,0.002358395,0.331186789,0.004986080,-0.020914269,0.050319154,-0.035705562,-0.043685555,-0.837275678,0.020105973,1.008208830,0.252398900,-0.048673059,0.013815335,0.016409765,0.147661474,0.047738104,-0.267048626,-0.272089326,0.030283502
2750,2.750000,step_1,0,2.751000,0.015533512,0.008328830,0.022718049,0.019950784,0.091867500,0.215360776,0.027730000,0.090003613,0.215423390,0.012308845,0.181132424,-0.224337808,0.034708944,0.180981486,-0.223535807,0.026420191,0.182387175,0.058414081,0.034659919,-0.032098180,0.034623772,0.052929799,-0.005842901,0.576653358,0.078729884,-0.034355345,0.860403952,-0.022687655,-0.055910114,-0.015893946,-0.034017156,0.000446496,-0.000250660,0.011310664,0.000712569,-0.004259950,-0.042597445,0.023759396,0.024615912,0.002366097,0.331683127,0.005066944,-0.021136839,0.050947762,-0.033292605,-0.043670315,-0.837231935,0.019494441,1.008191097,0.252881741,-0.045862598,0.011673601,0.014701814,0.146964709,0.046487623,-0.266967012,-0.270447349,0.027124884
2760,2.760000,step_1,0,2.761000,0.015514684,0.008275095,0.021610573,0.018699824,0.091867500,0.215360776,0.027730000,0.090171342,0.215423559,0.012308439,0.181132424,-0.224337808,0.034708944,0.181131934,-0.223632202,0.026463987,0.182454788,0.058461864,0.034667609,-0.032338715,0.034628605,0.052983620,-0.005351345,0.576527789,0.078667939,-0.034473907,0.859802128,-0.022696286,-0.055786308,-0.016444417,-0.034339026,0.000453408,-0.000250807,0.011418826,0.000712398,-0.004313634,-0.043060707,0.023860596,0.024835018,0.002372315,0.332167005,0.005144015,-0.021344514,0.051545582,-0.030874354,-0.043657535,-0.837190575,0.018892314,1.008173657,0.253352738,-0.043039859,0.009540337,0.012999140,0.146290323,0.045243792,-0.266906424,-0.268806031,0.023967834
2770,2.770000,step_1,0,2.771000,0.015498774,0.008227953,0.020523938,0.017495482,0.091867500,0.215360776,0.027730000,0.090326662,0.215423686,0.012308137,0.181132424,-0.224337808,0.034708944,0.181270087,-0.223720869,0.026505308,0.182414256,0.058508224,0.034674666,-0.032504504,0.034632539,0.053035512,-0.004856034,0.576543582,0.078696863,-0.034570491,0.859252194,-0.022704327,-0.055660481,-0.016996386,-0.034636735,0.000460075,-0.000251105,0.011521037,0.000712091,-0.004364960,-0.043495873,0.023940529,0.025037060,0.002377114,0.332638533,0.005217207,-0.021537305,0.052112665,-0.028460977,-0.043647068,-0.837151543,0.018303116,1.008156672,0.253810926,-0.040217336,0.007424300,0.011309554,0.145638932,0.044014340,-0.266864910,-0.267171798,0.020827225
2780,2.780000,step_1,0,2.781000,0.015485420,0.008186588,0.019465306,0.016349793,0.091867500,0.215360776,0.027730000,0.090469669,0.215423773,0.012307927,0.181132424,-0.224337808,0.034708944,0.181396101,-0.223801901,0.026544172,0.182240526,0.058553411,0.034681160,-0.032582250,0.034635564,0.053085398,-0.004359059,0.576725419,0.078835133,-0.034642694,0.858774865,-0.022711702,-0.055532989,-0.017547356,-0.034910388,0.000466495,-0.000251549,0.011617446,0.000711664,-0.004413931,-0.043903008,0.023999419,0.025222217,0.002380566,0.333097896,0.005286450,-0.021715288,0.052649211,-0.026063036,-0.043638755,-0.837114757,0.017730515,1.008140296,0.254255363,-0.037408055,0.005334639,0.009641160,0.145011109,0.042807140,-0.266840385,-0.265551322,0.017718410
2790,2.790000,step_1,0,2.791000,0.015474288,0.008150231,0.018442055,0.015275402,0.091867500,0.215360776,0.027730000,0.090600516,0.215423820,0.012307797,0.181132424,-0.224337808,0.034708944,0.181510194,-0.223875427,0.026580613,0.181907215,0.058597700,0.034687173,-0.032558010,0.034637671,0.053133204,-0.003862602,0.577099286,0.079102183,-0.034688025,0.858392062,-0.022718331,-0.055404206,-0.018094748,-0.035160201,0.000472666,-0.000252135,0.011708241,0.000711134,-0.004460563,-0.044282307,0.024037582,0.025390749,0.002382755,0.333545361,0.005351695,-0.021878614,0.053155576,-0.023691476,-0.043632413,-0.837080106,0.017178321,1.008124680,0.254685133,-0.034625569,0.003280892,0.008002347,0.144407389,0.041630211,-0.266830638,-0.263951516,0.014657231
2800,2.800000,step_1,0,2.801000,0.015465068,0.008118172,0.017461692,0.014285234,0.091867500,0.215360776,0.027730000,0.090719420,0.215423831,0.012307735,0.181132424,-0.224337808,0.034708944,0.181612642,-0.223941618,0.026614678,0.181386590,0.058641394,0.034692792,-0.032417184,0.034638853,0.053178865,-0.003368936,0.577692479,0.079518415,-0.034703907,0.858126922,-0.022724133,-0.055274522,-0.018635896,-0.035386498,0.000478589,-0.000252859,0.011793647,0.000710519,-0.004504883,-0.044634105,0.024055433,0.025543001,0.002383772,0.333981274,0.005412906,-0.022027501,0.053632276,-0.021357626,-0.043627841,-0.837047450,0.016650485,1.008109962,0.255099344,-0.031883958,0.001272979,0.006401798,0.143828261,0.040491738,-0.266833327,-0.262379537,0.011660015
2810,2.810000,step_1,0,2.811000,0.015457480,0.008089758,0.016531715,0.013391910,0.091867500,0.215360776,0.027730000,0.090826656,0.215423807,0.012307732,0.181132424,-0.224337808,0.034708944,0.181703788,-0.224000682,0.026646433,0.180649555,0.058684821,0.034698110,-0.032144520,0.034639106,0.053222321,-0.002880425,0.578533595,0.080105219,-0.034687673,0.858003811,-0.022729025,-0.055144345,-0.019168049,-0.035589720,0.000484265,-0.000253715,0.011873931,0.000709841,-0.004546931,-0.044958881,0.024053487,0.025679409,0.002383723,0.334406064,0.005470070,-0.022162245,0.054079995,-0.019073198,-0.043624821,-0.837016620,0.016151102,1.008096274,0.255497137,-0.029197820,-0.000678814,0.004848480,0.143274173,0.039400091,-0.266845990,-0.260842784,0.008743588
2820,2.820000,step_1,0,2.821000,0.015451272,0.008064405,0.015659416,0.012606835,0.091867500,0.215360776,0.027730000,0.090922564,0.215423751,0.012307778,0.181132424,-0.224337808,0.034708944,0.181784040,-0.224052869,0.026675960,0.179665637,0.058728340,0.034703230,-0.031724102,0.034638428,0.053263521,-0.002399518,0.579652537,0.080884984,-0.034636572,0.858048334,-0.022732921,-0.055014099,-0.019688368,-0.035770428,0.000489697,-0.000254695,0.011949401,0.000709122,-0.004586760,-0.045257262,0.024032364,0.025800497,0.002382722,0.334820243,0.005523193,-0.022283220,0.054499585,-0.016850285,-0.043623110,-0.836987414,0.015684404,1.008083735,0.255877681,-0.026582268,-0.002563841,0.003351648,0.142745525,0.038363848,-0.266866035,-0.259348892,0.005925281
2830,2.830000,step_1,0,2.831000,0.015446218,0.008041593,0.014851622,0.011938955,0.091867500,0.215360776,0.027730000,0.091007553,0.215423666,0.012307867,0.181132424,-0.224337808,0.034708944,0.181853873,-0.224098474,0.026703356,0.178402962,0.058772335,0.034708263,-0.031139347,0.034636819,0.053302420,-0.001928754,0.581080502,0.081881117,-0.034547759,0.858287350,-0.022735734,-0.054884227,-0.020193924,-0.035929305,0.000494889,-0.000255792,0.012020409,0.000708387,-0.004624435,-0.045530031,0.023992794,0.025906885,0.002380894,0.335224412,0.005572300,-0.022390878,0.054892075,-0.014701354,-0.043622448,-0.836959601,0.015254762,1.008072458,0.256240180,-0.024052924,-0.004371115,0.001920843,0.142242673,0.037391823,-0.266890750,-0.257905738,0.003222939
2840,2.840000,step_1,0,2.841000,0.015442122,0.008020867,0.014114371,0.011393304,0.091867500,0.215360776,0.027730000,0.091082098,0.215423554,0.012307992,0.181132424,-0.224337808,0.034708944,0.181913832,-0.224137833,0.026728736,0.176828244,0.058817223,0.034713327,-0.030373003,0.034634280,0.053338984,-0.001470759,0.582849978,0.083118063,-0.034418302,0.858748976,-0.022737375,-0.054755186,-0.020681699,-0.036067159,0.000499846,-0.000256999,0.012087350,0.000707661,-0.004660037,-0.045778128,0.023935617,0.025999289,0.002378377,0.335619260,0.005617440,-0.022485755,0.055258678,-0.012639250,-0.043622552,-0.836932916,0.014866684,1.008062541,0.256583875,-0.021625913,-0.006089323,0.000565890,0.141765922,0.036493099,-0.266917297,-0.256521433,0.000654940
2850,2.850000,step_1,0,2.851000,0.015438814,0.008001834,0.013452530,0.010969641,0.091867500,0.215360776,0.027730000,0.091146743,0.215423420,0.012308147,0.181132424,-0.224337808,0.034708944,0.181964534,-0.224171329,0.026752234,0.174906758,0.058863448,0.034718547,-0.029407135,0.034630818,0.053373184,-0.001028242,0.584994742,0.084621317,-0.034245178,0.859462600,-0.022737752,-0.054627454,-0.021148579,-0.036184933,0.000504577,-0.000258305,0.012150666,0.000706975,-0.004693660,-0.046002659,0.023861788,0.026078525,0.002375321,0.336005569,0.005658683,-0.022568472,0.055600793,-0.010677190,-0.043623117,-0.836907060,0.014524817,1.008054071,0.256908044,-0.019317855,-0.007706848,-0.000703101,0.141315525,0.035677066,-0.266942714,-0.255204323,-0.001759794
2860,2.860000,step_1,0,2.861000,0.015436147,0.007984158,0.012869410,0.010661599,0.091867500,0.215360776,0.027730000,0.091202108,0.215423266,0.012308327,0.181132424,-0.224337808,0.034708944,0.182006669,-0.224199391,0.026774002,0.172602320,0.058911488,0.034724058,-0.028223121,0.034626438,0.053405003,-0.000603995,0.587549848,0.086417451,-0.034025269,0.860458892,-0.022736774,-0.054501522,-0.021591354,-0.036283700,0.000509089,-0.000259701,0.012210846,0.000706357,-0.004725414,-0.046204900,0.023772382,0.026145511,0.002371885,0.336384216,0.005696122,-0.022639736,0.055920013,-0.008828763,-0.043623815,-0.836881701,0.014233940,1.008047126,0.257212006,-0.017145862,-0.009211786,-0.001875739,0.140891682,0.034953459,-0.266963909,-0.253962987,-0.004001778
2870,2.870000,step_1,0,2.871000,0.015433999,0.007967551,0.012366426,0.010456731,0.091867500,0.215360776,0.027730000,0.091248884,0.215423096,0.012308529,0.181132424,-0.224337808,0.034708944,0.182041004,-0.224222496,0.026794207,0.169877257,0.058961850,0.034730004,-0.026801636,0.034621151,0.053434431,-0.000200895,0.590551630,0.088534134,-0.033755361,0.861769808,-0.022734344,-0.054377899,-0.022006714,-0.036364673,0.000513394,-0.000261177,0.012268426,0.000705842,-0.004755422,-0.046386299,0.023668591,0.026201271,0.002368245,0.336756177,0.005729873,-0.022700345,0.056218130,-0.007107924,-0.043624297,-0.836856474,0.013998967,1.008041767,0.257495123,-0.015127527,-0.010591972,-0.002941350,0.140494532,0.034332407,-0.266977666,-0.252806233,-0.006050938
2880,2.880000,step_1,0,2.881000,0.015432265,0.007951771,0.011942905,0.010337590,0.091867500,0.215360776,0.027730000,0.091287840,0.215422914,0.012308751,0.181132424,-0.224337808,0.034708944,0.182068384,-0.224241169,0.026813040,0.166692378,0.059015076,0.034736535,-0.025122639,0.034614969,0.053461468,0.000178103,0.594037692,0.091000153,-0.033432141,0.863428602,-0.022730367,-0.054257111,-0.022391244,-0.036429206,0.000517504,-0.000262720,0.012323994,0.000705464,-0.004783826,-0.046548486,0.023551733,0.026246936,0.002364584,0.337122532,0.005760079,-0.022751188,0.056497143,-0.005528998,-0.043624189,-0.836830976,0.013824949,1.008038048,0.257756804,-0.013280923,-0.011835005,-0.003888978,0.140124156,0.033824477,-0.266980632,-0.251743098,-0.007886592
2890,2.890000,step_1,0,2.891000,0.015430858,0.007936608,0.011596115,0.010283614,0.091867500,0.215360776,0.027730000,0.091319822,0.215422724,0.012308989,0.181132424,-0.224337808,0.034708944,0.182089733,-0.224255987,0.026830707,0.163006938,0.059071741,0.034743813,-0.023165355,0.034607906,0.053486124,0.000529961,0.598046903,0.093845443,-0.033052190,0.865469831,-0.022724743,-0.054139699,-0.022741420,-0.036478798,0.000521432,-0.000264317,0.012378189,0.000705259,-0.004810783,-0.046693273,0.023423250,0.026283750,0.002361103,0.337484469,0.005786905,-0.022793249,0.056759263,-0.004106670,-0.043623095,-0.836804767,0.013717068,1.008036004,0.257996504,-0.011624592,-0.012928272,-0.004707386,0.139780566,0.033440737,-0.266969320,-0.250782845,-0.009487414
2900,2.900000,step_1,0,2.901000,0.015429705,0.007921881,0.011321587,0.010273385,0.091867500,0.215360776,0.027730000,0.091345757,0.215422531,0.012309242,0.181132424,-0.224337808,0.034708944,0.182106058,-0.224267577,0.026847436,0.158778594,0.059132454,0.034752007,-0.020908254,0.034599981,0.053508421,0.000851565,0.602619389,0.097101118,-0.032611982,0.867929361,-0.022717372,-0.054026221,-0.023053605,-0.036515097,0.000525195,-0.000265956,0.012431702,0.000705267,-0.004836468,-0.046822663,0.023284712,0.026313068,0.002358013,0.337843288,0.005810546,-0.022827611,0.057006920,-0.002855991,-0.043620593,-0.836777373,0.013680647,1.008035662,0.258213730,-0.010177545,-0.013858984,-0.005385057,0.139463708,0.033192813,-0.266940100,-0.249934963,-0.010831405
2910,2.910000,step_1,0,2.911000,0.015428744,0.007907426,0.011113762,0.010286819,0.091867500,0.215360776,0.027730000,0.091366654,0.215422340,0.012309510,0.181132424,-0.224337808,0.034708944,0.182118449,-0.224276620,0.026863474,0.153963367,0.059197860,0.034761297,-0.018329025,0.034591214,0.053528389,0.001139722,0.607796521,0.100799497,-0.032107874,0.870844360,-0.022708151,-0.053917251,-0.023324039,-0.036539905,0.000528811,-0.000267621,0.012485278,0.000705528,-0.004861072,-0.046938851,0.023137816,0.026336364,0.002355538,0.338200410,0.005831221,-0.022855452,0.057242773,-0.001792369,-0.043616237,-0.836748278,0.013721147,1.008037032,0.258408040,-0.008959258,-0.014614207,-0.005910191,0.139173451,0.033092970,-0.266889193,-0.249209163,-0.011895850
2920,2.920000,step_1,0,2.921000,0.015427921,0.007893090,0.010966910,0.010307080,0.091867500,0.215360776,0.027730000,0.091383607,0.215422154,0.012309792,0.181132424,-0.224337808,0.034708944,0.182128084,-0.224283849,0.026879090,0.148515583,0.059268638,0.034771871,-0.015404547,0.034581629,0.053546071,0.001391160,0.613620895,0.104974144,-0.031536101,0.874253299,-0.022696974,-0.053813378,-0.023548834,-0.036555176,0.000532299,-0.000269298,0.012539719,0.000706086,-0.004884806,-0.047044234,0.022984390,0.026355228,0.002353918,0.338557382,0.005849180,-0.022878055,0.057469712,-0.000931570,-0.043609554,-0.836716925,0.013844178,1.008040110,0.258579051,-0.007989669,-0.015180902,-0.006270709,0.138909588,0.033154187,-0.266812663,-0.248615378,-0.012657265
2930,2.930000,step_1,0,2.931000,0.015427187,0.007878729,0.010876262,0.010323002,0.091867500,0.215360776,0.027730000,0.091397793,0.215421981,0.012310087,0.181132424,-0.224337808,0.034708944,0.182136217,-0.224290048,0.026894567,0.142387827,0.059345508,0.034783929,-0.012110853,0.034571253,0.053561521,0.001602533,0.619792493,0.109444082,-0.030923756,0.877993849,-0.022682299,-0.053732764,-0.023698831,-0.036563029,0.000535682,-0.000270970,0.012595883,0.000706987,-0.004907898,-0.047141410,0.022826397,0.026371375,0.002353400,0.338915875,0.005864745,-0.022896899,0.057691018,-0.000289713,-0.043600047,-0.836682717,0.014055503,1.008044879,0.258726435,-0.007289183,-0.015544357,-0.006454640,0.138667817,0.033382953,-0.266681156,-0.248216087,-0.013018015
2940,2.940000,step_1,0,2.941000,0.015426497,0.007864291,0.010837299,0.010328009,0.091867500,0.215360776,0.027730000,0.091410468,0.215421823,0.012310396,0.181132424,-0.224337808,0.034708944,0.182143855,-0.224295862,0.026910077,0.135893152,0.059430772,0.034796001,-0.008622708,0.034559592,0.053577404,0.001746169,0.622744451,0.111974932,-0.030584325,0.880067342,-0.022677315,-0.053684158,-0.023728771,-0.036565742,0.000538983,-0.000272621,0.012654678,0.000708241,-0.004930579,-0.047233332,0.022666020,0.026386468,0.002353836,0.339276608,0.005879019,-0.022914608,0.057911264,0.000115419,-0.043587375,-0.836645356,0.014353832,1.008034500,0.258859295,-0.006948091,-0.015683502,-0.006495046,0.138373214,0.033561146,-0.266414691,-0.248054898,-0.013004720
2950,2.950000,step_1,0,2.951000,0.015425824,0.007849825,0.010828181,0.010325047,0.091867500,0.215360776,0.027730000,0.091422627,0.215421671,0.012310713,0.181132424,-0.224337808,0.034708944,0.182151414,-0.224301628,0.026925621,0.132603387,0.059491197,0.034803956,-0.006817850,0.034554113,0.053592036,0.001778871,0.622976158,0.112614019,-0.030506864,0.880740257,-0.022677151,-0.053667823,-0.023725337,-0.036565775,0.000542221,-0.000274240,0.012716133,0.000709553,-0.004952859,-0.047324128,0.022505054,0.026401441,0.002354638,0.339638193,0.005893022,-0.022932493,0.058131851,0.000279553,-0.043572107,-0.836605635,0.014554674,1.007993148,0.258998083,-0.006942309,-0.015695913,-0.006481568,0.138027399,0.033585034,-0.266077724,-0.247961133,-0.012983941
2960,2.960000,step_1,0,2.961000,0.015425161,0.007835377,0.010826524,0.010320484,0.091867500,0.215360776,0.027730000,0.091434673,0.215421519,0.012311032,0.181132424,-0.224337808,0.034708944,0.182158930,-0.224307410,0.026941158,0.132000880,0.059530036,0.034807732,-0.006404684,0.034553175,0.053607975,0.001777777,0.622140247,0.112390026,-0.030547147,0.880879491,-0.022679040,-0.053659610,-0.023722960,-0.036564936,0.000545407,-0.000275839,0.012778748,0.000710793,-0.004974744,-0.047415057,0.022344159,0.026416497,0.002355428,0.339999498,0.005907160,-0.022950724,0.058352387,0.000323741,-0.043555784,-0.836566708,0.014610161,1.007947411,0.259138668,-0.006946838,-0.015682729,-0.006468597,0.137657553,0.033531154,-0.265722521,-0.247855014,-0.013022313
2970,2.970000,step_1,0,2.971000,0.015424512,0.007820963,0.010822271,0.010318077,0.091867500,0.215360776,0.027730000,0.091446626,0.215421366,0.012311350,0.181132424,-0.224337808,0.034708944,0.182166310,-0.224313149,0.026956658,0.132434551,0.059557792,0.034809687,-0.006522316,0.034553744,0.053624055,0.001776781,0.621176275,0.112001446,-0.030609044,0.880965477,-0.022681059,-0.053650920,-0.023730295,-0.036563815,0.000548543,-0.000277432,0.012841489,0.000711973,-0.004996245,-0.047505753,0.022183318,0.026431509,0.002356070,0.340360097,0.005921478,-0.022969055,0.058572300,0.000348341,-0.043539374,-0.836528610,0.014596273,1.007903581,0.259278669,-0.006895384,-0.015685749,-0.006474499,0.137284022,0.033457901,-0.265374093,-0.247719713,-0.013111655
2980,2.980000,step_1,0,2.981000,0.015423880,0.007806587,0.010813706,0.010318356,0.091867500,0.215360776,0.027730000,0.091458384,0.215421212,0.012311665,0.181132424,-0.224337808,0.034708944,0.182173463,-0.224318770,0.026972105,0.132961937,0.059583289,0.034811300,-0.006683165,0.034554253,0.053640248,0.001785504,0.620422134,0.111758368,-0.030650319,0.881165357,-0.022682601,-0.053638579,-0.023745832,-0.036562356,0.000551627,-0.000279027,0.012903981,0.000713125,-0.005017366,-0.047595655,0.022022321,0.026446285,0.002356564,0.340719962,0.005935878,-0.022987197,0.058791214,0.000391745,-0.043523211,-0.836490915,0.014566607,1.007862554,0.259418356,-0.006794059,-0.015710340,-0.006497741,0.136916157,0.033391068,-0.265039392,-0.247559956,-0.013227674
2990,2.990000,step_1,0,2.991000,0.015423266,0.007792243,0.010802323,0.010320440,0.091867500,0.215360776,0.027730000,0.091469855,0.215421060,0.012311979,0.181132424,-0.224337808,0.034708944,0.182180342,-0.224324222,0.026987497,0.133256740,0.059610364,0.034813162,-0.006720245,0.034554253,0.053656451,0.001802542,0.619894224,0.111710626,-0.030664489,0.881482723,-0.022683703,-0.053622987,-0.023765611,-0.036560339,0.000554659,-0.000280624,0.012966217,0.000714274,-0.005038107,-0.047684397,0.021860993,0.026460695,0.002356959,0.341079196,0.005950252,-0.023004966,0.059008975,0.000456843,-0.043507260,-0.836453253,0.014544444,1.007823265,0.259557274,-0.006667179,-0.015748544,-0.006530410,0.136555739,0.033335903,-0.264715965,-0.247388169,-0.013351153
3000,3.000000,step_1,0,3.001000,0.015422670,0.007777926,0.010789977,0.010323226,0.091867500,0.215360776,0.027730000,0.091480992,0.215420910,0.012312291,0.181132424,-0.224337808,0.034708944,0.182186933,-0.224329488,0.027002837,0.133319666,0.059639539,0.034815332,-0.006635536,0.034553811,0.053672575,0.001823719,0.619503932,0.111796930,-0.030660114,0.881869776,-0.022684542,-0.053605678,-0.023786531,-0.036557592,0.000557637,-0.000282223,0.013028305,0.000715430,-0.005058474,-0.047771838,0.021699246,0.026474686,0.002357302,0.341437902,0.005964534,-0.023022293,0.059225568,0.000534440,-0.043491380,-0.836415419,0.014533898,1.007784451,0.259695269,-0.006534299,-0.015791614,-0.006565522,0.136201217,0.033289292,-0.264399104,-0.247214161,-0.013472236
3010,3.010000,step_1,0,3.011000,0.015422091,0.007763633,0.010777829,0.010325986,0.091867500,0.215360776,0.027730000,0.091491789,0.215420761,0.012312603,0.181132424,-0.224337808,0.034708944,0.182193243,-0.224334569,0.027018128,0.133251279,0.059670015,0.034817681,-0.006481942,0.034553116,0.053688608,0.001845784,0.619166618,0.111941519,-0.030647601,0.882282497,-0.022685280,-0.053587926,-0.023807015,-0.036554042,0.000560562,-0.000283823,0.013090344,0.000716599,-0.005078470,-0.047857982,0.021537066,0.026488257,0.002357622,0.341796141,0.005978696,-0.023039181,0.059441035,0.000615559,-0.043475454,-0.836377353,0.014531462,1.007745341,0.259832310,-0.006405202,-0.015834158,-0.006599208,0.135850472,0.033246848,-0.264085174,-0.247042936,-0.013587954
3020,3.020000,step_1,0,3.021000,0.015421528,0.007749361,0.010766328,0.010328440,0.091867500,0.215360776,0.027730000,0.091502254,0.215420614,0.012312914,0.181132424,-0.224337808,0.034708944,0.182199284,-0.224339476,0.027033372,0.133140086,0.059700830,0.034820081,-0.006305536,0.034552320,0.053704552,0.001867148,0.618833387,0.112093693,-0.030633871,0.882695991,-0.022686010,-0.053570417,-0.023826602,-0.036549687,0.000563435,-0.000285423,0.013152392,0.000717779,-0.005098103,-0.047942884,0.021374470,0.026501431,0.002357928,0.342153937,0.005992738,-0.023055660,0.059655428,0.000695119,-0.043459421,-0.836339061,0.014532773,1.007705655,0.259968413,-0.006282504,-0.015874034,-0.006630243,0.135502026,0.033205589,-0.263772340,-0.246875821,-0.013698685
3030,3.030000,step_1,0,3.031000,0.015420980,0.007735109,0.010755508,0.010330598,0.091867500,0.215360776,0.027730000,0.091512406,0.215420470,0.012313224,0.181132424,-0.224337808,0.034708944,0.182205071,-0.224344219,0.027048572,0.133033349,0.059731373,0.034822462,-0.006130761,0.034551496,0.053720416,0.001887415,0.618486275,0.112231726,-0.030621878,0.883101388,-0.022686764,-0.053553356,-0.023845362,-0.036544553,0.000566256,-0.000287022,0.013214467,0.000718967,-0.005117379,-0.048026607,0.021211490,0.026514235,0.002358220,0.342511293,0.006006671,-0.023071763,0.059868790,0.000771408,-0.043443263,-0.836300567,0.014535051,1.007665382,0.260103624,-0.006165483,-0.015910989,-0.006658831,0.135155205,0.033164175,-0.263460117,-0.246712300,-0.013805704
3040,3.040000,step_1,0,3.041000,0.015420447,0.007720876,0.010745258,0.010332576,0.091867500,0.215360776,0.027730000,0.091522258,0.215420326,0.012313534,0.181132424,-0.224337808,0.034708944,0.182210613,-0.224348807,0.027063729,0.132945613,0.059761409,0.034824801,-0.005965054,0.034550667,0.053736207,0.001906724,0.618124169,0.112352712,-0.030612010,0.883498365,-0.022687544,-0.053536695,-0.023863506,-0.036538672,0.000569027,-0.000288622,0.013276574,0.000720162,-0.005136305,-0.048109200,0.021048151,0.026526689,0.002358497,0.342868206,0.006020503,-0.023087516,0.060081151,0.000844497,-0.043426987,-0.836261891,0.014537175,1.007624598,0.260237984,-0.006052671,-0.015945473,-0.006685607,0.134809880,0.033122311,-0.263148680,-0.246551407,-0.013910067
3050,3.050000,step_1,0,3.051000,0.015419926,0.007706660,0.010735462,0.010334482,0.091867500,0.215360776,0.027730000,0.091531822,0.215420185,0.012313842,0.181132424,-0.224337808,0.034708944,0.182215919,-0.224353247,0.027078845,0.132875183,0.059790933,0.034827100,-0.005807469,0.034549828,0.053751934,0.001925325,0.617751631,0.112461520,-0.030603608,0.883889370,-0.022688343,-0.053520320,-0.023881207,-0.036532075,0.000571748,-0.000290220,0.013338709,0.000721365,-0.005154888,-0.048190698,0.020884475,0.026538810,0.002358754,0.343224671,0.006034243,-0.023102933,0.060292532,0.000914996,-0.043410603,-0.836223039,0.014539004,1.007583378,0.260371528,-0.005942965,-0.015977986,-0.006711121,0.134466155,0.033080139,-0.262838366,-0.246392387,-0.014012358
3060,3.060000,step_1,0,3.061000,0.015419418,0.007692461,0.010726046,0.010336377,0.091867500,0.215360776,0.027730000,0.091541107,0.215420045,0.012314150,0.181132424,-0.224337808,0.034708944,0.182220996,-0.224357543,0.027093921,0.132816052,0.059820029,0.034829367,-0.005654871,0.034548970,0.053767598,0.001943403,0.617373147,0.112563837,-0.030595904,0.884276720,-0.022689152,-0.053504132,-0.023898558,-0.036524783,0.000574422,-0.000291819,0.013400871,0.000722574,-0.005173133,-0.048271128,0.020720480,0.026550606,0.002358992,0.343580688,0.006047896,-0.023118024,0.060502953,0.000983443,-0.043394121,-0.836184012,0.014540752,1.007541761,0.260504282,-0.005835811,-0.016008860,-0.006735683,0.134124172,0.033037876,-0.262529435,-0.246234849,-0.014112801
3070,3.070000,step_1,0,3.071000,0.015418923,0.007678278,0.010716973,0.010338276,0.091867500,0.215360776,0.027730000,0.091550122,0.215419907,0.012314458,0.181132424,-0.224337808,0.034708944,0.182225852,-0.224361700,0.027108957,0.132763387,0.059848778,0.034831607,-0.005504765,0.034548084,0.053783202,0.001961047,0.616991395,0.112663402,-0.030588395,0.884661764,-0.022689967,-0.053488083,-0.023915595,-0.036516816,0.000577047,-0.000293417,0.013463059,0.000723790,-0.005191047,-0.048350516,0.020556182,0.026562089,0.002359208,0.343936256,0.006061463,-0.023132798,0.060712431,0.001050149,-0.043377543,-0.836144809,0.014542648,1.007499761,0.260636266,-0.005731032,-0.016038254,-0.006759410,0.133784023,0.032995667,-0.262222014,-0.246078671,-0.014211440
3080,3.080000,step_1,0,3.081000,0.015418438,0.007664110,0.010708230,0.010340172,0.091867500,0.215360776,0.027730000,0.091558874,0.215419771,0.012314764,0.181132424,-0.224337808,0.034708944,0.182230492,-0.224365721,0.027123955,0.132714715,0.059877231,0.034833824,-0.005355888,0.034547167,0.053798748,0.001978286,0.616607447,0.112761808,-0.030580873,0.885045018,-0.022690787,-0.053472155,-0.023932327,-0.036508190,0.000579626,-0.000295014,0.013525276,0.000725012,-0.005208636,-0.048428885,0.020391595,0.026573266,0.002359406,0.344291376,0.006074945,-0.023147262,0.060920983,0.001115243,-0.043360872,-0.836105424,0.014544825,1.007457381,0.260767498,-0.005628615,-0.016066231,-0.006782317,0.133445740,0.032953574,-0.261916135,-0.245923865,-0.014308268
3090,3.090000,step_1,0,3.091000,0.015417964,0.007649956,0.010699808,0.010342053,0.091867500,0.215360776,0.027730000,0.091567370,0.215419636,0.012315070,0.181132424,-0.224337808,0.034708944,0.182234923,-0.224369611,0.027138916,0.132669286,0.059905407,0.034836021,-0.005207873,0.034546219,0.053814236,0.001995122,0.616221484,0.112859291,-0.030573310,0.885426551,-0.022691610,-0.053456350,-0.023948751,-0.036498920,0.000582159,-0.000296611,0.013587525,0.000726241,-0.005225905,-0.048506259,0.020226733,0.026584145,0.002359584,0.344646050,0.006088346,-0.023161423,0.061128626,0.001178767,-0.043344106,-0.836065857,0.014547327,1.007414618,0.260897994,-0.005528575,-0.016092811,-0.006804386,0.133109317,0.032911606,-0.261611781,-0.245770473,-0.014403287
3100,3.100000,step_1,0,3.101000,0.015417500,0.007635816,0.010691700,0.010343905,0.091867500,0.215360776,0.027730000,0.091575618,0.215419503,0.012315375,0.181132424,-0.224337808,0.034708944,0.182239151,-0.224373372,0.027153841,0.132627150,0.059933310,0.034838197,-0.005060764,0.034545242,0.053829670,0.002011552,0.615833380,0.112955538,-0.030565756,0.885806276,-0.022692438,-0.053440674,-0.023964870,-0.036489023,0.000584646,-0.000298208,0.013649810,0.000727477,-0.005242860,-0.048582661,0.020061610,0.026594735,0.002359745,0.345000279,0.006101665,-0.023175289,0.061335379,0.001240735,-0.043327245,-0.836026104,0.014550148,1.007371470,0.261027773,-0.005430906,-0.016118011,-0.006825608,0.132774730,0.032869747,-0.261308924,-0.245618523,-0.014496521
3110,3.110000,step_1,0,3.111000,0.015417046,0.007621688,0.010683898,0.010345721,0.091867500,0.215360776,0.027730000,0.091583626,0.215419372,0.012315679,0.181132424,-0.224337808,0.034708944,0.182243182,-0.224377009,0.027168731,0.132588537,0.059960940,0.034840353,-0.004914696,0.034544234,0.053845050,0.002027578,0.615443001,0.113050189,-0.030558263,0.886184113,-0.022693270,-0.053425133,-0.023980687,-0.036478513,0.000587089,-0.000299804,0.013712133,0.000728719,-0.005259506,-0.048658116,0.019896239,0.026605046,0.002359888,0.345354064,0.006114905,-0.023188870,0.061541258,0.001301167,-0.043310289,-0.835986163,0.014553267,1.007327936,0.261156852,-0.005335572,-0.016141858,-0.006845988,0.132441955,0.032827980,-0.261007543,-0.245468012,-0.014588009
3120,3.120000,step_1,0,3.121000,0.015416601,0.007607573,0.010676390,0.010347498,0.091867500,0.215360776,0.027730000,0.091591400,0.215419242,0.012315983,0.181132424,-0.224337808,0.034708944,0.182247023,-0.224380526,0.027183586,0.132553593,0.059988295,0.034842489,-0.004769758,0.034543199,0.053860378,0.002043207,0.615050304,0.113143034,-0.030550865,0.886560028,-0.022694107,-0.053409727,-0.023996209,-0.036467407,0.000589489,-0.000301400,0.013774498,0.000729968,-0.005275850,-0.048732647,0.019730634,0.026615084,0.002360015,0.345707406,0.006128068,-0.023202172,0.061746280,0.001360095,-0.043293238,-0.835946035,0.014556662,1.007284019,0.261285248,-0.005242520,-0.016164382,-0.006865547,0.132110971,0.032786289,-0.260707623,-0.245318921,-0.014677802
3130,3.130000,step_1,0,3.131000,0.015416164,0.007593469,0.010669165,0.010349235,0.091867500,0.215360776,0.027730000,0.091598948,0.215419114,0.012316286,0.181132424,-0.224337808,0.034708944,0.182250679,-0.224383926,0.027198408,0.132522331,0.060015378,0.034844606,-0.004625970,0.034542136,0.053875656,0.002058448,0.614655324,0.113234018,-0.030543574,0.886934029,-0.022694949,-0.053394455,-0.024011445,-0.036455719,0.000591845,-0.000302995,0.013836907,0.000731223,-0.005291897,-0.048806277,0.019564808,0.026624860,0.002360126,0.346060306,0.006141156,-0.023215205,0.061950461,0.001417560,-0.043276093,-0.835905716,0.014560321,1.007239719,0.261412979,-0.005151689,-0.016185619,-0.006884312,0.131781762,0.032744665,-0.260409159,-0.245171223,-0.014765949
3140,3.140000,step_1,0,3.141000,0.015415736,0.007579375,0.010662213,0.010350932,0.091867500,0.215360776,0.027730000,0.091606276,0.215418988,0.012316588,0.181132424,-0.224337808,0.034708944,0.182254155,-0.224387214,0.027213198,0.132494682,0.060042194,0.034846705,-0.004483308,0.034541045,0.053890885,0.002073311,0.614258144,0.113323181,-0.030536391,0.887306146,-0.022695796,-0.053379315,-0.024026404,-0.036443462,0.000594159,-0.000304590,0.013899362,0.000732485,-0.005307651,-0.048879027,0.019398774,0.026634380,0.002360221,0.346412765,0.006154170,-0.023227975,0.062153816,0.001473604,-0.043258853,-0.835865205,0.014564233,1.007195040,0.261540061,-0.005063022,-0.016205607,-0.006902311,0.131454314,0.032703099,-0.260112148,-0.245024887,-0.014852501
3150,3.150000,step_1,0,3.151000,0.015415315,0.007565292,0.010655522,0.010352588,0.091867500,0.215360776,0.027730000,0.091613390,0.215418863,0.012316889,0.181132424,-0.224337808,0.034708944,0.182257458,-0.224390392,0.027227956,0.132470539,0.060068748,0.034848785,-0.004341728,0.034539927,0.053906067,0.002087806,0.613858858,0.113410603,-0.030529307,0.887676419,-0.022696648,-0.053364305,-0.024041093,-0.036430652,0.000596432,-0.000306184,0.013961866,0.000733753,-0.005323118,-0.048950919,0.019232544,0.026643652,0.002360300,0.346764783,0.006167112,-0.023240491,0.062356361,0.001528271,-0.043241519,-0.835824501,0.014568391,1.007149982,0.261666510,-0.004976462,-0.016224382,-0.006919569,0.131128616,0.032661586,-0.259816589,-0.244879887,-0.014937501
3160,3.160000,step_1,0,3.161000,0.015414901,0.007551219,0.010649084,0.010354203,0.091867500,0.215360776,0.027730000,0.091620298,0.215418740,0.012317190,0.181132424,-0.224337808,0.034708944,0.182260592,-0.224393463,0.027242684,0.132449790,0.060095045,0.034850847,-0.004201185,0.034538783,0.053921204,0.002101945,0.613457559,0.113496361,-0.030522318,0.888044883,-0.022697505,-0.053349422,-0.024055522,-0.036417302,0.000598664,-0.000307778,0.014024422,0.000735027,-0.005338304,-0.049021974,0.019066130,0.026652684,0.002360366,0.347116360,0.006179985,-0.023252759,0.062558111,0.001581602,-0.043224091,-0.835783602,0.014572789,1.007104548,0.261792344,-0.004891956,-0.016241979,-0.006936112,0.130804656,0.032620122,-0.259522478,-0.244736197,-0.015020996
3170,3.170000,step_1,0,3.171000,0.015414495,0.007537154,0.010642888,0.010355777,0.091867500,0.215360776,0.027730000,0.091627004,0.215418618,0.012317490,0.181132424,-0.224337808,0.034708944,0.182263562,-0.224396432,0.027257381,0.132432333,0.060121092,0.034852893,-0.004061637,0.034537613,0.053936297,0.002115735,0.613054333,0.113580522,-0.030515419,0.888411573,-0.022698368,-0.053334665,-0.024069697,-0.036403425,0.000600855,-0.000309371,0.014087032,0.000736308,-0.005353213,-0.049092212,0.018899544,0.026661484,0.002360417,0.347467499,0.006192788,-0.023264785,0.062759079,0.001633635,-0.043206570,-0.835742507,0.014577422,1.007058738,0.261917578,-0.004809453,-0.016258430,-0.006951963,0.130482422,0.032578699,-0.259229813,-0.244593795,-0.015103026
3180,3.180000,step_1,0,3.181000,0.015414094,0.007523099,0.010636926,0.010357308,0.091867500,0.215360776,0.027730000,0.091633516,0.215418498,0.012317790,0.181132424,-0.224337808,0.034708944,0.182266374,-0.224399301,0.027272050,0.132418077,0.060146893,0.034854922,-0.003923047,0.034536417,0.053951348,0.002129185,0.612649258,0.113663139,-0.030508606,0.888776519,-0.022699236,-0.053320030,-0.024083625,-0.036389034,0.000603008,-0.000310963,0.014149697,0.000737594,-0.005367850,-0.049161654,0.018732796,0.026670057,0.002360454,0.347818198,0.006205525,-0.023276578,0.062959281,0.001684409,-0.043188956,-0.835701214,0.014582283,1.007012554,0.262042226,-0.004728905,-0.016273768,-0.006967141,0.130161902,0.032537314,-0.258938590,-0.244452660,-0.015183632
3190,3.190000,step_1,0,3.191000,0.015413700,0.007509052,0.010631188,0.010358796,0.091867500,0.215360776,0.027730000,0.091639838,0.215418380,0.012318089,0.181132424,-0.224337808,0.034708944,0.182269032,-0.224402073,0.027286690,0.132406935,0.060172454,0.034856934,-0.003785382,0.034535195,0.053966357,0.002142304,0.612242410,0.113744255,-0.030501878,0.889139749,-0.022700108,-0.053305517,-0.024097315,-0.036374140,0.000605121,-0.000312555,0.014212422,0.000738887,-0.005382219,-0.049230319,0.018565899,0.026678411,0.002360478,0.348168458,0.006218197,-0.023288143,0.063158729,0.001733960,-0.043171250,-0.835659721,0.014587367,1.006965998,0.262166305,-0.004650264,-0.016288024,-0.006981670,0.129843085,0.032495961,-0.258648804,-0.244312769,-0.015262855
3200,3.200000,step_1,0,3.201000,0.015413312,0.007495013,0.010625668,0.010360241,0.091867500,0.215360776,0.027730000,0.091645977,0.215418263,0.012318387,0.181132424,-0.224337808,0.034708944,0.182271541,-0.224404751,0.027301303,0.132398828,0.060197778,0.034858932,-0.003648611,0.034533949,0.053981328,0.002155101,0.611833858,0.113823913,-0.030495233,0.889501291,-0.022700986,-0.053291124,-0.024110771,-0.036358757,0.000607196,-0.000314146,0.014275207,0.000740185,-0.005396327,-0.049298225,0.018398861,0.026686553,0.002360489,0.348518281,0.006230804,-0.023299487,0.063357436,0.001782324,-0.043153451,-0.835618027,0.014592667,1.006919070,0.262289829,-0.004573483,-0.016301228,-0.006995568,0.129525958,0.032454634,-0.258360451,-0.244174103,-0.015340733
3210,3.210000,step_1,0,3.211000,0.015412930,0.007480982,0.010620356,0.010361642,0.091867500,0.215360776,0.027730000,0.091651938,0.215418148,0.012318685,0.181132424,-0.224337808,0.034708944,0.182273906,-0.224407338,0.027315888,0.132393677,0.060222871,0.034860914,-0.003512703,0.034532677,0.053996260,0.002167583,0.611423673,0.113902150,-0.030488669,0.889861170,-0.022701869,-0.053276849,-0.024124002,-0.036342896,0.000609234,-0.000315737,0.014338055,0.000741490,-0.005410177,-0.049365392,0.018231695,0.026694489,0.002360488,0.348867666,0.006243349,-0.023310616,0.063555417,0.001829533,-0.043135560,-0.835576130,0.014598178,1.006871772,0.262412812,-0.004498517,-0.016313409,-0.007008855,0.129210510,0.032413330,-0.258073527,-0.244036643,-0.015417304
3220,3.220000,step_1,0,3.221000,0.015412552,0.007466958,0.010615246,0.010363000,0.091867500,0.215360776,0.027730000,0.091657726,0.215418034,0.012318982,0.181132424,-0.224337808,0.034708944,0.182276130,-0.224409837,0.027330448,0.132391405,0.060247737,0.034862881,-0.003377627,0.034531382,0.054011155,0.002179758,0.611011922,0.113979005,-0.030482184,0.890219412,-0.022702758,-0.053262691,-0.024137014,-0.036326567,0.000611236,-0.000317327,0.014400968,0.000742800,-0.005423775,-0.049431837,0.018064410,0.026702224,0.002360474,0.349216613,0.006255833,-0.023321536,0.063752682,0.001875623,-0.043117578,-0.835534029,0.014603894,1.006824106,0.262535268,-0.004425322,-0.016324595,-0.007021550,0.128896729,0.032372042,-0.257788027,-0.243900367,-0.015492604
3230,3.230000,step_1,0,3.231000,0.015412180,0.007452941,0.010610329,0.010364315,0.091867500,0.215360776,0.027730000,0.091663347,0.215417922,0.012319278,0.181132424,-0.224337808,0.034708944,0.182278218,-0.224412251,0.027344981,0.132391938,0.060272381,0.034864835,-0.003243357,0.034530062,0.054026015,0.002191634,0.610598671,0.114054517,-0.030475778,0.890576043,-0.022703651,-0.053248648,-0.024149812,-0.036309783,0.000613201,-0.000318916,0.014463947,0.000744117,-0.005437124,-0.049497578,0.017897015,0.026709766,0.002360449,0.349565124,0.006268258,-0.023332253,0.063949245,0.001920624,-0.043099504,-0.835491722,0.014609810,1.006776071,0.262657212,-0.004353855,-0.016334814,-0.007033672,0.128584603,0.032330766,-0.257503947,-0.243765258,-0.015566668
3240,3.240000,step_1,0,3.241000,0.015411812,0.007438931,0.010605599,0.010365585,0.091867500,0.215360776,0.027730000,0.091668804,0.215417812,0.012319574,0.181132424,-0.224337808,0.034708944,0.182280175,-0.224414581,0.027359490,0.132395204,0.060296807,0.034866775,-0.003109861,0.034528718,0.054040840,0.002203219,0.610183983,0.114128724,-0.030469448,0.890931086,-0.022704550,-0.053234719,-0.024162403,-0.036292554,0.000615130,-0.000320505,0.014526996,0.000745439,-0.005450228,-0.049562633,0.017729521,0.026717120,0.002360413,0.349913197,0.006280624,-0.023342772,0.064145117,0.001964569,-0.043081340,-0.835449208,0.014615920,1.006727669,0.262778657,-0.004284074,-0.016344092,-0.007045240,0.128274122,0.032289499,-0.257221282,-0.243631297,-0.015639532
3250,3.250000,step_1,0,3.251000,0.015411449,0.007424928,0.010601050,0.010366813,0.091867500,0.215360776,0.027730000,0.091674104,0.215417702,0.012319870,0.181132424,-0.224337808,0.034708944,0.182282003,-0.224416831,0.027373975,0.132401132,0.060321019,0.034868701,-0.002977114,0.034527351,0.054055633,0.002214519,0.609767921,0.114201662,-0.030463193,0.891284565,-0.022705454,-0.053220902,-0.024174793,-0.036274891,0.000617025,-0.000322093,0.014590116,0.000746767,-0.005463094,-0.049627018,0.017561936,0.026724291,0.002360366,0.350260834,0.006292933,-0.023353100,0.064340309,0.002007488,-0.043063084,-0.835406485,0.014622219,1.006678901,0.262899616,-0.004215937,-0.016352456,-0.007056269,0.127965274,0.032248235,-0.256940028,-0.243498464,-0.015711229
3260,3.260000,step_1,0,3.261000,0.015411090,0.007410931,0.010596675,0.010367997,0.091867500,0.215360776,0.027730000,0.091679250,0.215417595,0.012320164,0.181132424,-0.224337808,0.034708944,0.182283708,-0.224419004,0.027388435,0.132409653,0.060345021,0.034870614,-0.002845088,0.034525961,0.054070394,0.002225542,0.609350545,0.114273368,-0.030457010,0.891636504,-0.022706363,-0.053207196,-0.024186988,-0.036256802,0.000618885,-0.000323680,0.014653308,0.000748100,-0.005475724,-0.049690750,0.017394270,0.026731286,0.002360308,0.350608034,0.006305186,-0.023363240,0.064534834,0.002049411,-0.043044739,-0.835363552,0.014628702,1.006629768,0.263020103,-0.004149406,-0.016359931,-0.007066778,0.127658049,0.032206971,-0.256660181,-0.243366744,-0.015781792
3270,3.270000,step_1,0,3.271000,0.015410735,0.007396940,0.010592467,0.010369139,0.091867500,0.215360776,0.027730000,0.091684247,0.215417489,0.012320459,0.181132424,-0.224337808,0.034708944,0.182285293,-0.224421101,0.027402873,0.132420701,0.060368819,0.034872515,-0.002713757,0.034524548,0.054085124,0.002236294,0.608931913,0.114343874,-0.030450899,0.891986923,-0.022707278,-0.053193598,-0.024198993,-0.036238299,0.000620712,-0.000325267,0.014716574,0.000749439,-0.005488122,-0.049753844,0.017226531,0.026738109,0.002360241,0.350954797,0.006317385,-0.023373199,0.064728701,0.002090366,-0.043026304,-0.835320407,0.014635364,1.006580271,0.263140128,-0.004084441,-0.016366541,-0.007076782,0.127352435,0.032165702,-0.256381735,-0.243236118,-0.015851252
3280,3.280000,step_1,0,3.281000,0.015410384,0.007382955,0.010588420,0.010370238,0.091867500,0.215360776,0.027730000,0.091689100,0.215417384,0.012320753,0.181132424,-0.224337808,0.034708944,0.182286761,-0.224423124,0.027417288,0.132434211,0.060392415,0.034874404,-0.002583096,0.034523113,0.054099826,0.002246783,0.608512082,0.114413216,-0.030444858,0.892335846,-0.022708198,-0.053180109,-0.024210813,-0.036219391,0.000622505,-0.000326853,0.014779917,0.000750784,-0.005500294,-0.049816317,0.017058729,0.026744765,0.002360163,0.351301124,0.006329530,-0.023382982,0.064921922,0.002130382,-0.043007779,-0.835277049,0.014642202,1.006530411,0.263259707,-0.004021004,-0.016372309,-0.007086298,0.127048422,0.032124426,-0.256104686,-0.243106570,-0.015919641
3290,3.290000,step_1,0,3.291000,0.015410036,0.007368976,0.010584530,0.010371296,0.091867500,0.215360776,0.027730000,0.091693814,0.215417281,0.012321046,0.181132424,-0.224337808,0.034708944,0.182288116,-0.224425077,0.027431680,0.132450120,0.060415814,0.034876281,-0.002453080,0.034521656,0.054114499,0.002257015,0.608091107,0.114481426,-0.030438886,0.892683292,-0.022709123,-0.053166726,-0.024222455,-0.036200087,0.000624266,-0.000328438,0.014843338,0.000752134,-0.005512243,-0.049878183,0.016890870,0.026751260,0.002360076,0.351647014,0.006341623,-0.023392592,0.065114506,0.002169485,-0.042989166,-0.835233475,0.014649209,1.006480189,0.263378849,-0.003959060,-0.016377260,-0.007095341,0.126745998,0.032083137,-0.255829029,-0.242978083,-0.015986987
3300,3.300000,step_1,0,3.301000,0.015409692,0.007355002,0.010580790,0.010372312,0.091867500,0.215360776,0.027730000,0.091698391,0.215417179,0.012321339,0.181132424,-0.224337808,0.034708944,0.182289361,-0.224426960,0.027446052,0.132468368,0.060439020,0.034878147,-0.002323685,0.034520176,0.054129145,0.002266996,0.607669042,0.114548534,-0.030432980,0.893029282,-0.022710053,-0.053153449,-0.024233922,-0.036180395,0.000625995,-0.000330023,0.014906839,0.000753490,-0.005523973,-0.049939458,0.016722964,0.026757599,0.002359979,0.351992469,0.006353665,-0.023402036,0.065306464,0.002207702,-0.042970463,-0.835189686,0.014656382,1.006429604,0.263497568,-0.003898571,-0.016381414,-0.007103926,0.126445155,0.032041834,-0.255554759,-0.242850642,-0.016053322
3310,3.310000,step_1,0,3.311000,0.015409351,0.007341034,0.010577196,0.010373287,0.091867500,0.215360776,0.027730000,0.091702836,0.215417079,0.012321632,0.181132424,-0.224337808,0.034708944,0.182290500,-0.224428777,0.027460402,0.132488896,0.060462036,0.034880002,-0.002194888,0.034518675,0.054143765,0.002276733,0.607245939,0.114614571,-0.030427140,0.893373837,-0.022710989,-0.053140275,-0.024245221,-0.036160326,0.000627692,-0.000331608,0.014970421,0.000754851,-0.005535487,-0.050000156,0.016555018,0.026763786,0.002359874,0.352337486,0.006365656,-0.023411318,0.065497805,0.002245058,-0.042951672,-0.835145679,0.014663717,1.006378659,0.263615875,-0.003839503,-0.016384795,-0.007112067,0.126145880,0.032000512,-0.255281872,-0.242724231,-0.016118672
3320,3.320000,step_1,0,3.321000,0.015409013,0.007327072,0.010573741,0.010374222,0.091867500,0.215360776,0.027730000,0.091707153,0.215416980,0.012321924,0.181132424,-0.224337808,0.034708944,0.182291537,-0.224430529,0.027474731,0.132511645,0.060484867,0.034881846,-0.002066666,0.034517153,0.054158360,0.002286231,0.606821848,0.114679567,-0.030421364,0.893716974,-0.022711930,-0.053127204,-0.024256355,-0.036139886,0.000629359,-0.000333191,0.015034087,0.000756218,-0.005546791,-0.050060291,0.016387040,0.026769825,0.002359760,0.352682067,0.006377599,-0.023420442,0.065688539,0.002281578,-0.042932793,-0.835101453,0.014671209,1.006327353,0.263733782,-0.003781822,-0.016387423,-0.007119779,0.125848165,0.031959168,-0.255010362,-0.242598834,-0.016183065
3330,3.330000,step_1,0,3.331000,0.015408678,0.007313114,0.010570422,0.010375118,0.091867500,0.215360776,0.027730000,0.091711346,0.215416882,0.012322216,0.181132424,-0.224337808,0.034708944,0.182292473,-0.224432219,0.027489040,0.132536561,0.060507517,0.034883680,-0.001938997,0.034515610,0.054172931,0.002295497,0.606396819,0.114743551,-0.030415650,0.894058714,-0.022712877,-0.053114235,-0.024267330,-0.036119085,0.000630995,-0.000334774,0.015097836,0.000757590,-0.005557887,-0.050119878,0.016219037,0.026775722,0.002359638,0.353026211,0.006389494,-0.023429412,0.065878676,0.002317287,-0.042913826,-0.835057006,0.014678855,1.006275687,0.263851299,-0.003725495,-0.016389318,-0.007127075,0.125551998,0.031917799,-0.254740224,-0.242474437,-0.016246529
3340,3.340000,step_1,0,3.341000,0.015408345,0.007299162,0.010567233,0.010375974,0.091867500,0.215360776,0.027730000,0.091715418,0.215416786,0.012322507,0.181132424,-0.224337808,0.034708944,0.182293312,-0.224433848,0.027503329,0.132563588,0.060529988,0.034885504,-0.001811860,0.034514046,0.054187480,0.002304535,0.605970899,0.114806550,-0.030409999,0.894399073,-0.022713829,-0.053101365,-0.024278150,-0.036097930,0.000632601,-0.000336357,0.015161672,0.000758967,-0.005568779,-0.050178929,0.016051016,0.026781480,0.002359508,0.353369919,0.006401342,-0.023438234,0.066068223,0.002352207,-0.042894772,-0.835012337,0.014686650,1.006223662,0.263968438,-0.003670489,-0.016390500,-0.007133968,0.125257370,0.031876403,-0.254471454,-0.242351026,-0.016309089
3350,3.350000,step_1,0,3.351000,0.015408015,0.007285215,0.010564171,0.010376791,0.091867500,0.215360776,0.027730000,0.091719373,0.215416691,0.012322798,0.181132424,-0.224337808,0.034708944,0.182294058,-0.224435417,0.027517599,0.132592675,0.060552285,0.034887318,-0.001685234,0.034512462,0.054202006,0.002313353,0.605544133,0.114868592,-0.030404407,0.894738069,-0.022714786,-0.053088595,-0.024288819,-0.036076430,0.000634178,-0.000337938,0.015225595,0.000760349,-0.005579471,-0.050237458,0.015882985,0.026787104,0.002359370,0.353713189,0.006413143,-0.023446910,0.066257191,0.002386362,-0.042875631,-0.834967444,0.014694591,1.006171279,0.264085209,-0.003616773,-0.016390989,-0.007140472,0.124964271,0.031834975,-0.254204046,-0.242228586,-0.016370771
3360,3.360000,step_1,0,3.361000,0.015407688,0.007271273,0.010561230,0.010377571,0.091867500,0.215360776,0.027730000,0.091723215,0.215416598,0.012323089,0.181132424,-0.224337808,0.034708944,0.182294712,-0.224436930,0.027531850,0.132623769,0.060574411,0.034889123,-0.001559099,0.034510857,0.054216512,0.002321954,0.605116568,0.114929702,-0.030398875,0.895075720,-0.022715748,-0.053075923,-0.024299342,-0.036054591,0.000635726,-0.000339519,0.015289608,0.000761737,-0.005589966,-0.050295479,0.015714950,0.026792597,0.002359225,0.354056022,0.006424900,-0.023455445,0.066445587,0.002419773,-0.042856403,-0.834922326,0.014702674,1.006118537,0.264201623,-0.003564316,-0.016390804,-0.007146598,0.124672690,0.031793515,-0.253937995,-0.242107104,-0.016431598
3370,3.370000,step_1,0,3.371000,0.015407362,0.007257336,0.010558407,0.010378314,0.091867500,0.215360776,0.027730000,0.091726946,0.215416506,0.012323380,0.181132424,-0.224337808,0.034708944,0.182295278,-0.224438387,0.027546082,0.132656823,0.060596369,0.034890919,-0.001433435,0.034509232,0.054230998,0.002330345,0.604688247,0.114989906,-0.030393400,0.895412042,-0.022716716,-0.053063347,-0.024309724,-0.036032421,0.000637246,-0.000341100,0.015353711,0.000763130,-0.005600269,-0.050353003,0.015546918,0.026797964,0.002359072,0.354398418,0.006436612,-0.023463842,0.066633419,0.002452462,-0.042837088,-0.834876982,0.014710895,1.006065437,0.264317690,-0.003513089,-0.016389962,-0.007152359,0.124382619,0.031752018,-0.253673296,-0.241986566,-0.016491596
3380,3.380000,step_1,0,3.381000,0.015407039,0.007243404,0.010555698,0.010379021,0.091867500,0.215360776,0.027730000,0.091730571,0.215416415,0.012323670,0.181132424,-0.224337808,0.034708944,0.182295758,-0.224439791,0.027560296,0.132691786,0.060618163,0.034892706,-0.001308224,0.034507587,0.054245465,0.002338530,0.604259211,0.115049229,-0.030387983,0.895747051,-0.022717689,-0.053050867,-0.024319967,-0.036009927,0.000638738,-0.000342680,0.015417905,0.000764528,-0.005610382,-0.050410043,0.015378896,0.026803208,0.002358913,0.354740376,0.006448281,-0.023472106,0.066820696,0.002484450,-0.042817688,-0.834831410,0.014719252,1.006011980,0.264433420,-0.003463061,-0.016388481,-0.007157766,0.124094047,0.031710482,-0.253409944,-0.241866959,-0.016550787
3390,3.390000,step_1,0,3.391000,0.015406718,0.007229477,0.010553098,0.010379692,0.091867500,0.215360776,0.027730000,0.091734091,0.215416326,0.012323960,0.181132424,-0.224337808,0.034708944,0.182296156,-0.224441142,0.027574493,0.132728613,0.060639797,0.034894485,-0.001183446,0.034505923,0.054259914,0.002346515,0.603829503,0.115107694,-0.030382620,0.896080762,-0.022718667,-0.053038482,-0.024330077,-0.035987116,0.000640202,-0.000344259,0.015482193,0.000765930,-0.005620308,-0.050466611,0.015210889,0.026808333,0.002358747,0.355081896,0.006459908,-0.023480240,0.067007426,0.002515757,-0.042798202,-0.834785609,0.014727740,1.005958166,0.264548823,-0.003414206,-0.016386378,-0.007162831,0.123806965,0.031668906,-0.253147934,-0.241748271,-0.016609194
3400,3.400000,step_1,0,3.401000,0.015406399,0.007215555,0.010550604,0.010380328,0.091867500,0.215360776,0.027730000,0.091737511,0.215416238,0.012324249,0.181132424,-0.224337808,0.034708944,0.182296473,-0.224442443,0.027588671,0.132767258,0.060661273,0.034896256,-0.001059084,0.034504240,0.054274346,0.002354304,0.603399162,0.115165325,-0.030377312,0.896413191,-0.022719651,-0.053026190,-0.024340056,-0.035963995,0.000641640,-0.000345838,0.015546576,0.000767338,-0.005630052,-0.050522718,0.015042905,0.026813343,0.002358574,0.355422977,0.006471492,-0.023488248,0.067193616,0.002546402,-0.042778630,-0.834739576,0.014736357,1.005903995,0.264663909,-0.003366494,-0.016383671,-0.007167565,0.123521363,0.031627286,-0.252887260,-0.241630488,-0.016666839
3410,3.410000,step_1,0,3.411000,0.015406082,0.007201638,0.010548213,0.010380929,0.091867500,0.215360776,0.027730000,0.091740833,0.215416151,0.012324539,0.181132424,-0.224337808,0.034708944,0.182296712,-0.224443695,0.027602833,0.132807677,0.060682595,0.034898018,-0.000935119,0.034502538,0.054288761,0.002361902,0.602968227,0.115222144,-0.030372058,0.896744353,-0.022720640,-0.053013991,-0.024349909,-0.035940570,0.000643051,-0.000347416,0.015611054,0.000768751,-0.005639616,-0.050578377,0.014874948,0.026818241,0.002358395,0.355763620,0.006483036,-0.023496133,0.067379273,0.002576405,-0.042758974,-0.834693312,0.014745099,1.005849468,0.264778688,-0.003319900,-0.016380374,-0.007171978,0.123237233,0.031585621,-0.252627917,-0.241513600,-0.016723744
3420,3.420000,step_1,0,3.421000,0.015405766,0.007187725,0.010545921,0.010381498,0.091867500,0.215360776,0.027730000,0.091744060,0.215416065,0.012324828,0.181132424,-0.224337808,0.034708944,0.182296875,-0.224444899,0.027616978,0.132849827,0.060703766,0.034899774,-0.000811536,0.034500817,0.054303161,0.002369314,0.602536735,0.115278173,-0.030366856,0.897074262,-0.022721634,-0.053001884,-0.024359639,-0.035916848,0.000644436,-0.000348994,0.015675629,0.000770169,-0.005649004,-0.050633599,0.014707025,0.026823030,0.002358210,0.356103824,0.006494540,-0.023503898,0.067564405,0.002605783,-0.042739233,-0.834646814,0.014753964,1.005794585,0.264893167,-0.003274396,-0.016376505,-0.007176080,0.122954564,0.031543908,-0.252369900,-0.241397593,-0.016779928
3430,3.430000,step_1,0,3.431000,0.015405452,0.007173818,0.010543725,0.010382034,0.091867500,0.215360776,0.027730000,0.091747195,0.215415981,0.012325117,0.181132424,-0.224337808,0.034708944,0.182296964,-0.224446058,0.027631106,0.132893666,0.060724789,0.034901522,-0.000688318,0.034499077,0.054317547,0.002376545,0.602104724,0.115333434,-0.030361705,0.897402932,-0.022722634,-0.052989867,-0.024369250,-0.035892834,0.000645796,-0.000350571,0.015740302,0.000771591,-0.005658218,-0.050688394,0.014539141,0.026827714,0.002358019,0.356443589,0.006506005,-0.023511547,0.067749018,0.002634556,-0.042719408,-0.834600081,0.014762948,1.005739346,0.265007357,-0.003229958,-0.016372077,-0.007179882,0.122673349,0.031502145,-0.252113203,-0.241282456,-0.016835413
3440,3.440000,step_1,0,3.441000,0.015405139,0.007159915,0.010541622,0.010382537,0.091867500,0.215360776,0.027730000,0.091750241,0.215415898,0.012325406,0.181132424,-0.224337808,0.034708944,0.182296983,-0.224447172,0.027645218,0.132939154,0.060745667,0.034903262,-0.000565447,0.034497319,0.054331918,0.002383598,0.601672229,0.115387946,-0.030356604,0.897730375,-0.022723639,-0.052977939,-0.024378745,-0.035868535,0.000647131,-0.000352147,0.015805075,0.000773019,-0.005667262,-0.050742773,0.014371302,0.026832296,0.002357823,0.356782914,0.006517431,-0.023519083,0.067933120,0.002662740,-0.042699498,-0.834553111,0.014772049,1.005683752,0.265121267,-0.003186559,-0.016367106,-0.007183394,0.122393576,0.031460331,-0.251857821,-0.241168179,-0.016890218
3450,3.450000,step_1,0,3.451000,0.015404828,0.007146017,0.010539608,0.010383010,0.091867500,0.215360776,0.027730000,0.091753200,0.215415816,0.012325694,0.181132424,-0.224337808,0.034708944,0.182296933,-0.224448243,0.027659314,0.132986251,0.060766403,0.034904996,-0.000442910,0.034495542,0.054346277,0.002390478,0.601239283,0.115441730,-0.030351553,0.898056607,-0.022724650,-0.052966100,-0.024388128,-0.035843957,0.000648441,-0.000353723,0.015869949,0.000774451,-0.005676139,-0.050796747,0.014203513,0.026836779,0.002357621,0.357121799,0.006528819,-0.023526509,0.068116718,0.002690353,-0.042679505,-0.834505904,0.014781263,1.005627802,0.265234905,-0.003144176,-0.016361607,-0.007186625,0.122115238,0.031418464,-0.251603749,-0.241054749,-0.016944362
3460,3.460000,step_1,0,3.461000,0.015404518,0.007132124,0.010537680,0.010383452,0.091867500,0.215360776,0.027730000,0.091756075,0.215415735,0.012325983,0.181132424,-0.224337808,0.034708944,0.182296816,-0.224449271,0.027673394,0.133034919,0.060787001,0.034906724,-0.000320690,0.034493748,0.054360623,0.002397189,0.600805922,0.115494805,-0.030346550,0.898381638,-0.022725665,-0.052954349,-0.024397402,-0.035819104,0.000649727,-0.000355299,0.015934924,0.000775888,-0.005684852,-0.050850326,0.014035780,0.026841166,0.002357414,0.357460243,0.006540170,-0.023533827,0.068299816,0.002717411,-0.042659429,-0.834458457,0.014790589,1.005571496,0.265348279,-0.003102786,-0.016355593,-0.007189583,0.121838326,0.031376542,-0.251350981,-0.240942156,-0.016997863
3470,3.470000,step_1,0,3.471000,0.015404210,0.007118236,0.010535837,0.010383865,0.091867500,0.215360776,0.027730000,0.091758868,0.215415656,0.012326271,0.181132424,-0.224337808,0.034708944,0.182296634,-0.224450259,0.027687459,0.133085122,0.060807462,0.034908445,-0.000198772,0.034491936,0.054374958,0.002403736,0.600372178,0.115547189,-0.030341594,0.898705482,-0.022726686,-0.052942685,-0.024406569,-0.035793983,0.000650989,-0.000356874,0.016000003,0.000777329,-0.005693404,-0.050903519,0.013868107,0.026845459,0.002357202,0.357798246,0.006551484,-0.023541042,0.068482423,0.002743929,-0.042639269,-0.834410770,0.014800023,1.005514836,0.265461399,-0.003062364,-0.016349077,-0.007192278,0.121562831,0.031334562,-0.251099511,-0.240830390,-0.017050740
3480,3.480000,step_1,0,3.481000,0.015403902,0.007104353,0.010534074,0.010384249,0.091867500,0.215360776,0.027730000,0.091761581,0.215415578,0.012326559,0.181132424,-0.224337808,0.034708944,0.182296389,-0.224451208,0.027701508,0.133136822,0.060827790,0.034910160,-0.000077143,0.034490106,0.054389282,0.002410122,0.599938081,0.115598901,-0.030336686,0.899028151,-0.022727712,-0.052931106,-0.024415633,-0.035768599,0.000652228,-0.000358448,0.016065185,0.000778775,-0.005701797,-0.050956338,0.013700500,0.026849662,0.002356986,0.358135808,0.006562763,-0.023548154,0.068664544,0.002769924,-0.042619027,-0.834362841,0.014809563,1.005457820,0.265574271,-0.003022888,-0.016342074,-0.007194719,0.121288743,0.031292524,-0.250849335,-0.240719439,-0.017103011
3490,3.490000,step_1,0,3.491000,0.015403596,0.007090474,0.010532390,0.010384604,0.091867500,0.215360776,0.027730000,0.091764218,0.215415501,0.012326847,0.181132424,-0.224337808,0.034708944,0.182296083,-0.224452119,0.027715543,0.133189986,0.060847988,0.034911869,0.000044212,0.034488259,0.054403596,0.002416350,0.599503664,0.115649959,-0.030331823,0.899349655,-0.022728744,-0.052919613,-0.024424598,-0.035742957,0.000653444,-0.000360022,0.016130473,0.000780226,-0.005710035,-0.051008791,0.013532962,0.026853778,0.002356764,0.358472928,0.006574006,-0.023555168,0.068846184,0.002795411,-0.042598703,-0.834314668,0.014819206,1.005400449,0.265686905,-0.002984336,-0.016334595,-0.007196914,0.121016055,0.031250427,-0.250600446,-0.240609295,-0.017154691
3500,3.500000,step_1,0,3.501000,0.015403291,0.007076601,0.010530781,0.010384932,0.091867500,0.215360776,0.027730000,0.091766780,0.215415425,0.012327135,0.181132424,-0.224337808,0.034708944,0.182295718,-0.224452992,0.027729563,0.133244579,0.060868058,0.034913572,0.000165307,0.034486395,0.054417900,0.002422426,0.599068955,0.115700380,-0.030327005,0.899670008,-0.022729780,-0.052908204,-0.024433465,-0.035717062,0.000654637,-0.000361595,0.016195866,0.000781681,-0.005718120,-0.051060887,0.013365500,0.026857808,0.002356538,0.358809605,0.006585215,-0.023562086,0.069027351,0.002820403,-0.042578296,-0.834266250,0.014828951,1.005342723,0.265799308,-0.002946687,-0.016326653,-0.007198870,0.120744758,0.031208268,-0.250352840,-0.240499947,-0.017205799
3510,3.510000,step_1,0,3.511000,0.015402986,0.007062733,0.010529246,0.010385234,0.091867500,0.215360776,0.027730000,0.091769269,0.215415350,0.012327423,0.181132424,-0.224337808,0.034708944,0.182295296,-0.224453830,0.027743568,0.133300568,0.060888004,0.034915270,0.000286154,0.034484513,0.054432196,0.002428352,0.598633984,0.115750180,-0.030322230,0.899989219,-0.022730822,-0.052896878,-0.024442237,-0.035690918,0.000655808,-0.000363168,0.016261367,0.000783141,-0.005726055,-0.051112636,0.013198118,0.026861755,0.002356308,0.359145839,0.006596390,-0.023568911,0.069208048,0.002844916,-0.042557807,-0.834217586,0.014838794,1.005284641,0.265911488,-0.002909920,-0.016318261,-0.007200596,0.120474843,0.031166046,-0.250106510,-0.240391385,-0.017256349
3520,3.520000,step_1,0,3.521000,0.015402683,0.007048869,0.010527782,0.010385509,0.091867500,0.215360776,0.027730000,0.091771688,0.215415276,0.012327711,0.181132424,-0.224337808,0.034708944,0.182294818,-0.224454633,0.027757559,0.133357921,0.060907826,0.034916963,0.000406767,0.034482615,0.054446484,0.002434132,0.598198780,0.115799376,-0.030317500,0.900307300,-0.022731870,-0.052885635,-0.024450918,-0.035664531,0.000656958,-0.000364741,0.016326976,0.000784606,-0.005733843,-0.051164047,0.013030819,0.026865623,0.002356074,0.359481630,0.006607531,-0.023575644,0.069388283,0.002868963,-0.042537237,-0.834168674,0.014848734,1.005226205,0.266023452,-0.002874015,-0.016309430,-0.007202099,0.120206301,0.031123761,-0.249861451,-0.240283600,-0.017306358
3530,3.530000,step_1,0,3.531000,0.015402380,0.007035011,0.010526387,0.010385759,0.091867500,0.215360776,0.027730000,0.091774039,0.215415204,0.012327999,0.181132424,-0.224337808,0.034708944,0.182294287,-0.224455402,0.027771536,0.133416607,0.060927530,0.034918650,0.000527158,0.034480700,0.054460765,0.002439769,0.597763369,0.115847982,-0.030312811,0.900624261,-0.022732922,-0.052874473,-0.024459510,-0.035637905,0.000658086,-0.000366313,0.016392694,0.000786074,-0.005741486,-0.051215128,0.012863609,0.026869413,0.002355836,0.359816977,0.006618640,-0.023582289,0.069568059,0.002892557,-0.042516586,-0.834119514,0.014858769,1.005167413,0.266135208,-0.002838951,-0.016300171,-0.007203387,0.119939125,0.031081410,-0.249617658,-0.240176583,-0.017355842
3540,3.540000,step_1,0,3.541000,0.015402078,0.007021158,0.010525058,0.010385985,0.091867500,0.215360776,0.027730000,0.091776323,0.215415132,0.012328287,0.181132424,-0.224337808,0.034708944,0.182293703,-0.224456139,0.027785499,0.133476595,0.060947115,0.034920333,0.000647339,0.034478769,0.054475039,0.002445268,0.597327778,0.115896015,-0.030308165,0.900940112,-0.022733980,-0.052863392,-0.024468015,-0.035611045,0.000659193,-0.000367884,0.016458522,0.000787547,-0.005748987,-0.051265888,0.012696492,0.026873127,0.002355593,0.360151879,0.006629716,-0.023588848,0.069747383,0.002915712,-0.042495854,-0.834070102,0.014868895,1.005108266,0.266246762,-0.002804708,-0.016290496,-0.007204466,0.119673306,0.031038992,-0.249375125,-0.240070325,-0.017404813
3550,3.550000,step_1,0,3.551000,0.015401777,0.007007310,0.010523794,0.010386187,0.091867500,0.215360776,0.027730000,0.091778543,0.215415062,0.012328575,0.181132424,-0.224337808,0.034708944,0.182293069,-0.224456844,0.027799448,0.133537857,0.060966587,0.034922011,0.000767322,0.034476822,0.054489307,0.002450630,0.596892033,0.115943489,-0.030303559,0.901254862,-0.022735042,-0.052852392,-0.024476437,-0.035583955,0.000660279,-0.000369455,0.016524461,0.000789025,-0.005756348,-0.051316335,0.012529471,0.026876768,0.002355348,0.360486336,0.006640760,-0.023595323,0.069926259,0.002938441,-0.042475041,-0.834020440,0.014879112,1.005048763,0.266358123,-0.002771269,-0.016280415,-0.007205344,0.119408836,0.030996508,-0.249133846,-0.239964817,-0.017453289
3560,3.560000,step_1,0,3.561000,0.015401477,0.006993468,0.010522591,0.010386365,0.091867500,0.215360776,0.027730000,0.091780701,0.215414992,0.012328864,0.181132424,-0.224337808,0.034708944,0.182292386,-0.224457518,0.027813384,0.133600363,0.060985946,0.034923685,0.000887119,0.034474858,0.054503570,0.002455860,0.596456159,0.115990419,-0.030298994,0.901568523,-0.022736110,-0.052841471,-0.024484777,-0.035556639,0.000661345,-0.000371026,0.016590512,0.000790506,-0.005763572,-0.051366478,0.012362551,0.026880339,0.002355098,0.360820347,0.006651773,-0.023601716,0.070104692,0.002960755,-0.042454148,-0.833970523,0.014889418,1.004988905,0.266469297,-0.002738615,-0.016269938,-0.007206028,0.119145706,0.030953954,-0.248893816,-0.239860050,-0.017501281
3570,3.570000,step_1,0,3.571000,0.015401176,0.006979631,0.010521450,0.010386521,0.091867500,0.215360776,0.027730000,0.091782798,0.215414924,0.012329152,0.181132424,-0.224337808,0.034708944,0.182291655,-0.224458162,0.027827306,0.133664086,0.061005195,0.034925354,0.001006741,0.034472878,0.054517828,0.002460960,0.596020181,0.116036817,-0.030294468,0.901881102,-0.022737184,-0.052830629,-0.024493037,-0.035529101,0.000662392,-0.000372597,0.016656676,0.000791992,-0.005770662,-0.051416324,0.012195735,0.026883840,0.002354846,0.361153912,0.006662756,-0.023608029,0.070282688,0.002982666,-0.042433175,-0.833920353,0.014899809,1.004928691,0.266580290,-0.002706728,-0.016259077,-0.007206523,0.118883908,0.030911332,-0.248655029,-0.239756015,-0.017548804
3580,3.580000,step_1,0,3.581000,0.015400877,0.006965799,0.010520367,0.010386655,0.091867500,0.215360776,0.027730000,0.091784836,0.215414857,0.012329440,0.181132424,-0.224337808,0.034708944,0.182290878,-0.224458778,0.027841215,0.133728999,0.061024336,0.034927019,0.001126199,0.034470883,0.054532081,0.002465934,0.595584122,0.116082698,-0.030289981,0.902192609,-0.022738262,-0.052819864,-0.024501221,-0.035501345,0.000663418,-0.000374167,0.016722953,0.000793483,-0.005777619,-0.051465881,0.012029028,0.026887275,0.002354590,0.361487030,0.006673708,-0.023614265,0.070460250,0.003004187,-0.042412123,-0.833869926,0.014910285,1.004868121,0.266691110,-0.002675589,-0.016247840,-0.007206836,0.118623436,0.030868639,-0.248417479,-0.239652706,-0.017595871
3590,3.590000,step_1,0,3.591000,0.015400578,0.006951972,0.010519340,0.010386768,0.091867500,0.215360776,0.027730000,0.091786817,0.215414791,0.012329728,0.181132424,-0.224337808,0.034708944,0.182290056,-0.224459365,0.027855111,0.133795076,0.061043373,0.034928680,0.001245503,0.034468871,0.054546331,0.002470785,0.595148005,0.116128075,-0.030285533,0.902503054,-0.022739345,-0.052809177,-0.024509330,-0.035473375,0.000664426,-0.000375736,0.016789346,0.000794977,-0.005784446,-0.051515156,0.011862433,0.026890645,0.002354331,0.361819701,0.006684630,-0.023620426,0.070637383,0.003025327,-0.042390990,-0.833819242,0.014920844,1.004807194,0.266801763,-0.002645182,-0.016236237,-0.007206974,0.118364279,0.030825874,-0.248181162,-0.239550112,-0.017642495
3600,3.600000,step_1,0,3.601000,0.015400279,0.006938151,0.010518369,0.010386861,0.091867500,0.215360776,0.027730000,0.091788742,0.215414725,0.012330016,0.181132424,-0.224337808,0.034708944,0.182289191,-0.224459926,0.027868993,0.133862292,0.061062307,0.034930338,0.001364664,0.034466845,0.054560578,0.002475515,0.594711853,0.116172960,-0.030281122,0.902812443,-0.022740434,-0.052798567,-0.024517366,-0.035445195,0.000665414,-0.000377305,0.016855853,0.000796476,-0.005791146,-0.051564158,0.011695954,0.026893952,0.002354069,0.362151924,0.006695523,-0.023626513,0.070814091,0.003046100,-0.042369779,-0.833768299,0.014931484,1.004745912,0.266912256,-0.002615491,-0.016224278,-0.007206942,0.118106431,0.030783038,-0.247946070,-0.239448227,-0.017688688
3610,3.610000,step_1,0,3.611000,0.015399981,0.006924336,0.010517450,0.010386933,0.091867500,0.215360776,0.027730000,0.091790614,0.215414661,0.012330305,0.181132424,-0.224337808,0.034708944,0.182288285,-0.224460460,0.027882863,0.133930621,0.061081140,0.034931992,0.001483692,0.034464802,0.054574822,0.002480127,0.594275688,0.116217365,-0.030276747,0.903120787,-0.022741527,-0.052788032,-0.024525332,-0.035416808,0.000666384,-0.000378874,0.016922477,0.000797978,-0.005797721,-0.051612893,0.011529594,0.026897198,0.002353804,0.362483698,0.006706387,-0.023632528,0.070990380,0.003066514,-0.042348489,-0.833717097,0.014942204,1.004684272,0.267022594,-0.002586499,-0.016211972,-0.007206746,0.117849884,0.030740129,-0.247712200,-0.239347043,-0.017734463
3620,3.620000,step_1,0,3.621000,0.015399683,0.006910527,0.010516583,0.010386986,0.091867500,0.215360776,0.027730000,0.091792433,0.215414598,0.012330594,0.181132424,-0.224337808,0.034708944,0.182287337,-0.224460968,0.027896721,0.134000039,0.061099874,0.034933642,0.001602597,0.034462745,0.054589065,0.002484625,0.593839531,0.116261304,-0.030272410,0.903428092,-0.022742626,-0.052777572,-0.024533230,-0.035388218,0.000667336,-0.000380443,0.016989218,0.000799485,-0.005804172,-0.051661369,0.011363356,0.026900385,0.002353536,0.362815022,0.006717223,-0.023638475,0.071166252,0.003086580,-0.042327120,-0.833665632,0.014953000,1.004622275,0.267132783,-0.002558189,-0.016199327,-0.007206391,0.117594630,0.030697146,-0.247479544,-0.239246551,-0.017779832
3630,3.630000,step_1,0,3.631000,0.015399386,0.006896723,0.010515766,0.010387021,0.091867500,0.215360776,0.027730000,0.091794202,0.215414536,0.012330882,0.181132424,-0.224337808,0.034708944,0.182286350,-0.224461452,0.027910565,0.134070524,0.061118513,0.034935289,0.001721388,0.034460673,0.054603306,0.002489010,0.593403402,0.116304786,-0.030268107,0.903734368,-0.022743730,-0.052767187,-0.024541061,-0.035359428,0.000668270,-0.000382011,0.017056077,0.000800996,-0.005810503,-0.051709592,0.011197245,0.026903514,0.002353266,0.363145897,0.006728030,-0.023644353,0.071341712,0.003106309,-0.042305672,-0.833613905,0.014963873,1.004559921,0.267242831,-0.002530547,-0.016186352,-0.007205883,0.117340661,0.030654089,-0.247248097,-0.239146745,-0.017824806
3640,3.640000,step_1,0,3.641000,0.015399089,0.006882925,0.010514998,0.010387037,0.091867500,0.215360776,0.027730000,0.091795922,0.215414474,0.012331171,0.181132424,-0.224337808,0.034708944,0.182285325,-0.224461912,0.027924398,0.134142053,0.061137057,0.034936933,0.001840075,0.034458585,0.054617546,0.002493285,0.592967321,0.116347824,-0.030263841,0.904039621,-0.022744839,-0.052756876,-0.024548828,-0.035330442,0.000669186,-0.000383579,0.017123055,0.000802511,-0.005816714,-0.051757569,0.011031263,0.026906588,0.002352994,0.363476321,0.006738810,-0.023650165,0.071516765,0.003125710,-0.042284147,-0.833561914,0.014974821,1.004497209,0.267352743,-0.002503558,-0.016173056,-0.007205228,0.117087970,0.030610958,-0.247017854,-0.239047617,-0.017869395
3650,3.650000,step_1,0,3.651000,0.015398791,0.006869132,0.010514276,0.010387036,0.091867500,0.215360776,0.027730000,0.091797593,0.215414414,0.012331461,0.181132424,-0.224337808,0.034708944,0.182284263,-0.224462349,0.027938217,0.134214603,0.061155509,0.034938575,0.001958666,0.034456483,0.054631785,0.002497454,0.592531308,0.116390428,-0.030259608,0.904343859,-0.022745952,-0.052746638,-0.024556532,-0.035301263,0.000670085,-0.000385146,0.017190152,0.000804029,-0.005822809,-0.051805308,0.010865414,0.026909608,0.002352719,0.363806294,0.006749563,-0.023655913,0.071691413,0.003144792,-0.042262543,-0.833509657,0.014985841,1.004434139,0.267462524,-0.002477206,-0.016159446,-0.007204429,0.116836549,0.030567751,-0.246788809,-0.238949161,-0.017913612
3660,3.660000,step_1,0,3.661000,0.015398495,0.006855346,0.010513599,0.010387018,0.091867500,0.215360776,0.027730000,0.091799219,0.215414355,0.012331750,0.181132424,-0.224337808,0.034708944,0.182283166,-0.224462764,0.027952025,0.134288154,0.061173871,0.034940213,0.002077171,0.034454366,0.054646025,0.002501518,0.592095382,0.116432609,-0.030255410,0.904647090,-0.022747071,-0.052736472,-0.024564175,-0.035271893,0.000670966,-0.000386714,0.017257369,0.000805552,-0.005828790,-0.051852814,0.010699700,0.026912575,0.002352441,0.364135815,0.006760289,-0.023661598,0.071865660,0.003163565,-0.042240862,-0.833457133,0.014996933,1.004370711,0.267572180,-0.002451477,-0.016145531,-0.007203493,0.116586390,0.030524468,-0.246560957,-0.238851368,-0.017957467
3670,3.670000,step_1,0,3.671000,0.015398198,0.006841566,0.010512967,0.010386983,0.091867500,0.215360776,0.027730000,0.091800799,0.215414296,0.012332040,0.181132424,-0.224337808,0.034708944,0.182282033,-0.224463156,0.027965820,0.134362684,0.061192145,0.034941848,0.002195597,0.034452235,0.054660265,0.002505479,0.591659561,0.116474377,-0.030251245,0.904949320,-0.022748195,-0.052726378,-0.024571759,-0.035242337,0.000671832,-0.000388281,0.017324707,0.000807079,-0.005834658,-0.051900093,0.010534124,0.026915492,0.002352162,0.364464883,0.006770988,-0.023667222,0.072039511,0.003182038,-0.042219103,-0.833404341,0.015008095,1.004306923,0.267681717,-0.002426358,-0.016131317,-0.007202424,0.116337486,0.030481109,-0.246334291,-0.238754232,-0.018000969
3680,3.680000,step_1,0,3.681000,0.015397901,0.006827792,0.010512378,0.010386933,0.091867500,0.215360776,0.027730000,0.091802335,0.215414239,0.012332330,0.181132424,-0.224337808,0.034708944,0.182280867,-0.224463528,0.027979604,0.134438174,0.061210333,0.034943481,0.002313954,0.034450089,0.054674506,0.002509341,0.591223862,0.116515742,-0.030247113,0.905250556,-0.022749324,-0.052716356,-0.024579286,-0.035212597,0.000672680,-0.000389848,0.017392167,0.000808609,-0.005840416,-0.051947153,0.010368691,0.026918359,0.002351880,0.364793498,0.006781661,-0.023672787,0.072212968,0.003200219,-0.042197268,-0.833351279,0.015019326,1.004242776,0.267791140,-0.002401834,-0.016116813,-0.007201226,0.116089830,0.030437674,-0.246108806,-0.238657747,-0.018044130
3690,3.690000,step_1,0,3.691000,0.015397605,0.006814024,0.010511829,0.010386867,0.091867500,0.215360776,0.027730000,0.091803830,0.215414182,0.012332620,0.181132424,-0.224337808,0.034708944,0.182279668,-0.224463878,0.027993375,0.134514603,0.061228437,0.034945112,0.002432249,0.034447929,0.054688749,0.002513106,0.590788304,0.116556714,-0.030243013,0.905550806,-0.022750457,-0.052706405,-0.024586757,-0.035182675,0.000673513,-0.000391414,0.017459749,0.000810143,-0.005846065,-0.051993998,0.010203401,0.026921178,0.002351597,0.365121660,0.006792308,-0.023678294,0.072386036,0.003218117,-0.042175355,-0.833297946,0.015030624,1.004178270,0.267900455,-0.002377891,-0.016102025,-0.007199904,0.115843413,0.030394161,-0.245884496,-0.238561906,-0.018086958
3700,3.700000,step_1,0,3.701000,0.015397308,0.006800263,0.010511321,0.010386786,0.091867500,0.215360776,0.027730000,0.091805283,0.215414126,0.012332910,0.181132424,-0.224337808,0.034708944,0.182278437,-0.224464210,0.028007134,0.134591954,0.061246458,0.034946740,0.002550491,0.034445754,0.054702994,0.002516775,0.590352903,0.116597303,-0.030238946,0.905850076,-0.022751596,-0.052696523,-0.024594174,-0.035152575,0.000674330,-0.000392981,0.017527454,0.000811681,-0.005851608,-0.052040636,0.010038259,0.026923951,0.002351311,0.365449367,0.006802930,-0.023683744,0.072558717,0.003235739,-0.042153366,-0.833244341,0.015041989,1.004113403,0.268009666,-0.002354518,-0.016086961,-0.007198463,0.115598230,0.030350571,-0.245661356,-0.238466701,-0.018129463
3710,3.710000,step_1,0,3.711000,0.015397012,0.006786507,0.010510852,0.010386691,0.091867500,0.215360776,0.027730000,0.091806696,0.215414071,0.012333201,0.181132424,-0.224337808,0.034708944,0.182277176,-0.224464521,0.028020882,0.134670206,0.061264400,0.034948366,0.002668686,0.034443566,0.054717241,0.002520351,0.589917675,0.116637516,-0.030234910,0.906148372,-0.022752739,-0.052686711,-0.024601539,-0.035122299,0.000675131,-0.000394547,0.017595283,0.000813223,-0.005857046,-0.052087072,0.009873267,0.026926679,0.002351024,0.365776618,0.006813527,-0.023689139,0.072731014,0.003253095,-0.042131300,-0.833190462,0.015053418,1.004048175,0.268118780,-0.002331701,-0.016071628,-0.007196906,0.115354272,0.030306903,-0.245439380,-0.238372128,-0.018171654
3720,3.720000,step_1,0,3.721000,0.015396715,0.006772759,0.010510421,0.010386583,0.091867500,0.215360776,0.027730000,0.091808070,0.215414017,0.012333492,0.181132424,-0.224337808,0.034708944,0.182275885,-0.224464815,0.028034618,0.134749343,0.061282262,0.034949990,0.002786843,0.034441364,0.054731491,0.002523837,0.589482637,0.116677364,-0.030230904,0.906445701,-0.022753887,-0.052676968,-0.024608853,-0.035091851,0.000675917,-0.000396113,0.017663236,0.000814768,-0.005862381,-0.052133311,0.009708428,0.026929363,0.002350735,0.366103414,0.006824099,-0.023694481,0.072902931,0.003270192,-0.042109158,-0.833136307,0.015064912,1.003982586,0.268227800,-0.002309428,-0.016056031,-0.007195238,0.115111533,0.030263157,-0.245218563,-0.238278179,-0.018213541
3730,3.730000,step_1,0,3.731000,0.015396418,0.006759017,0.010510026,0.010386461,0.091867500,0.215360776,0.027730000,0.091809406,0.215413964,0.012333783,0.181132424,-0.224337808,0.034708944,0.182274565,-0.224465090,0.028048342,0.134829346,0.061300048,0.034951613,0.002904969,0.034439147,0.054745744,0.002527233,0.589047804,0.116716855,-0.030226930,0.906742068,-0.022755040,-0.052667293,-0.024616117,-0.035061231,0.000676688,-0.000397678,0.017731315,0.000816318,-0.005867615,-0.052179359,0.009543743,0.026932004,0.002350444,0.366429753,0.006834646,-0.023699771,0.073074472,0.003287036,-0.042086940,-0.833081876,0.015076467,1.003916635,0.268336732,-0.002287686,-0.016040178,-0.007193462,0.114870005,0.030219333,-0.244998898,-0.238184849,-0.018255132
3740,3.740000,step_1,0,3.741000,0.015396122,0.006745281,0.010509667,0.010386326,0.091867500,0.215360776,0.027730000,0.091810706,0.215413911,0.012334075,0.181132424,-0.224337808,0.034708944,0.182273218,-0.224465347,0.028062054,0.134910200,0.061317760,0.034953233,0.003023071,0.034436918,0.054760001,0.002530543,0.588613191,0.116755996,-0.030222985,0.907037479,-0.022756198,-0.052657687,-0.024623334,-0.035030444,0.000677445,-0.000399244,0.017799519,0.000817871,-0.005872750,-0.052225222,0.009379217,0.026934604,0.002350152,0.366755635,0.006845170,-0.023705009,0.073245638,0.003303637,-0.042064647,-0.833027168,0.015088084,1.003850322,0.268445581,-0.002266464,-0.016024075,-0.007191583,0.114629681,0.030175430,-0.244780380,-0.238092131,-0.018296435
3750,3.750000,step_1,0,3.751000,0.015395825,0.006731552,0.010509343,0.010386178,0.091867500,0.215360776,0.027730000,0.091811971,0.215413860,0.012334367,0.181132424,-0.224337808,0.034708944,0.182271843,-0.224465588,0.028075755,0.134991887,0.061335397,0.034954852,0.003141155,0.034434674,0.054774261,0.002533768,0.588178812,0.116794797,-0.030219070,0.907331941,-0.022757361,-0.052648147,-0.024630504,-0.034999491,0.000678187,-0.000400809,0.017867849,0.000819427,-0.005877788,-0.052270905,0.009214851,0.026937165,0.002349859,0.367081059,0.006855669,-0.023710198,0.073416432,0.003319999,-0.042042277,-0.832972179,0.015099762,1.003783645,0.268554352,-0.002245750,-0.016007728,-0.007189605,0.114390554,0.030131449,-0.244563004,-0.238000020,-0.018337459
3760,3.760000,step_1,0,3.761000,0.015395528,0.006717830,0.010509052,0.010386019,0.091867500,0.215360776,0.027730000,0.091813201,0.215413809,0.012334659,0.181132424,-0.224337808,0.034708944,0.182270443,-0.224465812,0.028089444,0.135074391,0.061352964,0.034956469,0.003259229,0.034432417,0.054788527,0.002536910,0.587744682,0.116833265,-0.030215184,0.907625459,-0.022758528,-0.052638674,-0.024637628,-0.034968375,0.000678914,-0.000402375,0.017936307,0.000820987,-0.005882729,-0.052316414,0.009050647,0.026939686,0.002349564,0.367406024,0.006866145,-0.023715339,0.073586859,0.003336132,-0.042019833,-0.832916910,0.015111499,1.003716606,0.268663048,-0.002225534,-0.015991143,-0.007187530,0.114152618,0.030087389,-0.244346764,-0.237908509,-0.018378211
3770,3.770000,step_1,0,3.771000,0.015395231,0.006704115,0.010508793,0.010385849,0.091867500,0.215360776,0.027730000,0.091814397,0.215413759,0.012334952,0.181132424,-0.224337808,0.034708944,0.182269017,-0.224466020,0.028103122,0.135157698,0.061370460,0.034958085,0.003377299,0.034430147,0.054802797,0.002539971,0.587310815,0.116871407,-0.030211326,0.907918038,-0.022759700,-0.052629268,-0.024644709,-0.034937097,0.000679628,-0.000403940,0.018004892,0.000822551,-0.005887577,-0.052361752,0.008886609,0.026942170,0.002349268,0.367730530,0.006876597,-0.023720432,0.073756920,0.003352040,-0.041997313,-0.832861360,0.015123294,1.003649202,0.268771676,-0.002205802,-0.015974326,-0.007185362,0.113915865,0.030043251,-0.244131654,-0.237817593,-0.018418700
3780,3.780000,step_1,0,3.781000,0.015394934,0.006690407,0.010508566,0.010385667,0.091867500,0.215360776,0.027730000,0.091815561,0.215413710,0.012335245,0.181132424,-0.224337808,0.034708944,0.182267566,-0.224466213,0.028116788,0.135241791,0.061387888,0.034959699,0.003495372,0.034427863,0.054817072,0.002542953,0.586877224,0.116909232,-0.030207497,0.908209684,-0.022760877,-0.052619927,-0.024651747,-0.034905661,0.000680328,-0.000405505,0.018073605,0.000824118,-0.005892333,-0.052406926,0.008722738,0.026944617,0.002348970,0.368054577,0.006887026,-0.023725480,0.073926618,0.003367732,-0.041974718,-0.832805525,0.015135146,1.003581433,0.268880238,-0.002186546,-0.015957282,-0.007183105,0.113680287,0.029999033,-0.243917668,-0.237727267,-0.018458933
3790,3.790000,step_1,0,3.791000,0.015394636,0.006676706,0.010508369,0.010385474,0.091867500,0.215360776,0.027730000,0.091816694,0.215413662,0.012335539,0.181132424,-0.224337808,0.034708944,0.182266092,-0.224466391,0.028130443,0.135326656,0.061405250,0.034961312,0.003613454,0.034425566,0.054831353,0.002545858,0.586443922,0.116946746,-0.030203696,0.908500402,-0.022762058,-0.052610651,-0.024658744,-0.034874068,0.000681014,-0.000407070,0.018142448,0.000825689,-0.005896998,-0.052451940,0.008559036,0.026947029,0.002348672,0.368378162,0.006897433,-0.023730483,0.074095956,0.003383212,-0.041952049,-0.832749406,0.015147055,1.003513299,0.268988740,-0.002167755,-0.015940016,-0.007180762,0.113445880,0.029954737,-0.243704802,-0.237637525,-0.018498917
3800,3.800000,step_1,0,3.801000,0.015394338,0.006663012,0.010508202,0.010385272,0.091867500,0.215360776,0.027730000,0.091817796,0.215413614,0.012335833,0.181132424,-0.224337808,0.034708944,0.182264595,-0.224466554,0.028144087,0.135412279,0.061422546,0.034962925,0.003731550,0.034423256,0.054845640,0.002548687,0.586010923,0.116983956,-0.030199923,0.908790197,-0.022763244,-0.052601440,-0.024665700,-0.034842320,0.000681687,-0.000408634,0.018211420,0.000827263,-0.005901574,-0.052496799,0.008395506,0.026949406,0.002348372,0.368701286,0.006907816,-0.023735442,0.074264936,0.003398488,-0.041929305,-0.832693001,0.015159019,1.003444799,0.269097185,-0.002149418,-0.015922535,-0.007178336,0.113212635,0.029910361,-0.243493048,-0.237548361,-0.018538659
3810,3.810000,step_1,0,3.811000,0.015394040,0.006649326,0.010508064,0.010385059,0.091867500,0.215360776,0.027730000,0.091818868,0.215413567,0.012336127,0.181132424,-0.224337808,0.034708944,0.182263075,-0.224466704,0.028157719,0.135498645,0.061439780,0.034964536,0.003849667,0.034420933,0.054859934,0.002551443,0.585578237,0.117020869,-0.030196176,0.909079075,-0.022764435,-0.052592293,-0.024672618,-0.034810420,0.000682348,-0.000410199,0.018280521,0.000828840,-0.005906062,-0.052541507,0.008232151,0.026951750,0.002348071,0.369023948,0.006918178,-0.023740358,0.074433560,0.003413565,-0.041906486,-0.832636308,0.015171037,1.003375932,0.269205579,-0.002131525,-0.015904843,-0.007175830,0.112980546,0.029865907,-0.243282403,-0.237459771,-0.018578167
3820,3.820000,step_1,0,3.821000,0.015393742,0.006635647,0.010507954,0.010384837,0.091867500,0.215360776,0.027730000,0.091819911,0.215413521,0.012336422,0.181132424,-0.224337808,0.034708944,0.182261534,-0.224466839,0.028171340,0.135585743,0.061456951,0.034966146,0.003967811,0.034418597,0.054874234,0.002554126,0.585145878,0.117057491,-0.030192457,0.909367039,-0.022765630,-0.052583210,-0.024679497,-0.034778369,0.000682995,-0.000411764,0.018349754,0.000830421,-0.005910465,-0.052586070,0.008068971,0.026954061,0.002347770,0.369346147,0.006928517,-0.023745233,0.074601832,0.003428448,-0.041883594,-0.832579326,0.015183109,1.003306698,0.269313924,-0.002114067,-0.015886945,-0.007173248,0.112749607,0.029821373,-0.243072860,-0.237371748,-0.018617447
3830,3.830000,step_1,0,3.831000,0.015393443,0.006621975,0.010507871,0.010384606,0.091867500,0.215360776,0.027730000,0.091820927,0.215413475,0.012336717,0.181132424,-0.224337808,0.034708944,0.182259972,-0.224466962,0.028184949,0.135673558,0.061474061,0.034967755,0.004085987,0.034416248,0.054888541,0.002556739,0.584713857,0.117093830,-0.030188763,0.909654095,-0.022766830,-0.052574190,-0.024686340,-0.034746169,0.000683630,-0.000413328,0.018419117,0.000832006,-0.005914783,-0.052630492,0.007905969,0.026956341,0.002347467,0.369667883,0.006938835,-0.023750067,0.074769753,0.003443145,-0.041860627,-0.832522054,0.015195234,1.003237095,0.269422226,-0.002097033,-0.015868847,-0.007170592,0.112519810,0.029776761,-0.242864413,-0.237284289,-0.018656505
3840,3.840000,step_1,0,3.841000,0.015393144,0.006608311,0.010507814,0.010384367,0.091867500,0.215360776,0.027730000,0.091821915,0.215413431,0.012337013,0.181132424,-0.224337808,0.034708944,0.182258390,-0.224467071,0.028198547,0.135762078,0.061491113,0.034969364,0.004204200,0.034413886,0.054902855,0.002559283,0.584282185,0.117129891,-0.030185096,0.909940247,-0.022768034,-0.052565233,-0.024693148,-0.034713822,0.000684252,-0.000414893,0.018488613,0.000833593,-0.005919018,-0.052674777,0.007743147,0.026958591,0.002347164,0.369989155,0.006949131,-0.023754862,0.074937326,0.003457660,-0.041837586,-0.832464490,0.015207410,1.003167124,0.269530488,-0.002080415,-0.015850552,-0.007167865,0.112291149,0.029732071,-0.242657058,-0.237197387,-0.018695349
3850,3.850000,step_1,0,3.851000,0.015392845,0.006594654,0.010507784,0.010384118,0.091867500,0.215360776,0.027730000,0.091822876,0.215413387,0.012337310,0.181132424,-0.224337808,0.034708944,0.182256788,-0.224467169,0.028212134,0.135851290,0.061508107,0.034970972,0.004322457,0.034411512,0.054917177,0.002561759,0.583850874,0.117165680,-0.030181455,0.910225500,-0.022769243,-0.052556338,-0.024699920,-0.034681331,0.000684863,-0.000416458,0.018558240,0.000835184,-0.005923172,-0.052718930,0.007580507,0.026960810,0.002346860,0.370309961,0.006959405,-0.023759618,0.075104553,0.003471998,-0.041814472,-0.832406633,0.015219638,1.003096783,0.269638713,-0.002064204,-0.015832067,-0.007165069,0.112063617,0.029687301,-0.242450788,-0.237111038,-0.018733984
3860,3.860000,step_1,0,3.861000,0.015392545,0.006581005,0.010507777,0.010383862,0.091867500,0.215360776,0.027730000,0.091823813,0.215413343,0.012337606,0.181132424,-0.224337808,0.034708944,0.182255168,-0.224467254,0.028225710,0.135941182,0.061525046,0.034972579,0.004440761,0.034409126,0.054931507,0.002564170,0.583419934,0.117201203,-0.030177838,0.910509859,-0.022770456,-0.052547504,-0.024706660,-0.034648695,0.000685461,-0.000418022,0.018628001,0.000836779,-0.005927246,-0.052762954,0.007418051,0.026963001,0.002346555,0.370630303,0.006969659,-0.023764337,0.075271436,0.003486165,-0.041791285,-0.832348481,0.015231915,1.003026071,0.269746907,-0.002048390,-0.015813394,-0.007162208,0.111837208,0.029642453,-0.242245598,-0.237025237,-0.018772416
3870,3.870000,step_1,0,3.871000,0.015392245,0.006567364,0.010507796,0.010383598,0.091867500,0.215360776,0.027730000,0.091824724,0.215413301,0.012337904,0.181132424,-0.224337808,0.034708944,0.182253529,-0.224467327,0.028239275,0.136031744,0.061541929,0.034974186,0.004559119,0.034406726,0.054945846,0.002566516,0.582989376,0.117236466,-0.030174247,0.910793327,-0.022771674,-0.052538732,-0.024713366,-0.034615918,0.000686048,-0.000419587,0.018697895,0.000838376,-0.005931241,-0.052806854,0.007255781,0.026965164,0.002346250,0.370950178,0.006979891,-0.023769019,0.075437977,0.003500165,-0.041768024,-0.832290034,0.015244243,1.002954989,0.269855072,-0.002032966,-0.015794539,-0.007159283,0.111611916,0.029597527,-0.242041483,-0.236939980,-0.018810651
3880,3.880000,step_1,0,3.881000,0.015391945,0.006553731,0.010507837,0.010383327,0.091867500,0.215360776,0.027730000,0.091825611,0.215413259,0.012338202,0.181132424,-0.224337808,0.034708944,0.182251872,-0.224467390,0.028252828,0.136122962,0.061558759,0.034975793,0.004677535,0.034404315,0.054960193,0.002568799,0.582559209,0.117271474,-0.030170681,0.911075909,-0.022772896,-0.052530021,-0.024720041,-0.034583001,0.000686624,-0.000421151,0.018767922,0.000839977,-0.005935159,-0.052850634,0.007093698,0.026967300,0.002345944,0.371269586,0.006990102,-0.023773665,0.075604178,0.003514005,-0.041744690,-0.832231290,0.015256619,1.002883534,0.269963212,-0.002017921,-0.015775506,-0.007156298,0.111387734,0.029552523,-0.241838437,-0.236855261,-0.018848695
3890,3.890000,step_1,0,3.891000,0.015391644,0.006540105,0.010507902,0.010383049,0.091867500,0.215360776,0.027730000,0.091826475,0.215413218,0.012338500,0.181132424,-0.224337808,0.034708944,0.182250198,-0.224467441,0.028266370,0.136214828,0.061575537,0.034977399,0.004796015,0.034401891,0.054974549,0.002571020,0.582129444,0.117306233,-0.030167139,0.911357608,-0.022774122,-0.052521370,-0.024726685,-0.034549945,0.000687188,-0.000422716,0.018838084,0.000841581,-0.005939002,-0.052894297,0.006931805,0.026969410,0.002345637,0.371588527,0.007000293,-0.023778276,0.075770042,0.003527687,-0.041721283,-0.832172246,0.015269043,1.002811707,0.270071331,-0.002003249,-0.015756299,-0.007153255,0.111164656,0.029507441,-0.241636454,-0.236771075,-0.018886553
3900,3.900000,step_1,0,3.901000,0.015391342,0.006526488,0.010507988,0.010382764,0.091867500,0.215360776,0.027730000,0.091827315,0.215413177,0.012338799,0.181132424,-0.224337808,0.034708944,0.182248507,-0.224467482,0.028279901,0.136307329,0.061592264,0.034979006,0.004914562,0.034399454,0.054988914,0.002573182,0.581700091,0.117340747,-0.030163621,0.911638430,-0.022775353,-0.052512779,-0.024733300,-0.034516752,0.000687741,-0.000424280,0.018908382,0.000843188,-0.005942770,-0.052937849,0.006770102,0.026971493,0.002345331,0.371906999,0.007010463,-0.023782853,0.075935569,0.003541218,-0.041697803,-0.832112903,0.015281515,1.002739506,0.270179432,-0.001988941,-0.015736922,-0.007150156,0.110942675,0.029462281,-0.241435530,-0.236687419,-0.018924231
3910,3.910000,step_1,0,3.911000,0.015391040,0.006512879,0.010508096,0.010382472,0.091867500,0.215360776,0.027730000,0.091828134,0.215413137,0.012339099,0.181132424,-0.224337808,0.034708944,0.182246801,-0.224467512,0.028293421,0.136400455,0.061608942,0.034980612,0.005033181,0.034397006,0.055003289,0.002575285,0.581271158,0.117375022,-0.030160126,0.911918378,-0.022776588,-0.052504247,-0.024739886,-0.034483424,0.000688283,-0.000425845,0.018978814,0.000844799,-0.005946465,-0.052981292,0.006608592,0.026973552,0.002345023,0.372225003,0.007020613,-0.023787396,0.076100763,0.003554601,-0.041674250,-0.832053259,0.015294033,1.002666930,0.270287519,-0.001974989,-0.015717379,-0.007147003,0.110721785,0.029417043,-0.241235657,-0.236604288,-0.018961734
3920,3.920000,step_1,0,3.921000,0.015390738,0.006499279,0.010508225,0.010382175,0.091867500,0.215360776,0.027730000,0.091828932,0.215413098,0.012339399,0.181132424,-0.224337808,0.034708944,0.182245079,-0.224467533,0.028306929,0.136494197,0.061625572,0.034982218,0.005151878,0.034394545,0.055017674,0.002577330,0.580842656,0.117409064,-0.030156655,0.912197456,-0.022777828,-0.052495775,-0.024746443,-0.034449961,0.000688815,-0.000427410,0.019049383,0.000846412,-0.005950088,-0.053024630,0.006447277,0.026975587,0.002344715,0.372542536,0.007030743,-0.023791907,0.076265624,0.003567841,-0.041650625,-0.831993311,0.015306598,1.002593980,0.270395595,-0.001961385,-0.015697674,-0.007143799,0.110501980,0.029371729,-0.241036832,-0.236521677,-0.018999067
3930,3.930000,step_1,0,3.931000,0.015390435,0.006485686,0.010508375,0.010381871,0.091867500,0.215360776,0.027730000,0.091829708,0.215413059,0.012339700,0.181132424,-0.224337808,0.034708944,0.182243341,-0.224467544,0.028320426,0.136588545,0.061642155,0.034983824,0.005270655,0.034392073,0.055032069,0.002579319,0.580414592,0.117442875,-0.030153208,0.912475667,-0.022779071,-0.052487361,-0.024752974,-0.034416366,0.000689336,-0.000428974,0.019120088,0.000848029,-0.005953641,-0.053067867,0.006286157,0.026977599,0.002344407,0.372859600,0.007040853,-0.023796387,0.076430155,0.003580942,-0.041626927,-0.831933059,0.015319208,1.002520653,0.270503663,-0.001948123,-0.015677811,-0.007140545,0.110283254,0.029326338,-0.240839049,-0.236439583,-0.019036235
3940,3.940000,step_1,0,3.941000,0.015390132,0.006472102,0.010508544,0.010381562,0.091867500,0.215360776,0.027730000,0.091830464,0.215413021,0.012340002,0.181132424,-0.224337808,0.034708944,0.182241590,-0.224467545,0.028333912,0.136683489,0.061658692,0.034985430,0.005389518,0.034389588,0.055046474,0.002581252,0.579986975,0.117476462,-0.030149783,0.912753016,-0.022780319,-0.052479005,-0.024759478,-0.034382640,0.000689846,-0.000430539,0.019190929,0.000849649,-0.005957124,-0.053111007,0.006125235,0.026979588,0.002344099,0.373176192,0.007050943,-0.023800835,0.076594358,0.003593908,-0.041603158,-0.831872502,0.015331863,1.002446949,0.270611727,-0.001935194,-0.015657793,-0.007137244,0.110065600,0.029280870,-0.240642302,-0.236357999,-0.019073243
3950,3.950000,step_1,0,3.951000,0.015389828,0.006458527,0.010508733,0.010381248,0.091867500,0.215360776,0.027730000,0.091831201,0.215412983,0.012340304,0.181132424,-0.224337808,0.034708944,0.182239824,-0.224467538,0.028347387,0.136779019,0.061675185,0.034987036,0.005508471,0.034387092,0.055060890,0.002583132,0.579559814,0.117509829,-0.030146380,0.913029505,-0.022781571,-0.052470707,-0.024765956,-0.034348784,0.000690347,-0.000432104,0.019261909,0.000851272,-0.005960539,-0.053154053,0.005964512,0.026981554,0.002343790,0.373492313,0.007061014,-0.023805253,0.076758234,0.003606744,-0.041579316,-0.831811638,0.015344562,1.002372867,0.270719790,-0.001922591,-0.015637624,-0.007133898,0.109849012,0.029235326,-0.240446586,-0.236276924,-0.019110095
3960,3.960000,step_1,0,3.961000,0.015389523,0.006444960,0.010508940,0.010380928,0.091867500,0.215360776,0.027730000,0.091831918,0.215412946,0.012340606,0.181132424,-0.224337808,0.034708944,0.182238044,-0.224467522,0.028360851,0.136875127,0.061691634,0.034988643,0.005627517,0.034384583,0.055075316,0.002584960,0.579133117,0.117542979,-0.030143001,0.913305139,-0.022782827,-0.052462467,-0.024772410,-0.034314798,0.000690837,-0.000433669,0.019333026,0.000852897,-0.005963888,-0.053197008,0.005803990,0.026983500,0.002343481,0.373807962,0.007071065,-0.023809642,0.076921784,0.003619453,-0.041555402,-0.831750465,0.015357305,1.002298407,0.270827855,-0.001910307,-0.015617307,-0.007130508,0.109633485,0.029189706,-0.240251895,-0.236196352,-0.019146796
3970,3.970000,step_1,0,3.971000,0.015389218,0.006431402,0.010509165,0.010380604,0.091867500,0.215360776,0.027730000,0.091832617,0.215412910,0.012340910,0.181132424,-0.224337808,0.034708944,0.182236252,-0.224467497,0.028374303,0.136971805,0.061708041,0.034990250,0.005746662,0.034382063,0.055089754,0.002586736,0.578706891,0.117575918,-0.030139643,0.913579921,-0.022784087,-0.052454283,-0.024778839,-0.034280686,0.000691318,-0.000435235,0.019404282,0.000854526,-0.005967171,-0.053239875,0.005643670,0.026985424,0.002343172,0.374123137,0.007081096,-0.023814002,0.077085010,0.003632039,-0.041531416,-0.831688982,0.015370091,1.002223566,0.270935925,-0.001898336,-0.015596846,-0.007127077,0.109419012,0.029144010,-0.240058225,-0.236116279,-0.019183350
3980,3.980000,step_1,0,3.981000,0.015388912,0.006417853,0.010509408,0.010380275,0.091867500,0.215360776,0.027730000,0.091833298,0.215412874,0.012341214,0.181132424,-0.224337808,0.034708944,0.182234446,-0.224467464,0.028387744,0.137069043,0.061724408,0.034991858,0.005865907,0.034379532,0.055104203,0.002588462,0.578281145,0.117608649,-0.030136307,0.913853854,-0.022785351,-0.052446156,-0.024785245,-0.034246447,0.000691790,-0.000436800,0.019475676,0.000856158,-0.005970389,-0.053282659,0.005483553,0.026987328,0.002342863,0.374437839,0.007091109,-0.023818333,0.077247915,0.003644505,-0.041507359,-0.831627188,0.015382920,1.002148345,0.271044003,-0.001886671,-0.015576244,-0.007123606,0.109205587,0.029098239,-0.239865569,-0.236036701,-0.019219762
3990,3.990000,step_1,0,3.991000,0.015388606,0.006404312,0.010509668,0.010379942,0.091867500,0.215360776,0.027730000,0.091833962,0.215412839,0.012341519,0.181132424,-0.224337808,0.034708944,0.182232629,-0.224467424,0.028401174,0.137166834,0.061740734,0.034993466,0.005985258,0.034376988,0.055118664,0.002590138,0.577855886,0.117641177,-0.030132992,0.914126942,-0.022786620,-0.052438085,-0.024791628,-0.034212083,0.000692251,-0.000438366,0.019547210,0.000857793,-0.005973544,-0.053325362,0.005323641,0.026989213,0.002342553,0.374752067,0.007101102,-0.023822637,0.077410498,0.003656856,-0.041483230,-0.831565082,0.015395791,1.002072743,0.271152092,-0.001875304,-0.015555505,-0.007120097,0.108993205,0.029052394,-0.239673923,-0.235957614,-0.019256036
4000,4.000000,step_2,0,4.001000,0.040654309,0.034866325,0.010670894,0.010576680,0.056867500,0.233360776,0.022730000,0.091835021,0.215412774,0.012341808,0.148132424,-0.230337808,0.032708944,0.182231672,-0.224467548,0.028414534,0.134149549,0.061109520,0.034461851,-0.009294525,0.033708792,0.055343963,0.005054382,0.596555888,0.118530972,-0.029150938,0.842867893,-0.022406640,-0.050723597,-0.029277214,-0.034178654,0.000692709,-0.000439553,0.019615817,0.000857450,-0.005976252,-0.053356553,0.005167690,0.026991037,0.002342244,0.375055584,0.007111860,-0.023824345,0.077544045,0.002610596,-0.041454225,-0.831124141,0.012342696,1.000015545,0.271645385,0.009570430,-0.011779535,-0.007157967,0.108781672,0.018771339,-0.238700636,-0.233309492,-0.048010196
4010,4.010000,step_2,0,4.011000,0.040651893,0.034853733,0.010392261,0.010057070,0.056867500,0.233360776,0.022730000,0.091832267,0.215412842,0.012341873,0.148132424,-0.230337808,0.032708944,0.182218905,-0.224468149,0.028414577,0.129378679,0.060293514,0.034737915,-0.007574551,0.033943919,0.055094140,0.003476060,0.624363681,0.116119578,-0.029412340,0.859814558,-0.022046407,-0.052368710,-0.028586434,-0.034168366,0.000692940,-0.000439525,0.019624611,0.000857031,-0.005978960,-0.053357148,0.005115851,0.026992259,0.002342524,0.375101332,0.007110073,-0.023823769,0.077539446,0.000916016,-0.041492236,-0.831295068,0.008393081,1.001843942,0.271164535,0.002915172,-0.002660641,-0.007189060,0.108634055,-0.002056328,-0.241205849,-0.235751137,-0.039305867
4020,4.020000,step_2,0,4.021000,0.040649748,0.034845050,0.010394288,0.010206695,0.056867500,0.233360776,0.022730000,0.091829972,0.215413207,0.012341915,0.148132424,-0.230337808,0.032708944,0.182209976,-0.224468604,0.028413554,0.130219448,0.059336694,0.035203738,-0.008029695,0.034372386,0.055155482,0.003383294,0.624378852,0.117662228,-0.030048405,0.861371078,-0.022920250,-0.052373900,-0.028210047,-0.034162405,0.000692563,-0.000439883,0.019626193,0.000855180,-0.005981586,-0.053352054,0.005091278,0.026993033,0.002342353,0.375106989,0.007112193,-0.023822302,0.077511368,0.000729983,-0.041568765,-0.831343601,0.008394562,1.002080687,0.271458069,0.002577720,-0.001531387,-0.007229654,0.108731833,-0.001539396,-0.241249035,-0.235360421,-0.037077850
4030,4.030000,step_2,0,4.031000,0.040647566,0.034840465,0.010330870,0.010290686,0.056867500,0.233360776,0.022730000,0.091827892,0.215414071,0.012341960,0.148132424,-0.230337808,0.032708944,0.182205334,-0.224469134,0.028413191,0.135823438,0.057842166,0.035300913,-0.010923616,0.034431486,0.055171463,0.003298063,0.606178158,0.118996642,-0.029923340,0.852604404,-0.022905523,-0.052414343,-0.027735301,-0.034158114,0.000691215,-0.000440288,0.019626347,0.000853371,-0.005984150,-0.053350156,0.005077039,0.026993776,0.002342689,0.375114463,0.007114197,-0.023820117,0.077504880,0.000606492,-0.041690738,-0.831378646,0.008133995,1.001813846,0.271465306,0.002521496,-0.000605546,-0.007210964,0.108808527,-0.001826192,-0.240354790,-0.235322630,-0.035758883
4040,4.040000,step_2,0,4.041000,0.040644352,0.034836828,0.010214501,0.010233478,0.056867500,0.233360776,0.022730000,0.091824987,0.215415665,0.012342004,0.148132424,-0.230337808,0.032708944,0.182201698,-0.224469990,0.028412687,0.141834600,0.056059307,0.035327292,-0.013995830,0.034412558,0.055151237,0.003272085,0.587940452,0.120274865,-0.029726061,0.843740511,-0.022823664,-0.052387896,-0.027508192,-0.034153973,0.000688343,-0.000440810,0.019623349,0.000851646,-0.005985851,-0.053347585,0.005068868,0.026995040,0.002343505,0.375116373,0.007116046,-0.023817794,0.077505299,0.000688294,-0.041871335,-0.831396063,0.007790676,1.001655600,0.271548394,0.002763802,-0.000294987,-0.007136855,0.108851701,-0.002500666,-0.240109346,-0.235230515,-0.035640190
4050,4.050000,step_2,0,4.051000,0.040639147,0.034831389,0.010052731,0.010087752,0.056867500,0.233360776,0.022730000,0.091820285,0.215418268,0.012342050,0.148132424,-0.230337808,0.032708944,0.182196237,-0.224471363,0.028411606,0.146752259,0.054238354,0.035368951,-0.016476450,0.034402871,0.055144534,0.003299265,0.575245587,0.121382061,-0.029616038,0.837816566,-0.022824755,-0.052372239,-0.027479233,-0.034147815,0.000683345,-0.000441439,0.019617021,0.000849882,-0.005986191,-0.053341320,0.005060150,0.026997305,0.002344756,0.375112062,0.007118126,-0.023815964,0.077502267,0.000981898,-0.042112906,-0.831408682,0.007470885,1.001616882,0.271704255,0.003228478,-0.000625039,-0.007017708,0.108888148,-0.003043217,-0.240125589,-0.235290925,-0.036255758
4060,4.060000,step_2,0,4.061000,0.040631206,0.034822398,0.009855742,0.009896447,0.056867500,0.233360776,0.022730000,0.091813057,0.215422143,0.012342102,0.148132424,-0.230337808,0.032708944,0.182187166,-0.224473415,0.028409781,0.150595726,0.052437286,0.035427799,-0.018379287,0.034407088,0.055141114,0.003365017,0.567479520,0.122336360,-0.029529919,0.834522615,-0.022842786,-0.052374742,-0.027569565,-0.034137780,0.000675635,-0.000442128,0.019607722,0.000847993,-0.005984570,-0.053329499,0.005045549,0.027000948,0.002346381,0.375103556,0.007120488,-0.023814938,0.077490846,0.001438608,-0.042412256,-0.831418737,0.007191774,1.001615505,0.271911950,0.003838379,-0.001391949,-0.006865160,0.108928421,-0.003363968,-0.240137346,-0.235398037,-0.037206063
4070,4.070000,step_2,0,4.071000,0.040619964,0.034808885,0.009633079,0.009690462,0.056867500,0.233360776,0.022730000,0.091802772,0.215427535,0.012342165,0.148132424,-0.230337808,0.032708944,0.182173508,-0.224476270,0.028407150,0.153846421,0.050666464,0.035491724,-0.019955503,0.034415008,0.055142936,0.003455847,0.562396037,0.123223648,-0.029434892,0.832691976,-0.022851762,-0.052378159,-0.027713820,-0.034122508,0.000664670,-0.000442825,0.019595776,0.000845925,-0.005980447,-0.053310974,0.005021788,0.027006271,0.002348352,0.375092764,0.007123177,-0.023815010,0.077469126,0.002011787,-0.042764889,-0.831426823,0.006936465,1.001611728,0.272168962,0.004546598,-0.002407614,-0.006685496,0.108969921,-0.003529990,-0.240108676,-0.235520872,-0.038277414
4080,4.080000,step_2,0,4.081000,0.040604958,0.034790283,0.009391692,0.009487175,0.056867500,0.233360776,0.022730000,0.091789009,0.215434671,0.012342241,0.148132424,-0.230337808,0.032708944,0.182154696,-0.224480038,0.028403678,0.156924726,0.048902796,0.035555654,-0.021423008,0.034422206,0.055148607,0.003563898,0.558172575,0.124095388,-0.029333138,0.831388309,-0.022853950,-0.052381976,-0.027878098,-0.034101004,0.000649951,-0.000443484,0.019581306,0.000843626,-0.005973333,-0.053284895,0.004987031,0.027013526,0.002350667,0.375080772,0.007126294,-0.023816390,0.077436356,0.002673573,-0.043166698,-0.831433070,0.006685122,1.001599297,0.272467503,0.005335594,-0.003566056,-0.006482057,0.109012580,-0.003622536,-0.240059101,-0.235659061,-0.039404946
4090,4.090000,step_2,0,4.091000,0.040585769,0.034766159,0.009137801,0.009297110,0.056867500,0.233360776,0.022730000,0.091771391,0.215443762,0.012342332,0.148132424,-0.230337808,0.032708944,0.182130298,-0.224484820,0.028399317,0.160055077,0.047122269,0.035619297,-0.022897216,0.034428274,0.055157377,0.003686367,0.553863382,0.124978653,-0.029230084,0.830134031,-0.022854726,-0.052386521,-0.028052771,-0.034072457,0.000631012,-0.000444063,0.019564278,0.000841044,-0.005962778,-0.053250477,0.004940105,0.027022939,0.002353333,0.375068011,0.007129950,-0.023819257,0.077391960,0.003412046,-0.043614635,-0.831437840,0.006425644,1.001580791,0.272804584,0.006203615,-0.004828321,-0.006256557,0.109056615,-0.003691626,-0.239999177,-0.235812658,-0.040594125
4100,4.100000,step_2,0,4.101000,0.040561996,0.034736093,0.008877874,0.009130014,0.056867500,0.233360776,0.022730000,0.091749553,0.215455008,0.012342441,0.148132424,-0.230337808,0.032708944,0.182099894,-0.224490713,0.028394008,0.163307817,0.045310011,0.035683427,-0.024413447,0.034433643,0.055168998,0.003823020,0.549179914,0.125881832,-0.029127419,0.828789416,-0.022855600,-0.052392271,-0.028239275,-0.034036125,0.000607414,-0.000444531,0.019544581,0.000838130,-0.005948360,-0.053206916,0.004880015,0.027034726,0.002356364,0.375054590,0.007134239,-0.023823783,0.077335194,0.004223633,-0.044106428,-0.831441558,0.006153710,1.001558573,0.273178025,0.007152937,-0.006189790,-0.006010014,0.109102102,-0.003756172,-0.239930510,-0.235981905,-0.041866057
4110,4.110000,step_2,0,4.111000,0.040533247,0.034699645,0.008619309,0.008997166,0.056867500,0.233360776,0.022730000,0.091723137,0.215468599,0.012342570,0.148132424,-0.230337808,0.032708944,0.182063037,-0.224497810,0.028387687,0.166677370,0.043459784,0.035748572,-0.025967842,0.034438553,0.055183259,0.003974217,0.544154824,0.126804776,-0.029024854,0.827376325,-0.022856250,-0.052399283,-0.028441240,-0.033991283,0.000578738,-0.000444856,0.019522086,0.000834842,-0.005929673,-0.053153393,0.004805739,0.027049092,0.002359767,0.375040539,0.007139234,-0.023830139,0.077265135,0.005107267,-0.044640170,-0.831444527,0.005869531,1.001533615,0.273586000,0.008184330,-0.007655828,-0.005743300,0.109148876,-0.003817189,-0.239853243,-0.236166360,-0.043234721
4120,4.120000,step_2,0,4.121000,0.040499143,0.034656364,0.008370687,0.008911317,0.056867500,0.233360776,0.022730000,0.091691794,0.215484715,0.012342720,0.148132424,-0.230337808,0.032708944,0.182019274,-0.224506198,0.028380289,0.170138316,0.041570586,0.035814912,-0.027546515,0.034443020,0.055200017,0.004140031,0.538906962,0.127744795,-0.028921929,0.825957425,-0.022856215,-0.052407465,-0.028660937,-0.033937219,0.000544585,-0.000445009,0.019496680,0.000831140,-0.005906324,-0.053089094,0.004716208,0.027066234,0.002363553,0.375025920,0.007144999,-0.023838492,0.077180782,0.006061555,-0.045214032,-0.831446941,0.005574933,1.001506188,0.274026774,0.009296015,-0.009230063,-0.005457375,0.109196671,-0.003869422,-0.239767656,-0.236365410,-0.044703344
4130,4.130000,step_2,0,4.131000,0.040459320,0.034605811,0.008141747,0.008885506,0.056867500,0.233360776,0.022730000,0.091655190,0.215503529,0.012342895,0.148132424,-0.230337808,0.032708944,0.181968160,-0.224515960,0.028371754,0.173670899,0.039643208,0.035882480,-0.029138714,0.034447001,0.055219125,0.004320105,0.533533179,0.128699420,-0.028818438,0.824581863,-0.022855245,-0.052416711,-0.028898800,-0.033873238,0.000504575,-0.000444960,0.019468266,0.000826987,-0.005877939,-0.053013235,0.004610344,0.027086339,0.002367725,0.375010851,0.007151590,-0.023849008,0.077081145,0.007084069,-0.045826140,-0.831448942,0.005271768,1.001476372,0.274498524,0.010484491,-0.010911436,-0.005153326,0.109245220,-0.003907615,-0.239673929,-0.236578216,-0.046267784
4140,4.140000,step_2,0,4.141000,0.040413434,0.034547570,0.007943198,0.008931654,0.056867500,0.233360776,0.022730000,0.091613007,0.215525204,0.012343097,0.148132424,-0.230337808,0.032708944,0.181909272,-0.224527173,0.028362029,0.177266356,0.037678324,0.035951286,-0.030739499,0.034450465,0.055240426,0.004513799,0.528083516,0.129667250,-0.028714347,0.823273717,-0.022853242,-0.052426913,-0.029154040,-0.033798677,0.000458345,-0.000444681,0.019436765,0.000822349,-0.005844157,-0.052925072,0.004487098,0.027109580,0.002372290,0.374995492,0.007159063,-0.023861842,0.076965297,0.008171584,-0.046474559,-0.831450660,0.004961409,1.001444232,0.274999343,0.011745550,-0.012695193,-0.004832329,0.109294276,-0.003928512,-0.239572067,-0.236803745,-0.047920596
4150,4.150000,step_2,0,4.151000,0.040361158,0.034481257,0.007786374,0.009059333,0.056867500,0.233360776,0.022730000,0.091564944,0.215549894,0.012343330,0.148132424,-0.230337808,0.032708944,0.181842220,-0.224539908,0.028351067,0.180923805,0.035675900,0.036021359,-0.032348071,0.034453406,0.055263754,0.004720361,0.522572508,0.130647850,-0.028609693,0.822038509,-0.022850178,-0.052437963,-0.029425333,-0.033712907,0.000405555,-0.000444145,0.019402108,0.000817192,-0.005804635,-0.052823902,0.004345483,0.027136121,0.002377250,0.374980025,0.007167469,-0.023877142,0.076832387,0.009320512,-0.047157326,-0.831452233,0.004644791,1.001409847,0.275527285,0.013074913,-0.014574728,-0.004495599,0.109343613,-0.003930699,-0.239462031,-0.237040879,-0.049653684
4160,4.160000,step_2,0,4.161000,0.040302190,0.034406520,0.007682681,0.009274911,0.056867500,0.233360776,0.022730000,0.091510723,0.215577743,0.012343597,0.148132424,-0.230337808,0.032708944,0.181766646,-0.224554231,0.028338826,0.184645855,0.033635323,0.036092748,-0.033965481,0.034455826,0.055288937,0.004939032,0.516997206,0.131641354,-0.028504523,0.820872758,-0.022846057,-0.052449753,-0.029711260,-0.033615332,0.000345884,-0.000443326,0.019364235,0.000811485,-0.005759046,-0.052709067,0.004184578,0.027166113,0.002382607,0.374964639,0.007176859,-0.023895045,0.076681644,0.010527207,-0.047872481,-0.831453801,0.004322602,1.001373318,0.276080408,0.014468479,-0.016542946,-0.004144346,0.109393016,-0.003913830,-0.239343821,-0.237288497,-0.051459449
4170,4.170000,step_2,0,4.171000,0.040236242,0.034323037,0.007642832,0.009581158,0.056867500,0.233360776,0.022730000,0.091450077,0.215608889,0.012343902,0.148132424,-0.230337808,0.032708944,0.181682223,-0.224570204,0.028325270,0.188435695,0.031555738,0.036165512,-0.035593116,0.034457733,0.055315806,0.005169087,0.511350034,0.132648114,-0.028398874,0.819770615,-0.022840892,-0.052462180,-0.030010495,-0.033505397,0.000279028,-0.000442199,0.019323091,0.000805197,-0.005707082,-0.052579947,0.004003537,0.027199694,0.002388363,0.374949523,0.007187280,-0.023915680,0.076512370,0.011788104,-0.048618090,-0.831455504,0.003995439,1.001334749,0.276656810,0.015922348,-0.018592922,-0.003779759,0.109442278,-0.003877975,-0.239217484,-0.237545514,-0.053331000
4180,4.180000,step_2,0,4.181000,0.040163050,0.034230516,0.007675928,0.009977356,0.056867500,0.233360776,0.022730000,0.091382764,0.215643457,0.012344249,0.148132424,-0.230337808,0.032708944,0.181588651,-0.224587881,0.028310369,0.192295866,0.029436306,0.036239708,-0.037232065,0.034459134,0.055344195,0.005409832,0.505624820,0.133668474,-0.028292773,0.818726918,-0.022834692,-0.052475147,-0.030321831,-0.033382579,0.000204706,-0.000440739,0.019278626,0.000798301,-0.005648452,-0.052435961,0.003801577,0.027236991,0.002394519,0.374934867,0.007198776,-0.023939168,0.076323930,0.013099753,-0.049392255,-0.831457473,0.003663892,1.001294249,0.277254632,0.017432766,-0.020718081,-0.003402997,0.109491196,-0.003823265,-0.239083102,-0.237810888,-0.055261991
4190,4.190000,step_2,0,4.191000,0.040082366,0.034128695,0.007788576,0.010459825,0.056867500,0.233360776,0.022730000,0.091308552,0.215681567,0.012344643,0.148132424,-0.230337808,0.032708944,0.181485660,-0.224607313,0.028294096,0.196228069,0.027276348,0.036315390,-0.038883026,0.034460036,0.055373944,0.005660600,0.499818260,0.134702676,-0.028186237,0.817737888,-0.022827464,-0.052488561,-0.030644156,-0.033246390,0.000122653,-0.000438925,0.019230799,0.000790768,-0.005582879,-0.052276565,0.003577982,0.027278120,0.002401074,0.374920858,0.007211387,-0.023965618,0.076115751,0.014458795,-0.050193110,-0.831459832,0.003328564,1.001251925,0.277872064,0.018996068,-0.022912156,-0.003015191,0.109539569,-0.003749772,-0.238940768,-0.238083616,-0.057246408
4200,4.200000,step_2,0,4.201000,0.039993961,0.034017336,0.007984277,0.011022694,0.056867500,0.233360776,0.022730000,0.091227229,0.215723327,0.012345090,0.148132424,-0.230337808,0.032708944,0.181373006,-0.224628543,0.028276430,0.200233378,0.025075359,0.036392607,-0.040546418,0.034460441,0.055404898,0.005920739,0.493929358,0.135750842,-0.028079286,0.816800807,-0.022819210,-0.052502331,-0.030976410,-0.033096375,0.000032626,-0.000436734,0.019179572,0.000782576,-0.005510105,-0.052101251,0.003332096,0.027323184,0.002408029,0.374907684,0.007225151,-0.023995135,0.075887318,0.015861944,-0.051018819,-0.831462695,0.002990065,1.001207878,0.278507337,0.020608648,-0.025169082,-0.002617448,0.109587195,-0.003657513,-0.238790581,-0.238362727,-0.059278416
4210,4.210000,step_2,0,4.211000,0.039897624,0.033896232,0.008263256,0.011658729,0.056867500,0.233360776,0.022730000,0.091138600,0.215768840,0.012345595,0.148132424,-0.230337808,0.032708944,0.181250471,-0.224651612,0.028257356,0.204312488,0.022832994,0.036471397,-0.042222506,0.034460356,0.055436907,0.006189610,0.487958456,0.136812988,-0.027971941,0.815913512,-0.022809933,-0.052516372,-0.031317568,-0.032932112,-0.000065604,-0.000434145,0.019124914,0.000773700,-0.005429888,-0.051909549,0.003063324,0.027372276,0.002415383,0.374895531,0.007240101,-0.024027813,0.075638175,0.017305968,-0.051867575,-0.831466166,0.002649004,1.001162206,0.279158722,0.022266950,-0.027482934,-0.002210848,0.109633876,-0.003546491,-0.238632642,-0.238647277,-0.061352297
4220,4.220000,step_2,0,4.221000,0.039793160,0.033765198,0.008622783,0.012360055,0.056867500,0.233360776,0.022730000,0.091042484,0.215818199,0.012346164,0.148132424,-0.230337808,0.032708944,0.181117865,-0.224676554,0.028236862,0.208465870,0.020549032,0.036551799,-0.043911484,0.034459784,0.055469826,0.006466579,0.481906524,0.137889048,-0.027864229,0.815074035,-0.022799636,-0.052530599,-0.031666621,-0.032753209,-0.000172244,-0.000431140,0.019066800,0.000764120,-0.005341999,-0.051701021,0.002771127,0.027425480,0.002423132,0.374884587,0.007256270,-0.024063738,0.075367921,0.018787685,-0.052737600,-0.831470342,0.002305980,1.001115003,0.279824523,0.023967461,-0.029847882,-0.001796452,0.109679413,-0.003416727,-0.238467054,-0.238936344,-0.063462438
4230,4.230000,step_2,0,4.231000,0.039680396,0.033624078,0.009057839,0.013118708,0.056867500,0.233360776,0.022730000,0.090938717,0.215871487,0.012346804,0.148132424,-0.230337808,0.032708944,0.180975019,-0.224703401,0.028214940,0.212693830,0.018223357,0.036633844,-0.045613502,0.034458731,0.055503513,0.006751025,0.475774805,0.138978894,-0.027756181,0.814280427,-0.022788325,-0.052544933,-0.032022581,-0.032559309,-0.000287486,-0.000427698,0.019005211,0.000753815,-0.005246229,-0.051475267,0.002455028,0.027482867,0.002431275,0.374875038,0.007273684,-0.024102989,0.075076210,0.020303958,-0.053627138,-0.831475312,0.001961577,1.001066358,0.280503082,0.025706722,-0.032258188,-0.001375299,0.109723611,-0.003268277,-0.238293922,-0.239229030,-0.065603333
4240,4.240000,step_2,0,4.241000,0.039559171,0.033472741,0.009561932,0.013926991,0.056867500,0.233360776,0.022730000,0.090827149,0.215928783,0.012347522,0.148132424,-0.230337808,0.032708944,0.180821792,-0.224732177,0.028191590,0.216996524,0.015855943,0.036717561,-0.047328675,0.034457201,0.055537832,0.007042332,0.469564725,0.140082345,-0.027647831,0.813530724,-0.022776004,-0.052559296,-0.032384480,-0.032350084,-0.000411502,-0.000423804,0.018940134,0.000742769,-0.005142380,-0.051231920,0.002114603,0.027544499,0.002439808,0.374867071,0.007292370,-0.024145637,0.074762753,0.021851701,-0.054534464,-0.831481159,0.001616365,1.001016358,0.281192774,0.027481327,-0.034708202,-0.000948405,0.109766278,-0.003101239,-0.238113358,-0.239524461,-0.067769599
4250,4.250000,step_2,0,4.251000,0.039429344,0.033311079,0.010127854,0.014777688,0.056867500,0.233360776,0.022730000,0.090707648,0.215990155,0.012348328,0.148132424,-0.230337808,0.032708944,0.180658067,-0.224762903,0.028166813,0.221373944,0.013446853,0.036802974,-0.049057070,0.034455200,0.055572648,0.007339898,0.463277898,0.141199171,-0.027539216,0.812822958,-0.022762684,-0.052573613,-0.032751368,-0.032125236,-0.000544451,-0.000419439,0.018871560,0.000730963,-0.005030273,-0.050970647,0.001749486,0.027610427,0.002448728,0.374860869,0.007312349,-0.024191745,0.074427309,0.023427879,-0.055457879,-0.831487958,0.001270899,1.000965086,0.281892010,0.029287924,-0.037192373,-0.000516768,0.109807224,-0.002915753,-0.237925479,-0.239821784,-0.069955978
4260,4.260000,step_2,0,4.261000,0.039290791,0.033139010,0.010748278,0.015664144,0.056867500,0.233360776,0.022730000,0.090580094,0.216055665,0.012349228,0.148132424,-0.230337808,0.032708944,0.180483750,-0.224795595,0.028140616,0.225825917,0.010996239,0.036890104,-0.050798710,0.034452734,0.055607833,0.007643130,0.456916169,0.142329096,-0.027430372,0.812155183,-0.022748372,-0.052587812,-0.033122320,-0.031884499,-0.000686470,-0.000414589,0.018799487,0.000718385,-0.004909742,-0.050691148,0.001359365,0.027680693,0.002458029,0.374856616,0.007333640,-0.024241368,0.074069694,0.025029504,-0.056395709,-0.831495778,0.000925720,1.000912622,0.282599236,0.031123220,-0.039705250,-0.000081363,0.109846265,-0.002711994,-0.237730404,-0.240120171,-0.072157342
4270,4.270000,step_2,0,4.271000,0.039143403,0.032956477,0.011416145,0.016580290,0.056867500,0.233360776,0.022730000,0.090444383,0.216125366,0.012350232,0.148132424,-0.230337808,0.032708944,0.180298769,-0.224830266,0.028113011,0.230352094,0.008504344,0.036978968,-0.052553561,0.034449807,0.055643261,0.007951444,0.450481633,0.143471795,-0.027321342,0.811525497,-0.022733079,-0.052601825,-0.033496435,-0.031627635,-0.000837683,-0.000409239,0.018723919,0.000705020,-0.004780635,-0.050393157,0.000943984,0.027755330,0.002467707,0.374854493,0.007356261,-0.024294556,0.073689771,0.026653646,-0.057346311,-0.831504680,0.000581356,1.000859045,0.283312935,0.032983973,-0.042241486,0.000356859,0.109883217,-0.002490171,-0.237528262,-0.240418814,-0.074368695
4280,4.280000,step_2,0,4.281000,0.038987088,0.032763444,0.012124895,0.017520612,0.056867500,0.233360776,0.022730000,0.090300426,0.216199304,0.012351350,0.148132424,-0.230337808,0.032708944,0.180103077,-0.224866922,0.028084011,0.234951957,0.005971499,0.037069581,-0.054321542,0.034446425,0.055678810,0.008264267,0.443976642,0.144626898,-0.027212167,0.810932049,-0.022716817,-0.052615586,-0.033872832,-0.031354437,-0.000998197,-0.000403375,0.018644863,0.000690858,-0.004642816,-0.050076438,0.000503137,0.027834359,0.002477755,0.374854678,0.007380226,-0.024351348,0.073287453,0.028297421,-0.058308067,-0.831514720,0.000238322,1.000804427,0.284031624,0.034867001,-0.044795839,0.000796964,0.109917902,-0.002250525,-0.237319184,-0.240716932,-0.076585164
4290,4.290000,step_2,0,4.291000,0.038821769,0.032559900,0.012868559,0.018480108,0.056867500,0.233360776,0.022730000,0.090148148,0.216277519,0.012352592,0.148132424,-0.230337808,0.032708944,0.179896649,-0.224905568,0.028053638,0.239624824,0.003398121,0.037161950,-0.056102517,0.034442595,0.055714363,0.008581037,0.437403796,0.145793989,-0.027102892,0.810373040,-0.022699599,-0.052629031,-0.034250655,-0.031064723,-0.001168103,-0.000396983,0.018562332,0.000675888,-0.004496164,-0.049740789,0.000036672,0.027917794,0.002488169,0.374857348,0.007405544,-0.024411779,0.072862701,0.029957999,-0.059279389,-0.831525947,-0.000102878,1.000748842,0.284753854,0.036769173,-0.047363170,0.001238044,0.109950147,-0.001993325,-0.237103308,-0.241013763,-0.078802005
4300,4.300000,step_2,0,4.301000,0.038647386,0.032345856,0.013641773,0.019454228,0.056867500,0.233360776,0.022730000,0.089987486,0.216360043,0.012353969,0.148132424,-0.230337808,0.032708944,0.179679480,-0.224946203,0.028021913,0.244369852,0.000784714,0.037256084,-0.057896305,0.034438323,0.055749806,0.008901202,0.430765927,0.146972607,-0.026993564,0.809846725,-0.022681439,-0.052642099,-0.034629068,-0.030758343,-0.001347475,-0.000390053,0.018476343,0.000660102,-0.004340571,-0.049386037,-0.000455513,0.028005640,0.002498940,0.374862675,0.007432226,-0.024475875,0.072415524,0.031632602,-0.060258715,-0.831538405,-0.000441756,1.000692357,0.285478211,0.038687416,-0.049938444,0.001679210,0.109979782,-0.001718870,-0.236880777,-0.241308571,-0.081014597
4310,4.310000,step_2,0,4.311000,0.038463893,0.032121344,0.014439743,0.020438825,0.056867500,0.233360776,0.022730000,0.089818394,0.216446899,0.012355492,0.148132424,-0.230337808,0.032708944,0.179451586,-0.224988821,0.027988864,0.249186045,-0.001868137,0.037351983,-0.059702675,0.034433614,0.055785030,0.009224219,0.424066077,0.148162249,-0.026884231,0.809351404,-0.022662351,-0.052654734,-0.035007258,-0.030435173,-0.001536373,-0.000382574,0.018386921,0.000643493,-0.004175943,-0.049012040,-0.000973471,0.028097891,0.002510062,0.374870831,0.007460276,-0.024543657,0.071945975,0.033318503,-0.061244511,-0.831552132,-0.000777835,1.000635040,0.286203317,0.040618711,-0.052516733,0.002119596,0.110006640,-0.001427486,-0.236651739,-0.241600638,-0.083218441
4320,4.320000,step_2,0,4.321000,0.038271260,0.031886419,0.015258196,0.021430101,0.056867500,0.233360776,0.022730000,0.089640837,0.216538107,0.012357174,0.148132424,-0.230337808,0.032708944,0.179213006,-0.225033415,0.027954522,0.254072261,-0.004559768,0.037449647,-0.061521353,0.034428475,0.055819928,0.009549556,0.417307491,0.149362370,-0.026774944,0.808885429,-0.022642352,-0.052666878,-0.035384433,-0.030095114,-0.001734842,-0.000374534,0.018294092,0.000626056,-0.004002199,-0.048618688,-0.001517205,0.028194536,0.002521526,0.374881981,0.007489699,-0.024615137,0.071454151,0.035013025,-0.062235271,-0.831567159,-0.001110650,1.000576954,0.286927824,0.042560092,-0.055093211,0.002558357,0.110030562,-0.001119524,-0.236416349,-0.241889272,-0.085409160
4330,4.330000,step_2,0,4.331000,0.038069471,0.031641156,0.016093311,0.022424561,0.056867500,0.233360776,0.022730000,0.089454793,0.216633676,0.012359026,0.148132424,-0.230337808,0.032708944,0.178963797,-0.225079972,0.027918919,0.259027212,-0.007289435,0.037549070,-0.063352022,0.034422912,0.055854398,0.009876692,0.410493593,0.150572386,-0.026665755,0.808447196,-0.022621459,-0.052678481,-0.035759825,-0.029738097,-0.001942911,-0.000365925,0.018197887,0.000607788,-0.003819273,-0.048205896,-0.002086670,0.028295552,0.002533325,0.374896290,0.007520495,-0.024690321,0.070940193,0.036713544,-0.063229516,-0.831583515,-0.001439749,1.000518161,0.287650421,0.044508649,-0.057663160,0.002994670,0.110051390,-0.000795360,-0.236174765,-0.242173799,-0.087582496
4340,4.340000,step_2,0,4.341000,0.037858526,0.031385652,0.016941660,0.023418977,0.056867500,0.233360776,0.022730000,0.089260255,0.216733612,0.012361063,0.148132424,-0.230337808,0.032708944,0.178704037,-0.225128477,0.027882095,0.264049474,-0.010056323,0.037650244,-0.065194320,0.034416933,0.055888340,0.010205115,0.403627976,0.151791676,-0.026556718,0.808035145,-0.022599690,-0.052689492,-0.036132683,-0.029364077,-0.002160597,-0.000356739,0.018098344,0.000588686,-0.003627112,-0.047773613,-0.002681776,0.028400910,0.002545450,0.374913914,0.007552663,-0.024769210,0.070404286,0.038417487,-0.064225796,-0.831601222,-0.001764695,1.000458719,0.288369828,0.046461525,-0.060221965,0.003427733,0.110068973,-0.000455393,-0.235927154,-0.242453569,-0.089734313
4350,4.350000,step_2,0,4.351000,0.037638438,0.031120022,0.017800155,0.024410352,0.056867500,0.233360776,0.022730000,0.089057225,0.216837912,0.012363296,0.148132424,-0.230337808,0.032708944,0.178433821,-0.225178909,0.027844088,0.269137492,-0.012859540,0.037753156,-0.067047846,0.034410542,0.055921661,0.010534322,0.396714388,0.153019583,-0.026447888,0.807647763,-0.022577065,-0.052699863,-0.036502280,-0.028973034,-0.002387899,-0.000346969,0.017995504,0.000568748,-0.003425675,-0.047321811,-0.003302386,0.028510573,0.002557891,0.374935011,0.007586198,-0.024851797,0.069846651,0.040122330,-0.065222688,-0.831620297,-0.002085061,1.000398686,0.289084800,0.048415920,-0.062765117,0.003856767,0.110083166,-0.000100044,-0.235673684,-0.242727951,-0.091860589
4360,4.360000,step_2,0,4.361000,0.037409234,0.030844402,0.018665993,0.025395893,0.056867500,0.233360776,0.022730000,0.088845722,0.216946568,0.012365741,0.148132424,-0.230337808,0.032708944,0.178153265,-0.225231245,0.027804943,0.274289582,-0.015698127,0.037857792,-0.068912161,0.034403748,0.055954267,0.010863822,0.389756718,0.154255415,-0.026339323,0.807283581,-0.022553602,-0.052709549,-0.036867909,-0.028564973,-0.002624806,-0.000336607,0.017889410,0.000547977,-0.003214935,-0.046850494,-0.003948320,0.028624495,0.002570639,0.374959730,0.007621095,-0.024938069,0.069267553,0.041825604,-0.066218798,-0.831640753,-0.002400433,1.000338116,0.289794121,0.050369085,-0.065288217,0.004281013,0.110093826,0.000270245,-0.235414532,-0.242996336,-0.093957423
4370,4.370000,step_2,0,4.371000,0.037170954,0.030558947,0.019536618,0.026372987,0.056867500,0.233360776,0.022730000,0.088625773,0.217059566,0.012368412,0.148132424,-0.230337808,0.032708944,0.177862501,-0.225285460,0.027764706,0.279503939,-0.018571056,0.037964133,-0.070786785,0.034396557,0.055986071,0.011193133,0.382758984,0.155498450,-0.026231082,0.806941174,-0.022529323,-0.052718508,-0.037228885,-0.028139926,-0.002871290,-0.000325647,0.017780112,0.000526373,-0.002994878,-0.046359691,-0.004619353,0.028742625,0.002583684,0.374988218,0.007657345,-0.025028007,0.068667294,0.043524887,-0.067212756,-0.831662599,-0.002710411,1.000277062,0.290496612,0.052318326,-0.067786968,0.004699734,0.110100819,0.000655014,-0.235149879,-0.243258135,-0.096021027
4380,4.380000,step_2,0,4.381000,0.036923655,0.030263830,0.020409687,0.027339180,0.056867500,0.233360776,0.022730000,0.088397418,0.217176884,0.012371322,0.148132424,-0.230337808,0.032708944,0.177561681,-0.225341522,0.027723425,0.284778639,-0.021477233,0.038072155,-0.072671205,0.034388976,0.056016988,0.011521783,0.375725323,0.156747932,-0.026123224,0.806619161,-0.022504251,-0.052726699,-0.037584540,-0.027697946,-0.003127312,-0.000314086,0.017667662,0.000503940,-0.002765499,-0.045849459,-0.005315219,0.028864901,0.002597015,0.375020616,0.007694936,-0.025121586,0.068046214,0.045217811,-0.068203225,-0.831685841,-0.003014607,1.000215575,0.291191120,0.054261003,-0.070257186,0.005112216,0.110104014,0.001053785,-0.234879913,-0.243512779,-0.098047730
4390,4.390000,step_2,0,4.391000,0.036667403,0.029959244,0.021283033,0.028292166,0.056867500,0.233360776,0.022730000,0.088160710,0.217298496,0.012374489,0.148132424,-0.230337808,0.032708944,0.177250971,-0.225399400,0.027681153,0.290111648,-0.024415501,0.038181835,-0.074564871,0.034381012,0.056046937,0.011849310,0.368659973,0.158003081,-0.026015810,0.806316204,-0.022478408,-0.052734083,-0.037934229,-0.027239111,-0.003392819,-0.000301918,0.017552118,0.000480684,-0.002526811,-0.045319878,-0.006035609,0.028991257,0.002610621,0.375057060,0.007733857,-0.025218775,0.067404687,0.046902057,-0.069188892,-0.831710479,-0.003312645,1.000153704,0.291876529,0.056194531,-0.072694792,0.005517765,0.110103287,0.001466064,-0.234604824,-0.243759721,-0.100033977
4400,4.400000,step_2,0,4.401000,0.036402280,0.029645398,0.022154649,0.029229765,0.056867500,0.233360776,0.022730000,0.087915712,0.217424370,0.012377925,0.148132424,-0.230337808,0.032708944,0.176930555,-0.225459058,0.027637942,0.295500823,-0.027384643,0.038293142,-0.076467201,0.034372673,0.056075839,0.012175263,0.361567270,0.159263086,-0.025908904,0.806031009,-0.022451817,-0.052740625,-0.038277328,-0.026763520,-0.003667746,-0.000289142,0.017433539,0.000456609,-0.002278833,-0.044771057,-0.006780175,0.029121619,0.002624492,0.375097683,0.007774093,-0.025319537,0.066743126,0.048575358,-0.070168473,-0.831736513,-0.003604161,1.000091497,0.292551750,0.058116376,-0.075095818,0.005915710,0.110098519,0.001891343,-0.234324811,-0.243998431,-0.101976323
4410,4.410000,step_2,0,4.411000,0.036128377,0.029322519,0.023022663,0.030149918,0.056867500,0.233360776,0.022730000,0.087662498,0.217554467,0.012381649,0.148132424,-0.230337808,0.032708944,0.176600635,-0.225520455,0.027593850,0.300943921,-0.030383382,0.038406044,-0.078377579,0.034363966,0.056103620,0.012499199,0.354451630,0.160527113,-0.025802568,0.805762327,-0.022424503,-0.052746292,-0.038613230,-0.026271297,-0.003952014,-0.000275753,0.017311989,0.000431723,-0.002021601,-0.044203128,-0.007548531,0.029255908,0.002638615,0.375142609,0.007815625,-0.025423831,0.066061974,0.050235497,-0.071140713,-0.831763936,-0.003888806,1.000028999,0.293215727,0.060024059,-0.077456407,0.006305400,0.110089596,0.002329101,-0.234040076,-0.244228400,-0.103871441
4420,4.420000,step_2,0,4.421000,0.035845803,0.028990850,0.023885320,0.031050677,0.056867500,0.233360776,0.022730000,0.087401152,0.217688744,0.012385674,0.148132424,-0.230337808,0.032708944,0.176261425,-0.225583552,0.027548932,0.306438601,-0.033410386,0.038520507,-0.080295361,0.034354898,0.056130207,0.012820686,0.347317543,0.161794307,-0.025696868,0.805508951,-0.022396492,-0.052751051,-0.038941350,-0.025762586,-0.004245533,-0.000261751,0.017187535,0.000406036,-0.001755159,-0.043616249,-0.008340251,0.029394035,0.002652979,0.375191962,0.007858434,-0.025531607,0.065361711,0.051880308,-0.072104384,-0.831792742,-0.004166242,0.999966255,0.293867434,0.061915156,-0.079772814,0.006686207,0.110076412,0.002778805,-0.233750826,-0.244449139,-0.105716113
4430,4.430000,step_2,0,4.431000,0.035554674,0.028650651,0.024740971,0.031930192,0.056867500,0.233360776,0.022730000,0.087131771,0.217827152,0.012390018,0.148132424,-0.230337808,0.032708944,0.175913157,-0.225648302,0.027503250,0.311982428,-0.036464269,0.038636492,-0.082219871,0.034345477,0.056155533,0.013139302,0.340169562,0.163063787,-0.025591868,0.805269720,-0.022367810,-0.052754874,-0.039261123,-0.025237553,-0.004548201,-0.000247135,0.017060249,0.000379557,-0.001479564,-0.043010600,-0.009154874,0.029535908,0.002667572,0.375245855,0.007902501,-0.025642812,0.064642845,0.053507677,-0.073058286,-0.831822918,-0.004436142,0.999903308,0.294505876,0.063787294,-0.082041403,0.007057526,0.110058866,0.003239912,-0.233457275,-0.244660176,-0.107507238
4440,4.440000,step_2,0,4.441000,0.035255120,0.028302199,0.025588062,0.032786712,0.056867500,0.233360776,0.022730000,0.086854460,0.217969636,0.012394696,0.148132424,-0.230337808,0.032708944,0.175556075,-0.225714660,0.027456864,0.317572879,-0.039543595,0.038753958,-0.084150408,0.034335711,0.056179532,0.013454633,0.333012295,0.164334656,-0.025487635,0.805043516,-0.022338483,-0.052757733,-0.039572003,-0.024696386,-0.004859905,-0.000231904,0.016930204,0.000352297,-0.001194883,-0.042386385,-0.009991900,0.029681428,0.002682381,0.375304400,0.007947800,-0.025757388,0.063905917,0.055115539,-0.074001247,-0.831854452,-0.004698194,0.999840200,0.295130087,0.065638157,-0.084258657,0.007418770,0.110036862,0.003711872,-0.233159638,-0.244861061,-0.109241822
4450,4.450000,step_2,0,4.451000,0.034947282,0.027945785,0.026425120,0.033618574,0.056867500,0.233360776,0.022730000,0.086569334,0.218116137,0.012399724,0.148132424,-0.230337808,0.032708944,0.175190439,-0.225782574,0.027409836,0.323207351,-0.042646877,0.038872859,-0.086086242,0.034325608,0.056202141,0.013766278,0.325850394,0.165606001,-0.025384235,0.804829268,-0.022308539,-0.052759602,-0.039873462,-0.024139290,-0.005180519,-0.000216060,0.016797476,0.000324269,-0.000901196,-0.041743832,-0.010850799,0.029830491,0.002697393,0.375367701,0.007994308,-0.025875271,0.063151497,0.056701881,-0.074932123,-0.831887329,-0.004952097,0.999776972,0.295739131,0.067465478,-0.086421170,0.007769378,0.110010312,0.004194127,-0.232858139,-0.245051362,-0.110916989
4460,4.460000,step_2,0,4.461000,0.034631315,0.027581714,0.027250750,0.034424199,0.056867500,0.233360776,0.022730000,0.086276518,0.218266590,0.012405119,0.148132424,-0.230337808,0.032708944,0.174816522,-0.225851993,0.027362230,0.328883159,-0.045772584,0.038993150,-0.088026618,0.034315174,0.056223302,0.014073843,0.318688549,0.166876890,-0.025281735,0.804625950,-0.022278007,-0.052760457,-0.040164996,-0.023566494,-0.005509908,-0.000199603,0.016662147,0.000295486,-0.000598593,-0.041083190,-0.011731004,0.029982986,0.002712595,0.375435857,0.008041997,-0.025996392,0.062380185,0.058264742,-0.075849800,-0.831921531,-0.005197564,0.999713663,0.296332101,0.069267049,-0.088525653,0.008108808,0.109979134,0.004686114,-0.232553003,-0.245230663,-0.112529970
4470,4.470000,step_2,0,4.471000,0.034307382,0.027210309,0.028063624,0.035202092,0.056867500,0.233360776,0.022730000,0.085976149,0.218420927,0.012410896,0.148132424,-0.230337808,0.032708944,0.174434609,-0.225922862,0.027314111,0.334597544,-0.048919139,0.039114780,-0.089970760,0.034304420,0.056242956,0.014376946,0.311531482,0.168146381,-0.025180204,0.804432583,-0.022246915,-0.052760279,-0.040446115,-0.022978244,-0.005847924,-0.000182537,0.016524297,0.000265962,-0.000287172,-0.040404729,-0.012631918,0.030138797,0.002727974,0.375508962,0.008090839,-0.026120676,0.061592606,0.059802210,-0.076753189,-0.831957039,-0.005434317,0.999650313,0.296908120,0.071040712,-0.090568936,0.008436541,0.109943250,0.005187266,-0.232244461,-0.245398570,-0.114078112
4480,4.480000,step_2,0,4.481000,0.033975657,0.026831903,0.028862480,0.035950835,0.056867500,0.233360776,0.022730000,0.085668369,0.218579074,0.012417071,0.148132424,-0.230337808,0.032708944,0.174044998,-0.225995125,0.027265544,0.340347678,-0.052084923,0.039237695,-0.091917865,0.034293352,0.056261052,0.014675213,0.304383935,0.169413517,-0.025079708,0.804248233,-0.022215294,-0.052759045,-0.040716352,-0.022374804,-0.006194411,-0.000164865,0.016384013,0.000235715,0.000032955,-0.039708742,-0.013552912,0.030297805,0.002743516,0.375587103,0.008140804,-0.026248045,0.060789412,0.061312425,-0.077641231,-0.831993832,-0.005662094,0.999586958,0.297466340,0.072784364,-0.092547966,0.008752081,0.109902591,0.005697015,-0.231932748,-0.245554707,-0.115558873
4490,4.490000,step_2,0,4.491000,0.033636327,0.026446845,0.029646112,0.036669084,0.056867500,0.233360776,0.022730000,0.085353331,0.218740951,0.012423660,0.148132424,-0.230337808,0.032708944,0.173648000,-0.226068722,0.027216596,0.346130668,-0.055268281,0.039361840,-0.093867111,0.034281979,0.056277538,0.014968280,0.297250667,0.170677336,-0.024980316,0.804072016,-0.022183174,-0.052756740,-0.040975259,-0.021756459,-0.006549202,-0.000146589,0.016241382,0.000204760,0.000361668,-0.038995542,-0.014493326,0.030459883,0.002759208,0.375670363,0.008191859,-0.026378416,0.059971282,0.062793578,-0.078512898,-0.832031890,-0.005880642,0.999523638,0.298005941,0.074495958,-0.094459812,0.009054953,0.109857092,0.006214789,-0.231618102,-0.245698714,-0.116969822
4500,4.500000,step_2,0,4.501000,0.033289587,0.026055497,0.030413373,0.037355570,0.056867500,0.233360776,0.022730000,0.085031196,0.218906476,0.012430678,0.148132424,-0.230337808,0.032708944,0.173243936,-0.226143593,0.027167333,0.351943557,-0.058467518,0.039487158,-0.095817657,0.034270310,0.056292365,0.015255794,0.290136446,0.171936864,-0.024882095,0.803903095,-0.022150585,-0.052753346,-0.041222407,-0.021123510,-0.006912120,-0.000127715,0.016096496,0.000173116,0.000698837,-0.038265462,-0.015452474,0.030624901,0.002775035,0.375758817,0.008243971,-0.026511699,0.059138916,0.064243913,-0.079367186,-0.832071188,-0.006089722,0.999460388,0.298526133,0.076173497,-0.096301664,0.009344704,0.109806697,0.006740021,-0.231300765,-0.245830254,-0.118308644
4510,4.510000,step_2,0,4.511000,0.032935644,0.025658234,0.031163164,0.038009096,0.056867500,0.233360776,0.022730000,0.084702135,0.219075561,0.012438141,0.148132424,-0.230337808,0.032708944,0.172833139,-0.226219674,0.027117822,0.357783332,-0.061680906,0.039613586,-0.097768639,0.034258353,0.056305489,0.015537412,0.283046043,0.173191126,-0.024785113,0.803740684,-0.022117559,-0.052748849,-0.041457386,-0.020476275,-0.007282977,-0.000108248,0.015949446,0.000140801,0.001044321,-0.037518853,-0.016429640,0.030792726,0.002790984,0.375852537,0.008297105,-0.026647804,0.058293041,0.065661723,-0.080203122,-0.832111703,-0.006289107,0.999397244,0.299026153,0.077815043,-0.098070835,0.009620904,0.109751354,0.007272142,-0.230980982,-0.245949002,-0.119573135
4520,4.520000,step_2,0,4.521000,0.032574714,0.025255442,0.031894436,0.038628536,0.056867500,0.233360776,0.022730000,0.084366326,0.219248116,0.012446062,0.148132424,-0.230337808,0.032708944,0.172415950,-0.226296902,0.027068131,0.363646928,-0.064906683,0.039741062,-0.099719179,0.034246117,0.056316867,0.015812798,0.275984228,0.174439140,-0.024689437,0.803584045,-0.022084129,-0.052743236,-0.041679807,-0.019815089,-0.007661579,-0.000088194,0.015800328,0.000107836,0.001397970,-0.036756088,-0.017424083,0.030963217,0.002807040,0.375951587,0.008351223,-0.026786633,0.057434402,0.067045355,-0.081019763,-0.832153411,-0.006478581,0.999334242,0.299505267,0.079418710,-0.099764763,0.009883144,0.109691018,0.007810588,-0.230659000,-0.246054657,-0.120761205
4530,4.530000,step_2,0,4.531000,0.032207022,0.024847519,0.032606189,0.039212829,0.056867500,0.233360776,0.022730000,0.084023954,0.219424044,0.012454457,0.148132424,-0.230337808,0.032708944,0.171992723,-0.226375208,0.027018325,0.369531229,-0.068143061,0.039869520,-0.101668381,0.034233611,0.056326458,0.016081630,0.268955761,0.175679925,-0.024595133,0.803432491,-0.022050326,-0.052736497,-0.041889298,-0.019140305,-0.008047719,-0.000067559,0.015649240,0.000074241,0.001759626,-0.035977556,-0.018435038,0.031136234,0.002823188,0.376056027,0.008406289,-0.026928086,0.056563766,0.068393207,-0.081816193,-0.832196286,-0.006657939,0.999271417,0.299962769,0.080982668,-0.101381011,0.010131041,0.109625651,0.008354800,-0.230335071,-0.246146934,-0.121870880
4540,4.540000,step_2,0,4.541000,0.031832803,0.024434876,0.033297464,0.039760987,0.056867500,0.233360776,0.022730000,0.083675212,0.219603246,0.012463339,0.148132424,-0.230337808,0.032708944,0.171563819,-0.226454526,0.026968472,0.375433073,-0.071388223,0.039998892,-0.103615332,0.034220843,0.056334226,0.016343592,0.261965390,0.176912499,-0.024502269,0.803285384,-0.022016184,-0.052728621,-0.042085510,-0.018452289,-0.008441187,-0.000046352,0.015496280,0.000040039,0.002129121,-0.035183665,-0.019461714,0.031311628,0.002839415,0.376165911,0.008462262,-0.027072057,0.055681922,0.069703730,-0.082591526,-0.832240302,-0.006826991,0.999208804,0.300397983,0.082505142,-0.102917273,0.010364230,0.109555220,0.008904223,-0.230009447,-0.246225565,-0.122900299
4550,4.550000,step_2,0,4.551000,0.031452302,0.024017933,0.033967347,0.040272085,0.056867500,0.233360776,0.022730000,0.083320301,0.219785620,0.012472721,0.148132424,-0.230337808,0.032708944,0.171129609,-0.226534785,0.026918639,0.381349258,-0.074640325,0.040129108,-0.105559109,0.034207824,0.056340135,0.016598380,0.255017840,0.178135884,-0.024410908,0.803142139,-0.021981737,-0.052719602,-0.042268110,-0.017751424,-0.008841758,-0.000024580,0.015341549,0.000005251,0.002506278,-0.034374840,-0.020503300,0.031489251,0.002855704,0.376281288,0.008519102,-0.027218438,0.054789674,0.070975426,-0.083344905,-0.832285435,-0.006985555,0.999146439,0.300810258,0.083984412,-0.104371368,0.010582371,0.109479699,0.009458310,-0.229682382,-0.246290302,-0.123847718
4560,4.560000,step_2,0,4.561000,0.031065772,0.023597122,0.034614966,0.040745268,0.056867500,0.233360776,0.022730000,0.082959429,0.219971058,0.012482616,0.148132424,-0.230337808,0.032708944,0.170690470,-0.226615916,0.026868891,0.387276543,-0.077897505,0.040260095,-0.107498770,0.034194561,0.056344152,0.016845700,0.248117816,0.179349106,-0.024321115,0.803002221,-0.021947018,-0.052709431,-0.042436789,-0.017038108,-0.009249204,-0.000002252,0.015185151,-0.000030098,0.002890911,-0.033551524,-0.021558962,0.031668950,0.002872042,0.376402200,0.008576767,-0.027367117,0.053887845,0.072206852,-0.084075502,-0.832331658,-0.007133462,0.999084355,0.301198973,0.085418815,-0.105741250,0.010785148,0.109399068,0.010016522,-0.229354132,-0.246340915,-0.124711510
4570,4.570000,step_2,0,4.571000,0.030673474,0.023172883,0.035239488,0.041179746,0.056867500,0.233360776,0.022730000,0.082592810,0.220159450,0.012493035,0.148132424,-0.230337808,0.032708944,0.170246790,-0.226697844,0.026819293,0.393211655,-0.081157877,0.040391779,-0.109433366,0.034181065,0.056346249,0.017085266,0.241269991,0.180551199,-0.024232952,0.802865146,-0.021912062,-0.052698105,-0.042591253,-0.016312751,-0.009663286,0.000020622,0.015027190,-0.000065984,0.003282827,-0.032714173,-0.022627849,0.031850567,0.002888413,0.376528684,0.008635212,-0.027517977,0.052977274,0.073396615,-0.084782519,-0.832378947,-0.007270554,0.999022586,0.301563535,0.086806742,-0.107025001,0.010972266,0.109313313,0.010578327,-0.229024956,-0.246377192,-0.125490162
4580,4.580000,step_2,0,4.581000,0.030275680,0.022745668,0.035840121,0.041574794,0.056867500,0.233360776,0.022730000,0.082220665,0.220350683,0.012503990,0.148132424,-0.230337808,0.032708944,0.169798961,-0.226780498,0.026769910,0.399151288,-0.084419541,0.040524083,-0.111361936,0.034167345,0.056346396,0.017316806,0.234479001,0.181741204,-0.024146483,0.802730482,-0.021876903,-0.052685620,-0.042731233,-0.015575778,-0.010083761,0.000044032,0.014867772,-0.000102383,0.003681824,-0.031863262,-0.023709087,0.032033943,0.002904802,0.376660775,0.008694395,-0.027670899,0.052058816,0.074543379,-0.085465189,-0.832427275,-0.007396686,0.998961168,0.301903377,0.088146645,-0.108220839,0.011143453,0.109222427,0.011143206,-0.228695110,-0.246398939,-0.126182284
4590,4.590000,step_2,0,4.591000,0.029872667,0.022315935,0.036416109,0.041929753,0.056867500,0.233360776,0.022730000,0.081843221,0.220544641,0.012515490,0.148132424,-0.230337808,0.032708944,0.169347383,-0.226863803,0.026720806,0.405092112,-0.087680579,0.040656930,-0.113283506,0.034153410,0.056344570,0.017540053,0.227749444,0.182918175,-0.024061766,0.802597844,-0.021841577,-0.052671975,-0.042856476,-0.014827627,-0.010510376,0.000067967,0.014707005,-0.000139268,0.004087692,-0.030999279,-0.024801790,0.032218919,0.002921194,0.376798498,0.008754269,-0.027825761,0.051133337,0.075645858,-0.086122773,-0.832476617,-0.007511721,0.998900134,0.302217964,0.089437027,-0.109327117,0.011298461,0.109126406,0.011710646,-0.228364853,-0.246405981,-0.126786603
4600,4.600000,step_2,0,4.601000,0.029464721,0.021884155,0.036966738,0.042244032,0.056867500,0.233360776,0.022730000,0.081460712,0.220741202,0.012527545,0.148132424,-0.230337808,0.032708944,0.168892460,-0.226947683,0.026672042,0.411030773,-0.090939062,0.040790239,-0.115197099,0.034139270,0.056340747,0.017754753,0.221085868,0.184081178,-0.023978860,0.802466900,-0.021806117,-0.052657168,-0.042966752,-0.014068749,-0.010942872,0.000092416,0.014544998,-0.000176612,0.004500214,-0.030122728,-0.025905053,0.032405328,0.002937575,0.376941877,0.008814788,-0.027982437,0.050201719,0.076702824,-0.086754563,-0.832526950,-0.007615535,0.998839518,0.302506784,0.090676454,-0.110342323,0.011437066,0.109025256,0.012280150,-0.228034442,-0.246398161,-0.127301964
4610,4.610000,step_2,0,4.611000,0.029052138,0.021450803,0.037491327,0.042517103,0.056867500,0.233360776,0.022730000,0.081073375,0.220940246,0.012540163,0.148132424,-0.230337808,0.032708944,0.168434605,-0.227032062,0.026623679,0.416963898,-0.094193052,0.040923930,-0.117101727,0.034124936,0.056334906,0.017960661,0.214492773,0.185229293,-0.023897822,0.802337366,-0.021770561,-0.052641200,-0.043061849,-0.013299606,-0.011380983,0.000117366,0.014381861,-0.000214390,0.004919165,-0.029234127,-0.027017957,0.032593005,0.002953929,0.377090928,0.008875905,-0.028140799,0.049264853,0.077713099,-0.087359882,-0.832578250,-0.007708014,0.998779355,0.302769356,0.091863547,-0.111265085,0.011559065,0.108918986,0.012851230,-0.227704136,-0.246375341,-0.127727336
4620,4.620000,step_2,0,4.621000,0.028635219,0.021016363,0.037989235,0.042748504,0.056867500,0.233360776,0.022730000,0.080681456,0.221141646,0.012553353,0.148132424,-0.230337808,0.032708944,0.167974231,-0.227116862,0.026575778,0.422888097,-0.097440601,0.041057918,-0.118996396,0.034110417,0.056327029,0.018157545,0.207974596,0.186361620,-0.023818706,0.802209004,-0.021734943,-0.052624074,-0.043141578,-0.012520673,-0.011824438,0.000142805,0.014217707,-0.000252572,0.005344312,-0.028334005,-0.028139572,0.032781783,0.002970240,0.377245664,0.008937571,-0.028300715,0.048323642,0.078675564,-0.087938081,-0.832630493,-0.007789056,0.998719679,0.303005228,0.092996984,-0.112094166,0.011664281,0.108807612,0.013423409,-0.227374190,-0.246337401,-0.128061810
4630,4.630000,step_2,0,4.631000,0.028214273,0.020581328,0.038459854,0.042937839,0.056867500,0.233360776,0.022730000,0.080285202,0.221345275,0.012567119,0.148132424,-0.230337808,0.032708944,0.167511759,-0.227202007,0.026528396,0.428799972,-0.100679756,0.041192121,-0.120880109,0.034095724,0.056317100,0.018345178,0.201535711,0.187477276,-0.023741565,0.802081623,-0.021699299,-0.052605793,-0.043205770,-0.011732433,-0.012272959,0.000168718,0.014052646,-0.000291131,0.005775416,-0.027422907,-0.029268954,0.032971491,0.002986495,0.377406093,0.008999738,-0.028462052,0.047378995,0.079589152,-0.088488546,-0.832683657,-0.007858568,0.998660524,0.303213974,0.094075507,-0.112828474,0.011752560,0.108691154,0.013996226,-0.227044859,-0.246284242,-0.128304600
4640,4.640000,step_2,0,4.641000,0.027789615,0.020146194,0.038902616,0.043084778,0.056867500,0.233360776,0.022730000,0.079884868,0.221551002,0.012581468,0.148132424,-0.230337808,0.032708944,0.167047611,-0.227287418,0.026481590,0.434696114,-0.103908563,0.041326451,-0.122751865,0.034080866,0.056305105,0.018523347,0.195180422,0.188575400,-0.023666448,0.801955077,-0.021663666,-0.052586361,-0.043254275,-0.010935381,-0.012726263,0.000195093,0.013886793,-0.000330038,0.006212232,-0.026501387,-0.030405150,0.033161958,0.003002677,0.377572219,0.009062355,-0.028624673,0.046431834,0.080452854,-0.089010689,-0.832737721,-0.007916470,0.998601924,0.303395196,0.095097911,-0.113467054,0.011823772,0.108569640,0.014569230,-0.226716396,-0.246215782,-0.128455044
4650,4.650000,step_2,0,4.651000,0.027361570,0.019711467,0.039316985,0.043189058,0.056867500,0.233360776,0.022730000,0.079480713,0.221758694,0.012596403,0.148132424,-0.230337808,0.032708944,0.166582214,-0.227373016,0.026435415,0.440573110,-0.107125067,0.041460824,-0.124610659,0.034065855,0.056291034,0.018691850,0.188912953,0.189655154,-0.023593403,0.801829261,-0.021628078,-0.052565786,-0.043286967,-0.010130024,-0.013184062,0.000221914,0.013720262,-0.000369264,0.006654508,-0.025570013,-0.031547199,0.033353013,0.003018772,0.377744041,0.009125372,-0.028788440,0.045483082,0.081265713,-0.089503958,-0.832792663,-0.007962688,0.998543915,0.303548527,0.096063056,-0.114009095,0.011877808,0.108443101,0.015141985,-0.226389051,-0.246131957,-0.128512604
4660,4.660000,step_2,0,4.661000,0.026930466,0.019277655,0.039702463,0.043250480,0.056867500,0.233360776,0.022730000,0.079073000,0.221968217,0.012611928,0.148132424,-0.230337808,0.032708944,0.166115995,-0.227458722,0.026389924,0.446427547,-0.110327315,0.041595150,-0.126455486,0.034050700,0.056274875,0.018850492,0.182737442,0.190715727,-0.023522474,0.801704110,-0.021592572,-0.052544075,-0.043303739,-0.009316874,-0.013646061,0.000249166,0.013553169,-0.000408779,0.007101985,-0.024629364,-0.032694130,0.033544482,0.003034765,0.377921553,0.009188738,-0.028953213,0.044533670,0.082026834,-0.089967829,-0.832848465,-0.007997163,0.998486531,0.303673627,0.096969860,-0.114453929,0.011914588,0.108311575,0.015714068,-0.226063072,-0.246032725,-0.128476873
4670,4.670000,step_2,0,4.671000,0.026496639,0.018845274,0.040058586,0.043268914,0.056867500,0.233360776,0.022730000,0.078661994,0.222179434,0.012628044,0.148132424,-0.230337808,0.032708944,0.165649385,-0.227544458,0.026345168,0.452256014,-0.113513360,0.041729342,-0.128285342,0.034035412,0.056256622,0.018999090,0.176657935,0.191756333,-0.023453704,0.801579597,-0.021557185,-0.052521235,-0.043304508,-0.008496454,-0.014111963,0.000276833,0.013385628,-0.000448552,0.007554398,-0.023680027,-0.033844970,0.033736191,0.003050642,0.378104747,0.009252402,-0.029118849,0.043584533,0.082735373,-0.090401811,-0.832905107,-0.008019844,0.998429806,0.303770183,0.097817303,-0.114801033,0.011934053,0.108175105,0.016285067,-0.225738703,-0.245918063,-0.128347568
4680,4.680000,step_2,0,4.681000,0.026060432,0.018414843,0.040384927,0.043244296,0.056867500,0.233360776,0.022730000,0.078247966,0.222392205,0.012644752,0.148132424,-0.230337808,0.032708944,0.165182814,-0.227630144,0.026301198,0.458055109,-0.116681261,0.041863310,-0.130099224,0.034020002,0.056236269,0.019137474,0.170678375,0.192776217,-0.023387130,0.801455728,-0.021521951,-0.052497278,-0.043289209,-0.007669296,-0.014581466,0.000304899,0.013217756,-0.000488554,0.008011478,-0.022722602,-0.034998738,0.033927965,0.003066386,0.378293608,0.009316311,-0.029285205,0.042636609,0.083390547,-0.090805444,-0.832962573,-0.008030690,0.998373775,0.303837914,0.098604424,-0.115050027,0.011936169,0.108033737,0.016854586,-0.225416183,-0.245787964,-0.128124536
4690,4.690000,step_2,0,4.691000,0.025622192,0.017986885,0.040681093,0.043176629,0.056867500,0.233360776,0.022730000,0.077831191,0.222606391,0.012662051,0.148132424,-0.230337808,0.032708944,0.164716713,-0.227715700,0.026258059,0.463821438,-0.119829087,0.041996964,-0.131896132,0.034004481,0.056213814,0.019265480,0.164802597,0.193774657,-0.023322787,0.801332542,-0.021486906,-0.052472214,-0.043257801,-0.006835937,-0.015054262,0.000333346,0.013049670,-0.000528754,0.008472949,-0.021757696,-0.036154452,0.034119632,0.003081985,0.378488120,0.009380413,-0.029452136,0.041690835,0.083991629,-0.091178302,-0.833020844,-0.008029670,0.998318473,0.303876566,0.099330329,-0.115200678,0.011920927,0.107887525,0.017422239,-0.225095749,-0.245642445,-0.127807755
4700,4.700000,step_2,0,4.701000,0.025182274,0.017561924,0.040946726,0.043065984,0.056867500,0.233360776,0.022730000,0.077411944,0.222821849,0.012679939,0.148132424,-0.230337808,0.032708944,0.164251514,-0.227801049,0.026215797,0.469551625,-0.122954920,0.042130214,-0.133675070,0.033988860,0.056189255,0.019382958,0.159034315,0.194750960,-0.023260708,0.801210104,-0.021452087,-0.052446056,-0.043210267,-0.005996922,-0.015530042,0.000362158,0.012881486,-0.000569120,0.008938531,-0.020785924,-0.037311128,0.034311015,0.003097423,0.378688262,0.009444656,-0.029619495,0.040748152,0.084537950,-0.091519990,-0.833079906,-0.008016764,0.998263934,0.303885914,0.099994182,-0.115252898,0.011888341,0.107736527,0.017987653,-0.224777631,-0.245481542,-0.127397334
4710,4.710000,step_2,0,4.711000,0.024741036,0.017140489,0.041181504,0.042912499,0.056867500,0.233360776,0.022730000,0.076990506,0.223038435,0.012698412,0.148132424,-0.230337808,0.032708944,0.163787647,-0.227886111,0.026174455,0.475242311,-0.126056859,0.042262969,-0.135435049,0.033973151,0.056162594,0.019489767,0.153377115,0.195704474,-0.023200921,0.801088502,-0.021417528,-0.052418816,-0.043146608,-0.005152804,-0.016008492,0.000391316,0.012713323,-0.000609622,0.009407939,-0.019807911,-0.038467783,0.034501942,0.003112687,0.378894009,0.009508987,-0.029787135,0.039809496,0.085028899,-0.091830144,-0.833139745,-0.007991962,0.998210193,0.303865763,0.100595212,-0.115206747,0.011838451,0.107580804,0.018550468,-0.224462055,-0.245305308,-0.126893513
4720,4.720000,step_2,0,4.721000,0.024298843,0.016723110,0.041385140,0.042716383,0.056867500,0.233360776,0.022730000,0.076567159,0.223256006,0.012717466,0.148132424,-0.230337808,0.032708944,0.163325541,-0.227970807,0.026134075,0.480890158,-0.129133017,0.042395139,-0.137175087,0.033957363,0.056133833,0.019585779,0.147834447,0.196634581,-0.023143450,0.800967843,-0.021383264,-0.052390511,-0.043066851,-0.004304138,-0.016489296,0.000420802,0.012545297,-0.000650229,0.009880882,-0.018824289,-0.039623432,0.034692237,0.003127762,0.379105332,0.009573353,-0.029954908,0.038875803,0.085463925,-0.092108436,-0.833200346,-0.007955262,0.998157286,0.303815947,0.101132714,-0.115062431,0.011771323,0.107420424,0.019110333,-0.224149241,-0.245113821,-0.126296669
4730,4.730000,step_2,0,4.731000,0.023856065,0.016310316,0.041557381,0.042477910,0.056867500,0.233360776,0.022730000,0.076142186,0.223474414,0.012737094,0.148132424,-0.230337808,0.032708944,0.162865624,-0.228055060,0.026094694,0.486491859,-0.132181531,0.042526633,-0.138894209,0.033941509,0.056102979,0.019670874,0.142409611,0.197540705,-0.023088314,0.800848252,-0.021349331,-0.052361157,-0.042971044,-0.003451489,-0.016972133,0.000450596,0.012377526,-0.000690908,0.010357067,-0.017835695,-0.040777097,0.034881730,0.003142635,0.379322202,0.009637701,-0.030122664,0.037948004,0.085842534,-0.092354570,-0.833261697,-0.007906673,0.998105245,0.303736331,0.101606046,-0.114820305,0.011687045,0.107255459,0.019666908,-0.223839402,-0.244907176,-0.125607311
4740,4.740000,step_2,0,4.741000,0.023413077,0.015902635,0.041698010,0.042197429,0.056867500,0.233360776,0.022730000,0.075715875,0.223693513,0.012757289,0.148132424,-0.230337808,0.032708944,0.162408318,-0.228138793,0.026056350,0.492044134,-0.135200559,0.042657359,-0.140591455,0.033925599,0.056070037,0.019744946,0.137105746,0.198422308,-0.023035530,0.800729859,-0.021315762,-0.052330769,-0.042859258,-0.002595422,-0.017456683,0.000480680,0.012210127,-0.000731628,0.010836194,-0.016842773,-0.041927803,0.035070247,0.003157293,0.379544581,0.009701978,-0.030290256,0.037027024,0.086164294,-0.092568281,-0.833323786,-0.007846215,0.998054106,0.303626807,0.102014629,-0.114480870,0.011585732,0.107085984,0.020219864,-0.223532746,-0.244685489,-0.124826084
4750,4.750000,step_2,0,4.751000,0.022970257,0.015500596,0.041806848,0.041875353,0.056867500,0.233360776,0.022730000,0.075288512,0.223913155,0.012778041,0.148132424,-0.230337808,0.032708944,0.161954044,-0.228221929,0.026019076,0.497543741,-0.138188284,0.042787229,-0.142265873,0.033909646,0.056035017,0.019807897,0.131925823,0.199278900,-0.022985109,0.800612803,-0.021282592,-0.052299367,-0.042731589,-0.001736509,-0.017942622,0.000511034,0.012043219,-0.000772358,0.011317964,-0.015846173,-0.043074578,0.035257618,0.003171721,0.379772434,0.009766131,-0.030457533,0.036113784,0.086428831,-0.092749340,-0.833386603,-0.007773916,0.998003902,0.303487300,0.102357953,-0.114044776,0.011467523,0.106912080,0.020768879,-0.223229472,-0.244448897,-0.123953772
4760,4.760000,step_2,0,4.761000,0.022527989,0.015104721,0.041883747,0.041512170,0.056867500,0.233360776,0.022730000,0.074860387,0.224133192,0.012799341,0.148132424,-0.230337808,0.032708944,0.161503221,-0.228304392,0.025982904,0.502987477,-0.141142920,0.042916151,-0.143916527,0.033893661,0.055997930,0.019859642,0.126872631,0.200110034,-0.022937058,0.800497221,-0.021249855,-0.052266971,-0.042588152,-0.000875324,-0.018429625,0.000541636,0.011876918,-0.000813067,0.011802070,-0.014846549,-0.044216462,0.035443675,0.003185908,0.380005718,0.009830108,-0.030624347,0.035209193,0.086635831,-0.092897551,-0.833450138,-0.007689814,0.997954668,0.303317764,0.102635574,-0.113512820,0.011332583,0.106733833,0.021313638,-0.222929773,-0.244197560,-0.122991295
4770,4.770000,step_2,0,4.771000,0.022086661,0.014715531,0.041928598,0.041108437,0.056867500,0.233360776,0.022730000,0.074431791,0.224353475,0.012821176,0.148132424,-0.230337808,0.032708944,0.161056259,-0.228386107,0.025947863,0.508372183,-0.144062710,0.043044036,-0.145542497,0.033877655,0.055958790,0.019900108,0.121948761,0.200915310,-0.022891380,0.800383244,-0.021217584,-0.052233600,-0.042429091,-0.000012443,-0.018917363,0.000572467,0.011711340,-0.000853722,0.012288204,-0.013844558,-0.045352501,0.035628250,0.003199840,0.380244388,0.009893857,-0.030790549,0.034314155,0.086785042,-0.093012752,-0.833514381,-0.007593959,0.997906437,0.303118183,0.102847114,-0.112885948,0.011181103,0.106551331,0.021853834,-0.222633834,-0.243931656,-0.121939712
4780,4.780000,step_2,0,4.781000,0.021646663,0.014333539,0.041941326,0.040664784,0.056867500,0.233360776,0.022730000,0.074003014,0.224573855,0.012843534,0.148132424,-0.230337808,0.032708944,0.160613566,-0.228467000,0.025913982,0.513694747,-0.146945931,0.043170797,-0.147142880,0.033861640,0.055917612,0.019929231,0.117156601,0.201694379,-0.022848071,0.800270993,-0.021185810,-0.052199278,-0.042254570,0.000851553,-0.019405510,0.000603506,0.011546603,-0.000894293,0.012776055,-0.012840863,-0.046481752,0.035811179,0.003213505,0.380488399,0.009957326,-0.030955991,0.033429560,0.086876272,-0.093094815,-0.833579325,-0.007486408,0.997859242,0.302888572,0.102992262,-0.112165252,0.011013297,0.106364668,0.022389165,-0.222341829,-0.243651387,-0.120800226
4790,4.790000,step_2,0,4.791000,0.021208392,0.013959249,0.041921893,0.040181914,0.056867500,0.233360776,0.022730000,0.073574347,0.224794181,0.012866399,0.148132424,-0.230337808,0.032708944,0.160175542,-0.228546999,0.025881284,0.518952115,-0.149790898,0.043296345,-0.148716791,0.033845628,0.055874413,0.019946960,0.112498318,0.202446943,-0.022807124,0.800160570,-0.021154567,-0.052164026,-0.042064779,0.001716084,-0.019893737,0.000634730,0.011382823,-0.000934748,0.013265310,-0.011836128,-0.047603282,0.035992298,0.003226892,0.380737699,0.010020462,-0.031120525,0.032556286,0.086909391,-0.093143646,-0.833644961,-0.007367230,0.997813116,0.302628977,0.103070778,-0.111351973,0.010829407,0.106173940,0.022919331,-0.222053928,-0.243356974,-0.119574175
4800,4.800000,step_2,0,4.801000,0.020772246,0.013593156,0.041870297,0.039660601,0.056867500,0.233360776,0.022730000,0.073146081,0.225014305,0.012889755,0.148132424,-0.230337808,0.032708944,0.159742582,-0.228626033,0.025849793,0.524141287,-0.152595962,0.043420593,-0.150263368,0.033829631,0.055829212,0.019953255,0.107975843,0.203172756,-0.022768524,0.800052054,-0.021123885,-0.052127870,-0.041859930,0.002580569,-0.020381715,0.000666119,0.011220113,-0.000975056,0.013755654,-0.010831018,-0.048716174,0.036171447,0.003239988,0.380992236,0.010083216,-0.031284005,0.031695200,0.086884329,-0.093159186,-0.833711282,-0.007236503,0.997768091,0.302339474,0.103082488,-0.110447499,0.010629700,0.105979251,0.023444037,-0.221770288,-0.243048662,-0.118263046
4810,4.810000,step_2,0,4.811000,0.020338625,0.013235744,0.041786570,0.039101698,0.056867500,0.233360776,0.022730000,0.072718508,0.225234077,0.012913585,0.148132424,-0.230337808,0.032708944,0.159315073,-0.228704031,0.025819528,0.529259326,-0.155359520,0.043543457,-0.151781773,0.033813661,0.055782031,0.019948089,0.103590862,0.203871629,-0.022732254,0.799945494,-0.021093795,-0.052090835,-0.041640261,0.003444425,-0.020869116,0.000697649,0.011058590,-0.001015186,0.014246769,-0.009826202,-0.049819525,0.036348470,0.003252784,0.381251953,0.010145537,-0.031446286,0.030847150,0.086801080,-0.093141411,-0.833778282,-0.007094315,0.997724198,0.302020172,0.103027290,-0.109453365,0.010414467,0.105780705,0.023962987,-0.221491059,-0.242726716,-0.116868463
4820,4.820000,step_2,0,4.821000,0.019907934,0.012887479,0.041670784,0.038506128,0.056867500,0.233360776,0.022730000,0.072291917,0.225453349,0.012937871,0.148132424,-0.230337808,0.032708944,0.158893393,-0.228780925,0.025790507,0.534303367,-0.158080012,0.043664853,-0.153271191,0.033797728,0.055732892,0.019931444,0.099344800,0.204543428,-0.022698289,0.799840903,-0.021064328,-0.052052947,-0.041406034,0.004307070,-0.021355609,0.000729299,0.010898367,-0.001055109,0.014738337,-0.008822348,-0.050912447,0.036523211,0.003265267,0.381516791,0.010207376,-0.031607225,0.030012972,0.086659698,-0.093090331,-0.833845954,-0.006940766,0.997681468,0.301671211,0.102905150,-0.108371252,0.010184026,0.105578413,0.024475887,-0.221216379,-0.242391424,-0.115392198
4830,4.830000,step_2,0,4.831000,0.019480580,0.012548811,0.041523045,0.037874896,0.056867500,0.233360776,0.022730000,0.071866600,0.225671970,0.012962591,0.148132424,-0.230337808,0.032708944,0.158477914,-0.228856648,0.025762747,0.539270612,-0.160755924,0.043784699,-0.154730836,0.033781847,0.055681820,0.019903317,0.095238803,0.205188080,-0.022666599,0.799738252,-0.021035512,-0.052014235,-0.041157536,0.005167925,-0.021840868,0.000761047,0.010739557,-0.001094794,0.015230038,-0.007820124,-0.051994069,0.036695520,0.003277428,0.381786688,0.010268684,-0.031766680,0.029193479,0.086460301,-0.093005993,-0.833914292,-0.006775963,0.997639931,0.301292760,0.102716106,-0.107202987,0.009938722,0.105372486,0.024982439,-0.220946378,-0.242043097,-0.113836166
4840,4.840000,step_2,0,4.841000,0.019056971,0.012220168,0.041343497,0.037209082,0.056867500,0.233360776,0.022730000,0.071442844,0.225889793,0.012987725,0.148132424,-0.230337808,0.032708944,0.158068996,-0.228931136,0.025736260,0.544158347,-0.163385795,0.043902914,-0.156159951,0.033766027,0.055628844,0.019863713,0.091273730,0.205805571,-0.022637147,0.799637462,-0.021007375,-0.051974727,-0.040895080,0.006026409,-0.022324565,0.000792868,0.010582271,-0.001134211,0.015721551,-0.006820197,-0.053063543,0.036865249,0.003289257,0.382061580,0.010329413,-0.031924511,0.028389468,0.086203070,-0.092888478,-0.833983289,-0.006600028,0.997599617,0.300885023,0.102460267,-0.105950543,0.009678922,0.105163044,0.025482345,-0.220681174,-0.241682066,-0.112202428
4850,4.850000,step_2,0,4.851000,0.018637516,0.011901956,0.041132320,0.036509844,0.056867500,0.233360776,0.022730000,0.071020936,0.226106671,0.013013250,0.148132424,-0.230337808,0.032708944,0.157666992,-0.229004324,0.025711059,0.548963938,-0.165968216,0.044019419,-0.157557811,0.033750281,0.055573991,0.019812654,0.087450131,0.206395951,-0.022609890,0.799538398,-0.020979946,-0.051934454,-0.040619002,0.006881946,-0.022806376,0.000824741,0.010426621,-0.001173330,0.016212556,-0.005823233,-0.054120036,0.037032255,0.003300745,0.382341398,0.010389516,-0.032080582,0.027601715,0.085888246,-0.092737903,-0.834052940,-0.006413089,0.997560552,0.300448233,0.102137813,-0.104616036,0.009405024,0.104950208,0.025975298,-0.220420876,-0.241308686,-0.110493192
4860,4.860000,step_2,0,4.861000,0.018222627,0.011594550,0.040889733,0.035778426,0.056867500,0.233360776,0.022730000,0.070601162,0.226322457,0.013039143,0.148132424,-0.230337808,0.032708944,0.157272241,-0.229076152,0.025687152,0.553684840,-0.168501834,0.044134139,-0.158923724,0.033734622,0.055517293,0.019750169,0.083768235,0.206959333,-0.022584780,0.799440863,-0.020953250,-0.051893446,-0.040329663,0.007733962,-0.023285975,0.000856641,0.010272716,-0.001212124,0.016702731,-0.004829897,-0.055162742,0.037196399,0.003311884,0.382626071,0.010448948,-0.032234756,0.026830971,0.085516137,-0.092554420,-0.834123238,-0.006215288,0.997522766,0.299982658,0.101748998,-0.103201729,0.009117447,0.104734102,0.026460989,-0.220165581,-0.240923335,-0.108710812
4870,4.870000,step_2,0,4.871000,0.017812713,0.011298295,0.040615991,0.035016152,0.056867500,0.233360776,0.022730000,0.070183805,0.226537006,0.013065376,0.148132424,-0.230337808,0.032708944,0.156885074,-0.229146560,0.025664547,0.558318604,-0.170985355,0.044247000,-0.160257034,0.033719060,0.055458782,0.019676302,0.080227936,0.207495898,-0.022561762,0.799344593,-0.020927313,-0.051851737,-0.040027452,0.008581886,-0.023763042,0.000888546,0.010120663,-0.001250563,0.017191756,-0.003840849,-0.056190874,0.037357546,0.003322664,0.382915526,0.010507663,-0.032386903,0.026077966,0.085087111,-0.092338217,-0.834194177,-0.006006777,0.997486282,0.299488595,0.101294147,-0.101710026,0.008816640,0.104514857,0.026939100,-0.219915374,-0.240526411,-0.106857791
4880,4.880000,step_2,0,4.881000,0.017408187,0.011013501,0.040311387,0.034224430,0.056867500,0.233360776,0.022730000,0.069769145,0.226750173,0.013091926,0.148132424,-0.230337808,0.032708944,0.156505808,-0.229215492,0.025643248,0.562862878,-0.173417548,0.044357929,-0.161557126,0.033703609,0.055398494,0.019591110,0.076828772,0.208005893,-0.022540772,0.799249246,-0.020902160,-0.051809360,-0.039712782,0.009425151,-0.024237257,0.000920432,0.009970571,-0.001288619,0.017679311,-0.002856747,-0.057203675,0.037515564,0.003333078,0.383209684,0.010565619,-0.032536893,0.025343402,0.084601602,-0.092089521,-0.834265749,-0.005787718,0.997451127,0.298966376,0.100773659,-0.100143477,0.008503075,0.104292605,0.027409302,-0.219670331,-0.240118338,-0.104936779
4890,4.890000,step_2,0,4.891000,0.017009458,0.010740436,0.039976252,0.033404761,0.056867500,0.233360776,0.022730000,0.069357461,0.226961815,0.013118764,0.148132424,-0.230337808,0.032708944,0.156134748,-0.229282892,0.025623258,0.567315417,-0.175797245,0.044466858,-0.162823422,0.033688279,0.055336465,0.019494659,0.073569916,0.208489637,-0.022521742,0.799154399,-0.020877814,-0.051766350,-0.039386090,0.010263195,-0.024708303,0.000952275,0.009822544,-0.001326266,0.018165078,-0.001878243,-0.058200408,0.037670329,0.003343120,0.383508466,0.010622774,-0.032684602,0.024627957,0.084060105,-0.091808590,-0.834337947,-0.005558286,0.997417323,0.298416363,0.100188009,-0.098504772,0.008177252,0.104067484,0.027871260,-0.219430513,-0.239699562,-0.102950575
4900,4.900000,step_2,0,4.901000,0.016616935,0.010479326,0.039610957,0.032558732,0.056867500,0.233360776,0.022730000,0.068949028,0.227171792,0.013145862,0.148132424,-0.230337808,0.032708944,0.155772186,-0.229348709,0.025604580,0.571674088,-0.178123346,0.044573721,-0.164055390,0.033673083,0.055272735,0.019387031,0.070450154,0.208947519,-0.022504595,0.799059544,-0.020854298,-0.051722744,-0.039047842,0.011095462,-0.025175868,0.000984052,0.009676685,-0.001363477,0.018648737,-0.000905986,-0.059180370,0.037821720,0.003352783,0.383811788,0.010679086,-0.032829906,0.023932278,0.083463182,-0.091495723,-0.834410764,-0.005318666,0.997384893,0.297838951,0.099537742,-0.096796743,0.007839696,0.103839635,0.028324624,-0.219195971,-0.239270549,-0.100902128
4910,4.910000,step_2,0,4.911000,0.016231022,0.010230348,0.039215910,0.031688028,0.056867500,0.233360776,0.022730000,0.068544117,0.227379964,0.013173191,0.148132424,-0.230337808,0.032708944,0.155418401,-0.229412893,0.025587210,0.575936873,-0.180394821,0.044678454,-0.165252543,0.033658033,0.055207342,0.019268319,0.067467872,0.209380002,-0.022489248,0.798964074,-0.020831632,-0.051678578,-0.038698526,0.011921401,-0.025639641,0.001015738,0.009533097,-0.001400224,0.019129973,0.000059383,-0.060142882,0.037969623,0.003362061,0.384119561,0.010734517,-0.032972688,0.023256984,0.082811457,-0.091151254,-0.834484189,-0.005069057,0.997353857,0.297234569,0.098823483,-0.095022364,0.007490959,0.103609202,0.028769034,-0.218966743,-0.238831793,-0.098794535
4920,4.920000,step_2,0,4.921000,0.015852123,0.009993627,0.038791559,0.030794433,0.056867500,0.233360776,0.022730000,0.068142997,0.227586192,0.013200721,0.148132424,-0.230337808,0.032708944,0.155073656,-0.229475397,0.025571148,0.580101879,-0.182610714,0.044780998,-0.166414443,0.033643140,0.055140331,0.019138627,0.064621041,0.209787625,-0.022475609,0.798867287,-0.020809837,-0.051633891,-0.038338660,0.012740469,-0.026099316,0.001047311,0.009391879,-0.001436484,0.019608473,0.001017227,-0.061087299,0.038113928,0.003370950,0.384431695,0.010789030,-0.033112835,0.022602660,0.082105617,-0.090775552,-0.834558214,-0.004809668,0.997324235,0.296603677,0.098045929,-0.093184748,0.007131618,0.103376336,0.029204115,-0.218742856,-0.238383807,-0.096631045
4930,4.930000,step_2,0,4.931000,0.015480634,0.009769235,0.038338390,0.029879834,0.056867500,0.233360776,0.022730000,0.067745931,0.227790342,0.013228420,0.148132424,-0.230337808,0.032708944,0.154738200,-0.229536176,0.025556388,0.584167339,-0.184770146,0.044881297,-0.167540700,0.033628416,0.055071746,0.018998075,0.061907198,0.210171004,-0.022463580,0.798768371,-0.020788931,-0.051588723,-0.037968785,0.013552128,-0.026554592,0.001078746,0.009253129,-0.001472231,0.020083926,0.001966919,-0.062013006,0.038254532,0.003379444,0.384748094,0.010842587,-0.033250235,0.021969862,0.081346416,-0.090369026,-0.834632827,-0.004540721,0.997296042,0.295946769,0.097205852,-0.091287151,0.006762277,0.103141190,0.029629479,-0.218524322,-0.237927128,-0.094415054
4940,4.940000,step_2,0,4.941000,0.015116946,0.009557182,0.037856932,0.028946229,0.056867500,0.233360776,0.022730000,0.067353179,0.227992279,0.013256257,0.148132424,-0.230337808,0.032708944,0.154412265,-0.229595189,0.025542924,0.588131623,-0.186872316,0.044979296,-0.168630979,0.033613872,0.055001632,0.018846794,0.059323432,0.210530832,-0.022453054,0.798666407,-0.020768932,-0.051543114,-0.037589468,0.014355850,-0.027005171,0.001110019,0.009116943,-0.001507442,0.020556022,0.002907838,-0.062919422,0.038391337,0.003387541,0.385068660,0.010895156,-0.033384785,0.021359107,0.080534669,-0.089932119,-0.834708015,-0.004262450,0.997269295,0.295264369,0.096304103,-0.089332967,0.006383567,0.102903920,0.030044722,-0.218311143,-0.237462316,-0.092150111
4950,4.950000,step_2,0,4.951000,0.014761442,0.009357420,0.037347751,0.027995731,0.056867500,0.233360776,0.022730000,0.066964997,0.228191873,0.013284199,0.148132424,-0.230337808,0.032708944,0.154096066,-0.229652398,0.025530748,0.591993241,-0.188916504,0.045074948,-0.169685002,0.033599521,0.054930038,0.018684926,0.056866368,0.210867885,-0.022443916,0.798560358,-0.020749856,-0.051497107,-0.037201303,0.015151115,-0.027450761,0.001141108,0.008983414,-0.001542093,0.021024457,0.003839373,-0.063806000,0.038524254,0.003395236,0.385393290,0.010946703,-0.033516385,0.020770879,0.079671258,-0.089465314,-0.834783766,-0.003975102,0.997244006,0.294557037,0.095341607,-0.087325728,0.005996143,0.102664689,0.030449425,-0.218103304,-0.236989956,-0.089839913
4960,4.960000,step_2,0,4.961000,0.014414497,0.009169840,0.036811457,0.027030581,0.056867500,0.233360776,0.022730000,0.066581634,0.228388994,0.013312213,0.148132424,-0.230337808,0.032708944,0.153789805,-0.229707768,0.025519850,0.595750850,-0.190902076,0.045168205,-0.170702547,0.033585373,0.054857014,0.018512629,0.054532153,0.211183019,-0.022436044,0.798449066,-0.020731717,-0.051450744,-0.036804909,0.015937413,-0.027891076,0.001171989,0.008852633,-0.001576162,0.021488929,0.004760922,-0.064672230,0.038653198,0.003402530,0.385721876,0.010997199,-0.033644940,0.020205624,0.078757127,-0.088969128,-0.834860063,-0.003678937,0.997220189,0.293825364,0.094319368,-0.085269107,0.005600688,0.102423663,0.030843154,-0.217900780,-0.236510652,-0.087488307
4970,4.970000,step_2,0,4.971000,0.014076474,0.008994270,0.036248699,0.026053154,0.056867500,0.233360776,0.022730000,0.066203336,0.228583518,0.013340267,0.148132424,-0.230337808,0.032708944,0.153493660,-0.229761266,0.025510219,0.599403261,-0.192828488,0.045259028,-0.171683455,0.033571440,0.054782611,0.018330073,0.052316436,0.211477176,-0.022429305,0.798331249,-0.020714529,-0.051404071,-0.036400933,0.016714241,-0.028325833,0.001202638,0.008724689,-0.001609627,0.021949141,0.005671894,-0.065517639,0.038778092,0.003409419,0.386054306,0.011046614,-0.033770360,0.019663748,0.077793286,-0.088444117,-0.834936891,-0.003374230,0.997197851,0.293069973,0.093238466,-0.083166915,0.005197911,0.102181012,0.031225459,-0.217703532,-0.236025035,-0.085099292
4980,4.980000,step_2,0,4.981000,0.013747723,0.008830475,0.035660169,0.025065971,0.056867500,0.233360776,0.022730000,0.065830341,0.228775320,0.013368325,0.148132424,-0.230337808,0.032708944,0.153207796,-0.229812865,0.025501842,0.602949442,-0.194695282,0.045347377,-0.172627628,0.033557734,0.054706884,0.018137440,0.050214360,0.211751382,-0.022423560,0.798205494,-0.020698304,-0.051357132,-0.035990044,0.017481109,-0.028754759,0.001233033,0.008599668,-0.001642467,0.022404800,0.006571708,-0.066341794,0.038898867,0.003415903,0.386390465,0.011094923,-0.033892562,0.019145618,0.076780808,-0.087890875,-0.835014231,-0.003061266,0.997177001,0.292291522,0.092100057,-0.081023102,0.004788547,0.101936910,0.031595873,-0.217511505,-0.235533755,-0.082677013
4990,4.990000,step_2,0,4.991000,0.013428579,0.008678161,0.035046605,0.024071715,0.056867500,0.233360776,0.022730000,0.065462884,0.228964282,0.013396353,0.148132424,-0.230337808,0.032708944,0.152932355,-0.229862538,0.025494704,0.606388530,-0.196502097,0.045433221,-0.173535037,0.033544265,0.054629887,0.017934926,0.048220541,0.212006753,-0.022418661,0.798070258,-0.020683051,-0.051309974,-0.035572939,0.018237538,-0.029177583,0.001263150,0.008477652,-0.001674663,0.022855617,0.007459795,-0.067144300,0.039015460,0.003421984,0.386730232,0.011142102,-0.034011468,0.018651557,0.075720831,-0.087310033,-0.835092061,-0.002740347,0.997157643,0.291490699,0.090905378,-0.078841757,0.004373357,0.101691536,0.031953917,-0.217324631,-0.235037489,-0.080225766
5000,5.000000,step_2,0,5.001000,0.013119361,0.008536978,0.034408783,0.023073245,0.056867500,0.233360776,0.022730000,0.065101191,0.229150285,0.013424318,0.148132424,-0.230337808,0.032708944,0.152667462,-0.229910265,0.025488790,0.609719831,-0.198248668,0.045516531,-0.174405720,0.033531044,0.054551678,0.017722739,0.046329057,0.212244492,-0.022414448,0.797923860,-0.020668779,-0.051262644,-0.035150342,0.018983060,-0.029594045,0.001292968,0.008358722,-0.001706197,0.023301309,0.008335600,-0.067924806,0.039127817,0.003427661,0.387073479,0.011188128,-0.034127007,0.018181846,0.074614558,-0.086702258,-0.835170361,-0.002411786,0.997139779,0.290668226,0.089655741,-0.076627108,0.003953129,0.101445074,0.032299096,-0.217142830,-0.234536931,-0.077749995
5010,5.010000,step_2,0,5.011000,0.012820364,0.008406522,0.033747530,0.022073616,0.056867500,0.233360776,0.022730000,0.064745483,0.229333216,0.013452183,0.148132424,-0.230337808,0.032708944,0.152413221,-0.229956027,0.025484081,0.612942830,-0.199934828,0.045597283,-0.175239788,0.033518082,0.054472315,0.017501102,0.044533432,0.212465894,-0.022410755,0.797764479,-0.020655496,-0.051215192,-0.034722999,0.019717220,-0.030003889,0.001322463,0.008242955,-0.001737049,0.023741599,0.009198581,-0.068683003,0.039235892,0.003432938,0.387420078,0.011232982,-0.034239114,0.017736720,0.073463255,-0.086068258,-0.835249105,-0.002075914,0.997123411,0.289824858,0.088352538,-0.074383523,0.003528676,0.101197711,0.032630901,-0.216966003,-0.234032803,-0.075254291
5020,5.020000,step_2,0,5.021000,0.012531865,0.008286343,0.033063714,0.021076105,0.056867500,0.233360776,0.022730000,0.064395974,0.229512965,0.013479915,0.148132424,-0.230337808,0.032708944,0.152169713,-0.229999810,0.025480560,0.616057196,-0.201560515,0.045675458,-0.176037424,0.033505389,0.054391859,0.017270250,0.042826625,0.212672347,-0.022407405,0.797590157,-0.020643207,-0.051167667,-0.034291685,0.020439575,-0.030406868,0.001351614,0.008130425,-0.001767203,0.024176215,0.010048209,-0.069418625,0.039339647,0.003437817,0.387769891,0.011276646,-0.034347730,0.017316367,0.072268251,-0.085408775,-0.835328266,-0.001733073,0.997108536,0.288961380,0.086997240,-0.072115508,0.003100840,0.100949639,0.032948812,-0.216794041,-0.233525846,-0.072743393
5030,5.030000,step_2,0,5.031000,0.012254113,0.008175948,0.032358253,0.020084233,0.056867500,0.233360776,0.022730000,0.064052871,0.229689426,0.013507478,0.148132424,-0.230337808,0.032708944,0.151937000,-0.230041605,0.025478205,0.619062790,-0.203125768,0.045751043,-0.176798888,0.033492977,0.054310372,0.017030431,0.041201012,0.212865333,-0.022404212,0.797398790,-0.020631915,-0.051120121,-0.033857196,0.021149698,-0.030802742,0.001380399,0.008021201,-0.001796642,0.024604892,0.010883972,-0.070131455,0.039439053,0.003442303,0.388122777,0.011319107,-0.034452806,0.016920930,0.071030943,-0.084724592,-0.835407816,-0.001383622,0.997095148,0.288078613,0.085591395,-0.069827713,0.002670486,0.100701055,0.033252298,-0.216626815,-0.233016823,-0.070222184
5040,5.040000,step_2,0,5.041000,0.011987328,0.008074809,0.031632113,0.019101798,0.056867500,0.233360776,0.022730000,0.063716373,0.229862496,0.013534838,0.148132424,-0.230337808,0.032708944,0.151715120,-0.230081404,0.025476995,0.621959668,-0.204630737,0.045824027,-0.177524522,0.033480856,0.054227918,0.016781908,0.039648380,0.213046432,-0.022400980,0.797188130,-0.020621622,-0.051072604,-0.033420357,0.021847173,-0.031191281,0.001408798,0.007915351,-0.001825353,0.025027372,0.011705370,-0.070821321,0.039534088,0.003446400,0.388478590,0.011360352,-0.034554297,0.016550498,0.069752788,-0.084016529,-0.835487723,-0.001027934,0.997083240,0.287177408,0.084136632,-0.067524925,0.002238508,0.100452160,0.033540820,-0.216464184,-0.232506520,-0.067695695
5050,5.050000,step_2,0,5.051000,0.011731700,0.007982373,0.030886310,0.018132911,0.056867500,0.233360776,0.022730000,0.063386671,0.230032076,0.013561960,0.148132424,-0.230337808,0.032708944,0.151504088,-0.230119208,0.025476906,0.624748090,-0.206075683,0.045894409,-0.178214746,0.033469035,0.054144563,0.016524956,0.038159909,0.213217320,-0.022397502,0.796955787,-0.020612329,-0.051025170,-0.032982014,0.022531602,-0.031572261,0.001436789,0.007812938,-0.001853320,0.025443404,0.012511925,-0.071488100,0.039624741,0.003450115,0.388837179,0.011400372,-0.034652166,0.016205111,0.068435310,-0.083285443,-0.835567952,-0.000666399,0.997072801,0.286258647,0.082634657,-0.065212076,0.001805825,0.100203160,0.033813832,-0.216305989,-0.231995743,-0.065169097
5060,5.060000,step_2,0,5.061000,0.011487385,0.007898065,0.030121913,0.017182029,0.056867500,0.233360776,0.022730000,0.063063949,0.230198073,0.013588811,0.148132424,-0.230337808,0.032708944,0.151303897,-0.230155016,0.025477915,0.627428524,-0.207460978,0.045962189,-0.178870066,0.033457525,0.054060373,0.016259862,0.036726162,0.213379775,-0.022393561,0.796699224,-0.020604033,-0.050977873,-0.032543040,0.023202602,-0.031945469,0.001464352,0.007714021,-0.001880531,0.025852745,0.013303172,-0.072131719,0.039711011,0.003453454,0.389198384,0.011439160,-0.034746386,0.015884758,0.067080095,-0.082532230,-0.835648468,-0.000299420,0.997063819,0.285323246,0.081087256,-0.062894241,0.001373383,0.099954266,0.034070784,-0.216152057,-0.231485322,-0.062647706
5070,5.070000,step_2,0,5.071000,0.011254501,0.007821301,0.029340045,0.016254003,0.056867500,0.233360776,0.022730000,0.062748381,0.230360395,0.013615356,0.148132424,-0.230337808,0.032708944,0.151114515,-0.230188838,0.025479995,0.630001654,-0.208787112,0.046027374,-0.179491075,0.033446335,0.053975417,0.015986929,0.035337074,0.213535674,-0.022388930,0.796415759,-0.020596731,-0.050930768,-0.032104332,0.023859804,-0.032310701,0.001491468,0.007618655,-0.001906974,0.026255158,0.014078666,-0.072752158,0.039792904,0.003456426,0.389562044,0.011476712,-0.034836937,0.015589372,0.065688794,-0.081757823,-0.835729231,0.000072582,0.997056276,0.284372151,0.079496294,-0.060576639,0.000942153,0.099705691,0.034311126,-0.216002197,-0.230976104,-0.060136979
5080,5.080000,step_2,0,5.081000,0.011033127,0.007751493,0.028541886,0.015354105,0.056867500,0.233360776,0.022730000,0.062440134,0.230518957,0.013641562,0.148132424,-0.230337808,0.032708944,0.150935883,-0.230220683,0.025483119,0.632468384,-0.210054695,0.046089979,-0.180078456,0.033435475,0.053889765,0.015706473,0.033981940,0.213687001,-0.022383372,0.796102565,-0.020590417,-0.050883909,-0.031666808,0.024502858,-0.032667761,0.001518117,0.007526892,-0.001932638,0.026650416,0.014837981,-0.073349447,0.039870438,0.003459041,0.389927990,0.011513027,-0.034923805,0.015318830,0.064263121,-0.080963196,-0.835810198,0.000449171,0.997050154,0.283406342,0.077863718,-0.058264635,0.000513136,0.099457654,0.034534307,-0.215856199,-0.230468960,-0.057642510
5090,5.090000,step_2,0,5.091000,0.010823300,0.007688054,0.027728677,0.014488063,0.056867500,0.233360776,0.022730000,0.062139364,0.230673679,0.013667397,0.148132424,-0.230337808,0.032708944,0.150767920,-0.230250568,0.025487259,0.634829846,-0.211264456,0.046150022,-0.180632980,0.033424954,0.053803488,0.015418823,0.032649405,0.213835843,-0.022376636,0.795756675,-0.020585084,-0.050837354,-0.031231412,0.025131433,-0.033016467,0.001544281,0.007438779,-0.001957513,0.027038302,0.015580711,-0.073923675,0.039943641,0.003461307,0.390296048,0.011548108,-0.035006988,0.015072956,0.062804855,-0.080149358,-0.835891327,0.000829896,0.997045429,0.282426827,0.076191550,-0.055963743,0.000087354,0.099210380,0.034739783,-0.215713840,-0.229964780,-0.055170034
5100,5.100000,step_2,0,5.101000,0.010625013,0.007630412,0.026901723,0.013662068,0.056867500,0.233360776,0.022730000,0.061846220,0.230824484,0.013692829,0.148132424,-0.230337808,0.032708944,0.150610516,-0.230278514,0.025492384,0.637087404,-0.212417252,0.046207528,-0.181155516,0.033414780,0.053716660,0.015124320,0.031327454,0.213984394,-0.022368463,0.795374977,-0.020580721,-0.050791159,-0.030799111,0.025745211,-0.033356643,0.001569942,0.007354357,-0.001981591,0.027418606,0.016306468,-0.074474982,0.040012551,0.003463238,0.390666038,0.011581960,-0.035086491,0.014851511,0.061315837,-0.079317359,-0.835972568,0.001214287,0.997042077,0.281434648,0.074481896,-0.053679623,-0.000334140,0.098964095,0.034927019,-0.215574876,-0.229464472,-0.052725421
5110,5.110000,step_2,0,5.111000,0.010438213,0.007578009,0.026062397,0.012882744,0.056867500,0.233360776,0.022730000,0.061560838,0.230971300,0.013717826,0.148132424,-0.230337808,0.032708944,0.150463537,-0.230304546,0.025498463,0.639242663,-0.213514066,0.046262527,-0.181647027,0.033404964,0.053629355,0.014823320,0.030003402,0.214134960,-0.022358580,0.794954220,-0.020577318,-0.050745383,-0.030370895,0.026343899,-0.033688127,0.001595083,0.007273665,-0.002004863,0.027791129,0.017014889,-0.075003569,0.040077215,0.003464845,0.391037777,0.011614592,-0.035162328,0.014654199,0.059797972,-0.078468284,-0.836053872,0.001601861,0.997040067,0.280430876,0.072736939,-0.051418088,-0.000750268,0.098719031,0.035095489,-0.215439044,-0.228968966,-0.050314674
5120,5.120000,step_2,0,5.121000,0.010262803,0.007530310,0.025212146,0.012157064,0.056867500,0.233360776,0.022730000,0.061283348,0.231114062,0.013742359,0.148132424,-0.230337808,0.032708944,0.150326819,-0.230328694,0.025505464,0.641297467,-0.214556011,0.046315057,-0.182108574,0.033395513,0.053541649,0.014516194,0.028663885,0.214289953,-0.022346703,0.794491018,-0.020574861,-0.050700084,-0.029947773,0.026927219,-0.034010766,0.001619686,0.007196735,-0.002027323,0.028155681,0.017705631,-0.075509695,0.040137695,0.003466144,0.391411075,0.011646014,-0.035234524,0.014480664,0.058253230,-0.077603261,-0.836135186,0.001992114,0.997039369,0.279416613,0.070958943,-0.049185103,-0.001159926,0.098475425,0.035244686,-0.215306064,-0.228479210,-0.047943930
5130,5.130000,step_2,0,5.131000,0.010098636,0.007486809,0.024352496,0.011492172,0.056867500,0.233360776,0.022730000,0.061013867,0.231252709,0.013766399,0.148132424,-0.230337808,0.032708944,0.150200171,-0.230350994,0.025513351,0.643253916,-0.215544331,0.046365161,-0.182541321,0.033386435,0.053453618,0.014203323,0.027294848,0.214451902,-0.022332537,0.793981848,-0.020573332,-0.050655322,-0.029530781,0.027494915,-0.034324420,0.001643737,0.007123594,-0.002048966,0.028512083,0.018378375,-0.075993677,0.040194060,0.003467148,0.391785736,0.011676243,-0.035303112,0.014330486,0.056683643,-0.076723453,-0.836216454,0.002384529,0.997039946,0.278392992,0.069150250,-0.046986787,-0.001561983,0.098233516,0.035374121,-0.215175637,-0.227996170,-0.045619457
5140,5.140000,step_2,0,5.141000,0.009945520,0.007447027,0.023485060,0.010895083,0.056867500,0.233360776,0.022730000,0.060752501,0.231387186,0.013789917,0.148132424,-0.230337808,0.032708944,0.150083373,-0.230371487,0.025522089,0.645114360,-0.216480409,0.046412889,-0.182946531,0.033377739,0.053365341,0.013885103,0.025881542,0.214623449,-0.022315773,0.793423055,-0.020572715,-0.050611156,-0.029120973,0.028046751,-0.034628960,0.001667220,0.007054266,-0.002069788,0.028860168,0.019032824,-0.076455899,0.040246394,0.003467874,0.392161562,0.011705297,-0.035368134,0.014203181,0.055091305,-0.075830063,-0.836297617,0.002778570,0.997041758,0.277361176,0.067313284,-0.044829417,-0.001955283,0.097993546,0.035483329,-0.215047441,-0.227520832,-0.043347650
5150,5.150000,step_2,0,5.151000,0.009803219,0.007410523,0.022611548,0.010372241,0.056867500,0.233360776,0.022730000,0.060499346,0.231517442,0.013812887,0.148132424,-0.230337808,0.032708944,0.149976177,-0.230390220,0.025531641,0.646881412,-0.217365763,0.046458297,-0.183325574,0.033369431,0.053276897,0.013561945,0.024408509,0.214807352,-0.022296090,0.792810856,-0.020572988,-0.050567647,-0.028719425,0.028582512,-0.034924271,0.001690121,0.006988768,-0.002089785,0.029199777,0.019668708,-0.076896804,0.040294790,0.003468341,0.392538348,0.011733198,-0.035429644,0.014098202,0.053478375,-0.074924332,-0.836378615,0.003173685,0.997044764,0.276322357,0.065450548,-0.042719426,-0.002338641,0.097755764,0.035571874,-0.214921136,-0.227054197,-0.041135032
5160,5.160000,step_2,0,5.161000,0.009671450,0.007376888,0.021733773,0.009928932,0.056867500,0.233360776,0.022730000,0.060254488,0.231643434,0.013835283,0.148132424,-0.230337808,0.032708944,0.149878304,-0.230407243,0.025541967,0.648557950,-0.218202054,0.046501449,-0.183679926,0.033361520,0.053188367,0.013234272,0.022859578,0.215006490,-0.022273156,0.792141343,-0.020574129,-0.050524855,-0.028327235,0.029102007,-0.035210248,0.001712426,0.006927110,-0.002108956,0.029530766,0.020285781,-0.077316903,0.040339353,0.003468567,0.392915886,0.011759972,-0.035487706,0.014014934,0.051847076,-0.074007539,-0.836459383,0.003569305,0.997048917,0.275277756,0.063564624,-0.040663410,-0.002710847,0.097520420,0.035639350,-0.214796360,-0.226597285,-0.038988250
5170,5.170000,step_2,0,5.171000,0.009549892,0.007345750,0.020853670,0.009568605,0.056867500,0.233360776,0.022730000,0.060017999,0.231765125,0.013857081,0.148132424,-0.230337808,0.032708944,0.149789444,-0.230422615,0.025553027,0.650147123,-0.218991083,0.046542413,-0.184011170,0.033354013,0.053099833,0.012902521,0.021217854,0.215223858,-0.022246623,0.791410484,-0.020576112,-0.050482841,-0.027945521,0.029605065,-0.035486802,0.001734124,0.006869300,-0.002127300,0.029853002,0.020883824,-0.077716773,0.040380204,0.003468572,0.393293965,0.011785649,-0.035542393,0.013952695,0.050199693,-0.073081004,-0.836539854,0.003964843,0.997054167,0.274228626,0.061658174,-0.038668125,-0.003070665,0.097287767,0.035685389,-0.214672729,-0.226151131,-0.036914072
5180,5.180000,step_2,0,5.181000,0.009438185,0.007316776,0.019973306,0.009292205,0.056867500,0.233360776,0.022730000,0.059789940,0.231882481,0.013878259,0.148132424,-0.230337808,0.032708944,0.149709257,-0.230436396,0.025564779,0.651652354,-0.219734801,0.046581267,-0.184321002,0.033346915,0.053011378,0.012567141,0.019465711,0.215462578,-0.022216131,0.790614131,-0.020578911,-0.050441668,-0.027575420,0.030091540,-0.035753854,0.001755201,0.006815337,-0.002144816,0.030166364,0.021462643,-0.078097058,0.040417472,0.003468380,0.393672369,0.011810262,-0.035593791,0.013910735,0.048538573,-0.072146084,-0.836619961,0.004359696,0.997060461,0.273176244,0.059733940,-0.036740493,-0.003416831,0.097058061,0.035709661,-0.214549837,-0.225716788,-0.034919391
5190,5.190000,step_2,0,5.191000,0.009335934,0.007289666,0.019094897,0.009097688,0.056867500,0.233360776,0.022730000,0.059570361,0.231995479,0.013898795,0.148132424,-0.230337808,0.032708944,0.149637371,-0.230448658,0.025577179,0.653077348,-0.220435305,0.046618094,-0.184611227,0.033340233,0.052923085,0.012228596,0.017584783,0.215725893,-0.022181307,0.789748018,-0.020582494,-0.050401396,-0.027218089,0.030561309,-0.036011342,0.001775648,0.006765215,-0.002161506,0.030470744,0.022022074,-0.078458476,0.040451301,0.003468012,0.394050880,0.011833848,-0.035641994,0.013888233,0.046866127,-0.071204175,-0.836699630,0.004753243,0.997067742,0.272121920,0.057794744,-0.034887602,-0.003748056,0.096831563,0.035711882,-0.214427254,-0.225295324,-0.033011214
5200,5.200000,step_2,0,5.201000,0.009242717,0.007264156,0.018220835,0.008979849,0.056867500,0.233360776,0.022730000,0.059359297,0.232104098,0.013918670,0.148132424,-0.230337808,0.032708944,0.149573381,-0.230459473,0.025590179,0.654426093,-0.221094841,0.046652984,-0.184883763,0.033333974,0.052835039,0.011887362,0.015555956,0.216017174,-0.022141763,0.788807768,-0.020586830,-0.050362088,-0.026874705,0.031014273,-0.036259217,0.001795454,0.006718922,-0.002177374,0.030766047,0.022561981,-0.078801812,0.040481849,0.003467494,0.394429276,0.011856450,-0.035687110,0.013884297,0.045184829,-0.070256711,-0.836778789,0.005144846,0.997075948,0.271066990,0.055843485,-0.033116705,-0.004063023,0.096608533,0.035691813,-0.214304527,-0.224887821,-0.031196669
5210,5.210000,step_2,0,5.211000,0.009158084,0.007240016,0.017353709,0.008930553,0.056867500,0.233360776,0.022730000,0.059156772,0.232208326,0.013937867,0.148132424,-0.230337808,0.032708944,0.149516849,-0.230468923,0.025603734,0.655702868,-0.221715813,0.046686035,-0.185140645,0.033328142,0.052747327,0.011543932,0.013359359,0.216339921,-0.022097099,0.787788895,-0.020591882,-0.050323806,-0.026546465,0.031450359,-0.036497443,0.001814611,0.006676439,-0.002192423,0.031052193,0.023082258,-0.079127928,0.040509284,0.003466851,0.394807334,0.011878113,-0.035729257,0.013897964,0.043497217,-0.069305167,-0.836857361,0.005533852,0.997085014,0.270012817,0.053883146,-0.031435229,-0.004360389,0.096389235,0.035649267,-0.214181179,-0.224495378,-0.029482996
5220,5.220000,step_2,0,5.221000,0.009081568,0.007217045,0.016496337,0.008939333,0.056867500,0.233360776,0.022730000,0.058962797,0.232308157,0.013956369,0.148132424,-0.230337808,0.032708944,0.149467304,-0.230477093,0.025617792,0.656912246,-0.222300776,0.046717351,-0.185384023,0.033322744,0.052660034,0.011198807,0.010974355,0.216697764,-0.022046897,0.786686803,-0.020597614,-0.050286612,-0.026234583,0.031869520,-0.036726002,0.001833112,0.006637740,-0.002206657,0.031329114,0.023582827,-0.079437760,0.040533792,0.003466112,0.395184830,0.011898887,-0.035768566,0.013928194,0.041805890,-0.068351056,-0.836935268,0.005919587,0.997094873,0.268960793,0.051916786,-0.029850769,-0.004638786,0.096173935,0.035584110,-0.214056706,-0.224119105,-0.027877551
5230,5.230000,step_2,0,5.231000,0.009012685,0.007195072,0.015651801,0.008994206,0.056867500,0.233360776,0.022730000,0.058777368,0.232403593,0.013974162,0.148132424,-0.230337808,0.032708944,0.149424240,-0.230484078,0.025632301,0.658059095,-0.222852448,0.046747043,-0.185616163,0.033317783,0.052573249,0.010852505,0.008379534,0.217094463,-0.021990727,0.785496795,-0.020603985,-0.050250567,-0.025940293,0.032271734,-0.036944887,0.001850948,0.006602793,-0.002220083,0.031596759,0.024063644,-0.079732321,0.040555569,0.003465306,0.395561537,0.011918826,-0.035805178,0.013973875,0.040113511,-0.067395928,-0.837012429,0.006301364,0.997105450,0.267912336,0.049947544,-0.028371093,-0.004896818,0.095962901,0.035496263,-0.213930581,-0.223760128,-0.026387802
5240,5.240000,step_2,0,5.241000,0.008950943,0.007173947,0.014823488,0.009082531,0.056867500,0.233360776,0.022730000,0.058600468,0.232494642,0.013991235,0.148132424,-0.230337808,0.032708944,0.149387118,-0.230489976,0.025647208,0.659148589,-0.223373703,0.046775232,-0.185839453,0.033313265,0.052487060,0.010505556,0.005552699,0.217533917,-0.021928145,0.784214070,-0.020610953,-0.050215734,-0.025664846,0.032657007,-0.037154111,0.001868115,0.006571559,-0.002232708,0.031855089,0.024524695,-0.080012702,0.040574828,0.003464464,0.395937229,0.011937989,-0.035839247,0.014033819,0.038422805,-0.066441374,-0.837088763,0.006678478,0.997116671,0.266868890,0.047978638,-0.027004141,-0.005133061,0.095756399,0.035385707,-0.213802248,-0.223419586,-0.025021328
5250,5.250000,step_2,0,5.251000,0.008895847,0.007153547,0.014015137,0.009191766,0.056867500,0.233360776,0.022730000,0.058432065,0.232581320,0.014007576,0.148132424,-0.230337808,0.032708944,0.149355361,-0.230494892,0.025662457,0.660186206,-0.223867583,0.046802043,-0.186056398,0.033309193,0.052401556,0.010158504,0.002470861,0.218020160,-0.021858689,0.782833725,-0.020618470,-0.050182175,-0.025409511,0.033025372,-0.037353701,0.001884609,0.006543992,-0.002244541,0.032104083,0.024965999,-0.080280075,0.040591794,0.003463618,0.396311681,0.011956440,-0.035870941,0.014106760,0.036736561,-0.065489025,-0.837164187,0.007050207,0.997128455,0.265831927,0.046013366,-0.025758030,-0.005346068,0.095554701,0.035252482,-0.213671125,-0.223098632,-0.023785819
5260,5.260000,step_2,0,5.261000,0.008846901,0.007133762,0.013230886,0.009310038,0.056867500,0.233360776,0.022730000,0.058272116,0.232663649,0.014023179,0.148132424,-0.230337808,0.032708944,0.149328357,-0.230498940,0.025677987,0.661177733,-0.224337291,0.046827610,-0.186269627,0.033305571,0.052316826,0.009811905,-0.000889773,0.218557364,-0.021781884,0.781350754,-0.020626489,-0.050149951,-0.025175578,0.033376892,-0.037543699,0.001900425,0.006520037,-0.002255591,0.032343734,0.025387608,-0.080535694,0.040606708,0.003462803,0.396684667,0.011974247,-0.035900438,0.014191354,0.035057630,-0.064540549,-0.837238614,0.007415813,0.997140716,0.264802942,0.044055105,-0.024641049,-0.005534362,0.095358076,0.035096689,-0.213536602,-0.222798429,-0.022689074
5270,5.270000,step_2,0,5.271000,0.008803617,0.007114502,0.012475321,0.009426527,0.056867500,0.233360776,0.022730000,0.058120558,0.232741661,0.014038037,0.148132424,-0.230337808,0.032708944,0.149305456,-0.230502239,0.025693740,0.662129273,-0.224786203,0.046852074,-0.186481887,0.033302402,0.052232961,0.009466329,-0.004553812,0.219149844,-0.021697238,0.779760052,-0.020634958,-0.050119123,-0.024964352,0.033711656,-0.037724166,0.001915562,0.006499635,-0.002265870,0.032574051,0.025789611,-0.080780897,0.040619826,0.003462053,0.397055962,0.011991483,-0.035927930,0.014286176,0.033388928,-0.063597653,-0.837311959,0.007774541,0.997153368,0.263783458,0.042107310,-0.023661666,-0.005696443,0.095166794,0.034918491,-0.213398041,-0.222520154,-0.021739002
5280,5.280000,step_2,0,5.281000,0.008765516,0.007095683,0.011753518,0.009531690,0.056867500,0.233360776,0.022730000,0.057977317,0.232815393,0.014052146,0.148132424,-0.230337808,0.032708944,0.149285975,-0.230504913,0.025709650,0.663047246,-0.225217861,0.046875585,-0.186696052,0.033299690,0.052150053,0.009122360,-0.008546689,0.219802057,-0.021604243,0.778056408,-0.020643822,-0.050089753,-0.024777158,0.034029784,-0.037895179,0.001930018,0.006482715,-0.002275388,0.032795061,0.026172128,-0.081017108,0.040631420,0.003461407,0.397425344,0.012008226,-0.035953622,0.014389724,0.031733431,-0.062662085,-0.837384134,0.008125623,0.997166317,0.262775020,0.040173516,-0.022828521,-0.005830780,0.094981126,0.034718112,-0.213254775,-0.222264996,-0.020943621
5290,5.290000,step_2,0,5.291000,0.008732134,0.007077235,0.011071062,0.009617394,0.056867500,0.233360776,0.022730000,0.057842302,0.232884892,0.014065506,0.148132424,-0.230337808,0.032708944,0.149269186,-0.230507097,0.025725652,0.663938393,-0.225635983,0.046898299,-0.186915118,0.033297435,0.052068192,0.008780592,-0.012894675,0.220518607,-0.021502376,0.776234506,-0.020653026,-0.050061901,-0.024615337,0.034331426,-0.038056832,0.001943794,0.006469201,-0.002284160,0.033006807,0.026535318,-0.081245837,0.040641775,0.003460904,0.397792595,0.012024559,-0.035977733,0.014500410,0.030094179,-0.061735631,-0.837455051,0.008468271,0.997179467,0.261779201,0.038257335,-0.022150432,-0.005935820,0.094801343,0.034495840,-0.213106105,-0.222034156,-0.020311058
5300,5.300000,step_2,0,5.301000,0.008703023,0.007059090,0.010434024,0.009677006,0.056867500,0.233360776,0.022730000,0.057715406,0.232950212,0.014078116,0.148132424,-0.230337808,0.032708944,0.149254330,-0.230508929,0.025741677,0.664809780,-0.226044460,0.046920380,-0.187142208,0.033295641,0.051987470,0.008441637,-0.017624887,0.221304247,-0.021391097,0.774288922,-0.020662507,-0.050035628,-0.024480251,0.034616763,-0.038209239,0.001956891,0.006459009,-0.002292200,0.033209348,0.026879375,-0.081468685,0.040651194,0.003460584,0.398157496,0.012040570,-0.036000494,0.014616566,0.028474276,-0.060820115,-0.837524622,0.008801685,0.997192718,0.260797594,0.036362459,-0.021636392,-0.006009981,0.094627713,0.034252020,-0.212951305,-0.221828846,-0.019849553
5310,5.310000,step_2,0,5.311000,0.008677757,0.007041186,0.009848876,0.009707476,0.056867500,0.233360776,0.022730000,0.057596507,0.233011416,0.014089979,0.148132424,-0.230337808,0.032708944,0.149240610,-0.230510556,0.025757657,0.665668802,-0.226447364,0.046941999,-0.187380569,0.033294308,0.051907981,0.008106114,-0.022511853,0.222119536,-0.021276489,0.772346326,-0.020671842,-0.050014998,-0.024388069,0.034886008,-0.038352529,0.001969312,0.006452045,-0.002299523,0.033402763,0.027204532,-0.081687342,0.040659994,0.003460489,0.398519841,0.012056331,-0.036022179,0.014736342,0.026876889,-0.059917404,-0.837592756,0.009125049,0.997205965,0.259831819,0.034492658,-0.021295576,-0.006051660,0.094459341,0.033990196,-0.212798345,-0.221664050,-0.019611620
5320,5.320000,step_2,0,5.321000,0.008655931,0.007023444,0.009322296,0.009719514,0.056867500,0.233360776,0.022730000,0.057485465,0.233068575,0.014101102,0.148132424,-0.230337808,0.032708944,0.149227392,-0.230512087,0.025773568,0.666523187,-0.226848943,0.046963338,-0.187633575,0.033293438,0.051829816,0.007774660,-0.025332977,0.222591665,-0.021203921,0.771505452,-0.020675895,-0.050000237,-0.024363176,0.035139403,-0.038486851,0.001981060,0.006448208,-0.002306146,0.033587147,0.027511059,-0.081903528,0.040668481,0.003460576,0.398879854,0.012071821,-0.036043317,0.014857206,0.025305248,-0.059029399,-0.837659364,0.009437532,0.997219099,0.258883517,0.032651779,-0.021116968,-0.006067094,0.094281759,0.033799700,-0.212642695,-0.221546992,-0.019578558
5330,5.330000,step_2,0,5.331000,0.008637167,0.007005786,0.008860831,0.009725836,0.056867500,0.233360776,0.022730000,0.057382125,0.233121768,0.014111491,0.148132424,-0.230337808,0.032708944,0.149214398,-0.230513577,0.025789444,0.667380997,-0.227253632,0.046984582,-0.187904729,0.033293031,0.051753069,0.007447922,-0.026439491,0.222750777,-0.021171103,0.771539603,-0.020675893,-0.049990116,-0.024359250,0.035377226,-0.038612374,0.001992141,0.006447389,-0.002312087,0.033762615,0.027799266,-0.082118465,0.040676829,0.003460728,0.399238521,0.012087164,-0.036064161,0.014978353,0.023762645,-0.058158045,-0.837724358,0.009738288,0.997232009,0.257954351,0.030843749,-0.021022584,-0.006072191,0.094096051,0.033706226,-0.212474748,-0.221444010,-0.019555054
5340,5.340000,step_2,0,5.341000,0.008621111,0.006988177,0.008470403,0.009732953,0.056867500,0.233360776,0.022730000,0.057286315,0.233171084,0.014121158,0.148132424,-0.230337808,0.032708944,0.149201592,-0.230515038,0.025805316,0.668250637,-0.227666048,0.047005929,-0.188197662,0.033293087,0.051677832,0.007126562,-0.026841698,0.222765933,-0.021157231,0.771920183,-0.020674653,-0.049980881,-0.024355676,0.035599786,-0.038729285,0.002002561,0.006449468,-0.002317365,0.033929300,0.028069502,-0.082332604,0.040685082,0.003460877,0.399596552,0.012102464,-0.036084747,0.015099975,0.022252436,-0.057305324,-0.837787646,0.010026458,0.997244576,0.257046010,0.029072573,-0.020947526,-0.006076528,0.093906775,0.033661740,-0.212301031,-0.221339872,-0.019499259
5350,5.350000,step_2,0,5.351000,0.008607436,0.006970607,0.008155664,0.009742610,0.056867500,0.233360776,0.022730000,0.057197845,0.233216620,0.014130113,0.148132424,-0.230337808,0.032708944,0.149189022,-0.230516462,0.025821198,0.669140851,-0.228090998,0.047027580,-0.188516134,0.033293605,0.051604201,0.006811252,-0.027132895,0.222749579,-0.021147887,0.772344969,-0.020673493,-0.049971441,-0.024346757,0.035807428,-0.038837791,0.002012328,0.006454319,-0.002322002,0.034087354,0.028322156,-0.082545962,0.040693226,0.003460998,0.399954218,0.012117761,-0.036105038,0.015222393,0.020778042,-0.056473257,-0.837849142,0.010301168,0.997256680,0.256160201,0.027342332,-0.020864358,-0.006083507,0.093717301,0.033629903,-0.212126468,-0.221231617,-0.019414501
5360,5.360000,step_2,0,5.361000,0.008595843,0.006953080,0.007919291,0.009754243,0.056867500,0.233360776,0.022730000,0.057116507,0.233258481,0.014138373,0.148132424,-0.230337808,0.032708944,0.149176739,-0.230517836,0.025837094,0.670060735,-0.228533476,0.047049749,-0.188864037,0.033294584,0.051532267,0.006502678,-0.027537244,0.222752248,-0.021136210,0.772703955,-0.020672766,-0.049961516,-0.024333191,0.036000529,-0.038938118,0.002021451,0.006461806,-0.002326017,0.034236950,0.028557662,-0.082758421,0.040701232,0.003461091,0.400311540,0.012133060,-0.036124990,0.015345819,0.019342946,-0.055663905,-0.837908756,0.010561533,0.997268196,0.255298653,0.025657185,-0.020768794,-0.006093108,0.093529243,0.033594166,-0.211953542,-0.221120095,-0.019315015
5370,5.370000,step_2,0,5.371000,0.008586058,0.006935600,0.007761362,0.009766776,0.056867500,0.233360776,0.022730000,0.057042076,0.233296785,0.014145955,0.148132424,-0.230337808,0.032708944,0.149164771,-0.230519155,0.025853003,0.671019733,-0.228998672,0.047072654,-0.189245392,0.033296023,0.051462126,0.006201541,-0.028075032,0.222783662,-0.021120701,0.772990573,-0.020672427,-0.049951224,-0.024317311,0.036179503,-0.039030515,0.002029942,0.006471784,-0.002329436,0.034378279,0.028776493,-0.082969880,0.040709082,0.003461164,0.400668454,0.012148350,-0.036144577,0.015470335,0.017950693,-0.054879369,-0.837966402,0.010806651,0.997278993,0.254463117,0.024021370,-0.020665388,-0.006104143,0.093342976,0.033550849,-0.211782910,-0.221007424,-0.019212494
5380,5.380000,step_2,0,5.381000,0.008577836,0.006918169,0.007679001,0.009779382,0.056867500,0.233360776,0.022730000,0.056974309,0.233331654,0.014152879,0.148132424,-0.230337808,0.032708944,0.149153122,-0.230520416,0.025868922,0.672027646,-0.229491970,0.047096524,-0.189664356,0.033297919,0.051393870,0.005908551,-0.028695975,0.222835671,-0.021102354,0.773232553,-0.020672325,-0.049940801,-0.024301000,0.036344799,-0.039115248,0.002037811,0.006484097,-0.002332280,0.034511553,0.028979165,-0.083180290,0.040716766,0.003461224,0.401024889,0.012163620,-0.036163793,0.015595932,0.016604895,-0.054121787,-0.838021993,0.011035612,0.997288939,0.253655364,0.022439201,-0.020559529,-0.006115485,0.093158308,0.033501713,-0.211614319,-0.220895300,-0.019113078
5390,5.390000,step_2,0,5.391000,0.008570955,0.006900789,0.007666410,0.009791643,0.056867500,0.233360776,0.022730000,0.056912942,0.233363224,0.014159166,0.148132424,-0.230337808,0.032708944,0.149141785,-0.230521620,0.025884847,0.673094632,-0.230018951,0.047121597,-0.190125216,0.033300270,0.051327594,0.005624432,-0.029348641,0.222897107,-0.021082660,0.773456856,-0.020672337,-0.049930423,-0.024285231,0.036496903,-0.039192607,0.002045073,0.006498583,-0.002334576,0.034637007,0.029166239,-0.083389648,0.040724287,0.003461279,0.401380805,0.012178863,-0.036182642,0.015722567,0.015309225,-0.053393340,-0.838075445,0.011247489,0.997297895,0.252877186,0.020915070,-0.020454653,-0.006126471,0.092974918,0.033449474,-0.211447296,-0.220784600,-0.019018685
5400,5.400000,step_2,0,5.401000,0.008565219,0.006883458,0.007715315,0.009803442,0.056867500,0.233360776,0.022730000,0.056857695,0.233391640,0.014164842,0.148132424,-0.230337808,0.032708944,0.149130748,-0.230522770,0.025900778,0.674231216,-0.230585399,0.047148115,-0.190632396,0.033303071,0.051263391,0.005349922,-0.030002154,0.222960078,-0.021062714,0.773679253,-0.020672396,-0.049920184,-0.024270301,0.036636336,-0.039262904,0.002051741,0.006515068,-0.002336351,0.034754893,0.029338322,-0.083597973,0.040731649,0.003461329,0.401736180,0.012194078,-0.036201135,0.015850192,0.014067421,-0.052696245,-0.838126675,0.011441347,0.997305718,0.252130392,0.019453446,-0.020352182,-0.006136855,0.092792564,0.033396046,-0.211281480,-0.220675578,-0.018929129
5410,5.410000,step_2,0,5.411000,0.008560456,0.006866173,0.007815694,0.009814806,0.056867500,0.233360776,0.022730000,0.056808269,0.233417053,0.014169934,0.148132424,-0.230337808,0.032708944,0.149119999,-0.230523866,0.025916712,0.675448288,-0.231197299,0.047176335,-0.191190456,0.033306321,0.051201355,0.005085770,-0.030644503,0.223020882,-0.021043045,0.773905675,-0.020672480,-0.049910108,-0.024256173,0.036763661,-0.039326469,0.002057833,0.006533369,-0.002337633,0.034865489,0.029496063,-0.083805291,0.040738860,0.003461374,0.402091009,0.012209264,-0.036219283,0.015978761,0.012883283,-0.052032760,-0.838175601,0.011616237,0.997312262,0.251416813,0.018058875,-0.020252321,-0.006146640,0.092611121,0.033342323,-0.211116693,-0.220568166,-0.018843626
5420,5.420000,step_2,0,5.421000,0.008556514,0.006848934,0.007956613,0.009825805,0.056867500,0.233360776,0.022730000,0.056764342,0.233439630,0.014174472,0.148132424,-0.230337808,0.032708944,0.149109526,-0.230524913,0.025932649,0.676757113,-0.231860843,0.047206517,-0.191804093,0.033310013,0.051141579,0.004832737,-0.031274370,0.223078712,-0.021023781,0.774136616,-0.020672588,-0.049900188,-0.024242718,0.036879474,-0.039383657,0.002063366,0.006553293,-0.002338450,0.034969091,0.029640160,-0.084011626,0.040745925,0.003461416,0.402445291,0.012224423,-0.036237095,0.016108239,0.011760678,-0.051405183,-0.838222142,0.011771199,0.997317374,0.250738298,0.016735980,-0.020154798,-0.006155912,0.092430553,0.033288531,-0.210952888,-0.220462202,-0.018761495
5430,5.430000,step_2,0,5.431000,0.008553261,0.006831740,0.008126977,0.009836493,0.056867500,0.233360776,0.022730000,0.056725576,0.233459543,0.014178487,0.148132424,-0.230337808,0.032708944,0.149099323,-0.230525911,0.025948589,0.678169333,-0.232582432,0.047238934,-0.192478144,0.033314144,0.051084156,0.004591598,-0.031894297,0.223134082,-0.021004855,0.774370686,-0.020672727,-0.049890407,-0.024229824,0.036984413,-0.039434846,0.002068358,0.006574638,-0.002338833,0.035066020,0.029771356,-0.084217001,0.040752848,0.003461453,0.402799025,0.012239557,-0.036254580,0.016238596,0.010703534,-0.050815849,-0.838266223,0.011905262,0.997320900,0.250096715,0.015489460,-0.020059285,-0.006164762,0.092250867,0.033234605,-0.210790081,-0.220357548,-0.018682335
5440,5.440000,step_2,0,5.441000,0.008550584,0.006814588,0.008316102,0.009846903,0.056867500,0.233360776,0.022730000,0.056691610,0.233476977,0.014182015,0.148132424,-0.230337808,0.032708944,0.149089379,-0.230526863,0.025964531,0.679696973,-0.233368680,0.047273866,-0.193217584,0.033318706,0.051029180,0.004363140,-0.032507023,0.223187777,-0.020986159,0.774606462,-0.020672903,-0.049880748,-0.024217427,0.037079156,-0.039480436,0.002072832,0.006597192,-0.002338814,0.035156619,0.029890444,-0.084421433,0.040759634,0.003461484,0.403152209,0.012254665,-0.036271745,0.016369802,0.009715844,-0.050267135,-0.838307766,0.012017444,0.997322677,0.249493948,0.014324094,-0.019965546,-0.006173248,0.092072080,0.033180420,-0.210628298,-0.220254121,-0.018605960
5450,5.450000,step_2,0,5.451000,0.008548386,0.006797478,0.008514073,0.009857050,0.056867500,0.233360776,0.022730000,0.056662065,0.233492128,0.014185092,0.148132424,-0.230337808,0.032708944,0.149079687,-0.230527769,0.025980474,0.681352444,-0.234226414,0.047311603,-0.194027535,0.033323695,0.050976742,0.004148162,-0.033114290,0.223240376,-0.020967609,0.774843070,-0.020673118,-0.049871205,-0.024205497,0.037164420,-0.039520849,0.002076808,0.006620731,-0.002338427,0.035241252,0.029998262,-0.084624941,0.040766286,0.003461511,0.403504840,0.012269749,-0.036288597,0.016501832,0.008801664,-0.049761455,-0.838346697,0.012106751,0.997322540,0.248931902,0.013244734,-0.019873454,-0.006181401,0.091894203,0.033125888,-0.210467557,-0.220151877,-0.018532301
5460,5.460000,step_2,0,5.461000,0.008546584,0.006780408,0.008711932,0.009866936,0.056867500,0.233360776,0.022730000,0.056636540,0.233505201,0.014187758,0.148132424,-0.230337808,0.032708944,0.149070241,-0.230528631,0.025996417,0.683148553,-0.235162680,0.047352444,-0.194913260,0.033329103,0.050926935,0.003947476,-0.033716870,0.223292175,-0.020949164,0.775080137,-0.020673374,-0.049861771,-0.024194021,0.037240963,-0.039556533,0.002080310,0.006645024,-0.002337706,0.035320309,0.030095701,-0.084827539,0.040772809,0.003461533,0.403856914,0.012284809,-0.036305142,0.016634658,0.007965117,-0.049301265,-0.838382946,0.012172182,0.997320318,0.248412496,0.012256312,-0.019782942,-0.006189232,0.091717242,0.033070974,-0.210307862,-0.220050800,-0.018461322
5470,5.470000,step_2,0,5.471000,0.008545106,0.006763378,0.008901723,0.009876564,0.056867500,0.233360776,0.022730000,0.056614613,0.233516412,0.014190055,0.148132424,-0.230337808,0.032708944,0.149061032,-0.230529450,0.026012360,0.685098505,-0.236184744,0.047396699,-0.195880169,0.033334922,0.050879851,0.003761905,-0.034314974,0.223343260,-0.020930811,0.775317582,-0.020673668,-0.049852447,-0.024182995,0.037309584,-0.039587959,0.002083365,0.006669827,-0.002336687,0.035394204,0.030183700,-0.085029243,0.040779204,0.003461551,0.404208427,0.012299845,-0.036321386,0.016768254,0.007210385,-0.048889058,-0.838416443,0.012212720,0.997315835,0.247937671,0.011363837,-0.019693974,-0.006196746,0.091541195,0.033015676,-0.210149208,-0.219950878,-0.018392987
5480,5.480000,step_2,0,5.481000,0.008543891,0.006746386,0.009076475,0.009885934,0.056867500,0.233360776,0.022730000,0.056595840,0.233525989,0.014192027,0.148132424,-0.230337808,0.032708944,0.149052054,-0.230530228,0.026028301,0.687215909,-0.237300099,0.047444686,-0.196933822,0.033341145,0.050835580,0.003592288,-0.034908599,0.223393624,-0.020912553,0.775555424,-0.020674001,-0.049843231,-0.024172410,0.037371125,-0.039615620,0.002085997,0.006694887,-0.002335407,0.035463373,0.030263247,-0.085230069,0.040785477,0.003461564,0.404559377,0.012314856,-0.036337336,0.016902595,0.006541717,-0.048527369,-0.838447119,0.012227342,0.997308910,0.247509380,0.010572395,-0.019606517,-0.006203948,0.091366055,0.032960007,-0.209991588,-0.219852099,-0.018327247
5490,5.490000,step_2,0,5.491000,0.008542887,0.006729432,0.009230138,0.009895051,0.056867500,0.233360776,0.022730000,0.056579756,0.233534170,0.014193721,0.148132424,-0.230337808,0.032708944,0.149043299,-0.230530966,0.026044241,0.689514786,-0.238516461,0.047496735,-0.198079929,0.033347763,0.050794214,0.003439473,-0.035497720,0.223443235,-0.020894396,0.775793693,-0.020674371,-0.049834123,-0.024162259,0.037426471,-0.039640038,0.002088237,0.006719940,-0.002333906,0.035528278,0.030335386,-0.085430032,0.040791629,0.003461573,0.404909758,0.012329845,-0.036352998,0.017037655,0.005963427,-0.048218770,-0.838474910,0.012215012,0.997299357,0.247129596,0.009887151,-0.019520536,-0.006210843,0.091191817,0.032903984,-0.209834992,-0.219754449,-0.018264043
5500,5.500000,step_2,0,5.501000,0.008542048,0.006712516,0.009357516,0.009903919,0.056867500,0.233360776,0.022730000,0.056565874,0.233541206,0.014195186,0.148132424,-0.230337808,0.032708944,0.149034762,-0.230531665,0.026060179,0.692009573,-0.239841781,0.047553187,-0.199324355,0.033354766,0.050755843,0.003304322,-0.036082356,0.223492075,-0.020876345,0.776032391,-0.020674776,-0.049825120,-0.024152530,0.037476550,-0.039661758,0.002090113,0.006744711,-0.002332224,0.035589405,0.030401210,-0.085629146,0.040797664,0.003461578,0.405259569,0.012344810,-0.036368379,0.017173409,0.005479890,-0.047965873,-0.838499751,0.012174683,0.997286983,0.246800307,0.009313345,-0.019435992,-0.006217440,0.091018475,0.032847621,-0.209679410,-0.219657912,-0.018203313
5510,5.510000,step_2,0,5.511000,0.008541333,0.006695635,0.009454210,0.009912543,0.056867500,0.233360776,0.022730000,0.056553685,0.233547358,0.014196473,0.148132424,-0.230337808,0.032708944,0.149026434,-0.230532326,0.026076114,0.694715134,-0.241284243,0.047614391,-0.200673119,0.033362144,0.050720556,0.003187710,-0.036662572,0.223540143,-0.020858400,0.776271498,-0.020675217,-0.049816223,-0.024143215,0.037522333,-0.039681349,0.002091658,0.006768915,-0.002330402,0.035647267,0.030461865,-0.085827425,0.040803586,0.003461579,0.405608805,0.012359752,-0.036383483,0.017309834,0.005095546,-0.047771332,-0.838521580,0.012105297,0.997271588,0.246523520,0.008856301,-0.019352844,-0.006223747,0.090846025,0.032790930,-0.209524836,-0.219562468,-0.018144995
5520,5.520000,step_2,0,5.521000,0.008540705,0.006678790,0.009516585,0.009920928,0.056867500,0.233360776,0.022730000,0.056542657,0.233552899,0.014197637,0.148132424,-0.230337808,0.032708944,0.149018312,-0.230532950,0.026092045,0.697646757,-0.242852267,0.047680711,-0.202132401,0.033369886,0.050688443,0.003090525,-0.037238460,0.223587453,-0.020840561,0.776510977,-0.020675692,-0.049807429,-0.024134301,0.037564837,-0.039699407,0.002092904,0.006792256,-0.002328484,0.035702401,0.030518553,-0.086024883,0.040809397,0.003461577,0.405957463,0.012374671,-0.036398317,0.017446906,0.004814900,-0.047637838,-0.838540335,0.012005784,0.997252970,0.246301254,0.008521420,-0.019271051,-0.006229773,0.090674460,0.032733922,-0.209371263,-0.219468099,-0.018089028
5530,5.530000,step_2,0,5.531000,0.008540132,0.006661979,0.009546745,0.009929081,0.056867500,0.233360776,0.022730000,0.056532258,0.233558101,0.014198733,0.148132424,-0.230337808,0.032708944,0.149010387,-0.230533539,0.026107971,0.700287955,-0.244284785,0.047741360,-0.203425518,0.033376600,0.050667508,0.003034393,-0.037810122,0.223634026,-0.020822826,0.776750789,-0.020676202,-0.049798736,-0.024125778,0.037605130,-0.039716550,0.002093894,0.006814467,-0.002326473,0.035755504,0.030572726,-0.086221533,0.040815100,0.003461571,0.406305541,0.012389567,-0.036412887,0.017584602,0.004644039,-0.047565465,-0.838553081,0.011892116,0.997240688,0.246170161,0.008364519,-0.019190573,-0.006235527,0.090503778,0.032676605,-0.209218683,-0.219374787,-0.018035353
5540,5.540000,step_2,0,5.541000,0.008539589,0.006645203,0.009559978,0.009937006,0.056867500,0.233360776,0.022730000,0.056522148,0.233563156,0.014199797,0.148132424,-0.230337808,0.032708944,0.149002654,-0.230534093,0.026123893,0.701374108,-0.244882687,0.047764724,-0.203904961,0.033377028,0.050661862,0.003014461,-0.038377655,0.223679884,-0.020805194,0.776990896,-0.020676744,-0.049790143,-0.024117636,0.037644260,-0.039733267,0.002094738,0.006835867,-0.002324348,0.035807525,0.030625909,-0.086417388,0.040820698,0.003461561,0.406653035,0.012404441,-0.036427198,0.017722900,0.004564756,-0.047528703,-0.838553382,0.011843983,0.997223393,0.246109167,0.008291374,-0.019111372,-0.006241018,0.090333972,0.032618986,-0.209067090,-0.219282515,-0.017983913
5550,5.550000,step_2,0,5.551000,0.008539069,0.006628459,0.009569677,0.009944707,0.056867500,0.233360776,0.022730000,0.056512221,0.233568137,0.014200845,0.148132424,-0.230337808,0.032708944,0.148995108,-0.230534614,0.026139810,0.701574379,-0.244953718,0.047764795,-0.203926540,0.033374257,0.050661684,0.003002490,-0.038941153,0.223725046,-0.020787661,0.777231261,-0.020677319,-0.049781648,-0.024109866,0.037682825,-0.039749743,0.002095536,0.006857094,-0.002322200,0.035858780,0.030678272,-0.086612461,0.040826194,0.003461549,0.406999943,0.012419293,-0.036441256,0.017861778,0.004519878,-0.047499009,-0.838546758,0.011847183,0.997198129,0.246057796,0.008208079,-0.019033408,-0.006246254,0.090165040,0.032561076,-0.208916477,-0.219191266,-0.017934654
5560,5.560000,step_2,0,5.561000,0.008538571,0.006611749,0.009582326,0.009952192,0.056867500,0.233360776,0.022730000,0.056502493,0.233573042,0.014201876,0.148132424,-0.230337808,0.032708944,0.148987743,-0.230535103,0.026155721,0.701503523,-0.244845030,0.047757042,-0.203810249,0.033370655,0.050662890,0.002988450,-0.039500706,0.223769532,-0.020770228,0.777471849,-0.020677927,-0.049773251,-0.024102459,0.037720962,-0.039765966,0.002096325,0.006878481,-0.002320087,0.035909262,0.030729613,-0.086806764,0.040831592,0.003461533,0.407346261,0.012434122,-0.036455065,0.018001214,0.004476218,-0.047463731,-0.838538392,0.011870549,0.997169548,0.245999297,0.008101208,-0.018956648,-0.006251242,0.089996975,0.032502880,-0.208766839,-0.219101023,-0.017887522
5570,5.570000,step_2,0,5.571000,0.008538095,0.006595071,0.009598639,0.009959463,0.056867500,0.233360776,0.022730000,0.056493005,0.233577840,0.014202884,0.148132424,-0.230337808,0.032708944,0.148980553,-0.230535561,0.026171625,0.701462939,-0.244755781,0.047750241,-0.203711821,0.033367322,0.050662940,0.002970413,-0.040056399,0.223813358,-0.020752892,0.777712628,-0.020678565,-0.049764949,-0.024095404,0.037758615,-0.039781867,0.002097107,0.006900119,-0.002318024,0.035958862,0.030779728,-0.087000309,0.040836892,0.003461514,0.407691988,0.012448930,-0.036468632,0.018141189,0.004423873,-0.047421107,-0.838530792,0.011895776,0.997140628,0.245930013,0.007977974,-0.018881054,-0.006255989,0.089829774,0.032444408,-0.208618167,-0.219011771,-0.017842465
5580,5.580000,step_2,0,5.581000,0.008537643,0.006578425,0.009617160,0.009966527,0.056867500,0.233360776,0.022730000,0.056483786,0.233582507,0.014203867,0.148132424,-0.230337808,0.032708944,0.148973533,-0.230535988,0.026187523,0.701530379,-0.244748160,0.047747125,-0.203670723,0.033364519,0.050661496,0.002949700,-0.040608313,0.223856541,-0.020735652,0.777953567,-0.020679234,-0.049756740,-0.024088693,0.037795700,-0.039797387,0.002097870,0.006921982,-0.002316007,0.036007493,0.030828512,-0.087193107,0.040842098,0.003461492,0.408037119,0.012463715,-0.036481961,0.018281682,0.004364277,-0.047374015,-0.838524454,0.011916329,0.997112665,0.245854606,0.007848754,-0.018806595,-0.006260504,0.089663432,0.032385667,-0.208470455,-0.218923493,-0.017799433
5590,5.590000,step_2,0,5.591000,0.008537213,0.006561810,0.009636253,0.009973388,0.056867500,0.233360776,0.022730000,0.056474845,0.233587033,0.014204823,0.148132424,-0.230337808,0.032708944,0.148966679,-0.230536385,0.026203413,0.701682166,-0.244809337,0.047747114,-0.203674081,0.033362128,0.050659172,0.002928061,-0.041156528,0.223899095,-0.020718507,0.778194636,-0.020679933,-0.049748625,-0.024082317,0.037832168,-0.039812499,0.002098601,0.006944020,-0.002314025,0.036055117,0.030875949,-0.087385170,0.040847213,0.003461467,0.408381654,0.012478479,-0.036495057,0.018422674,0.004301709,-0.047325783,-0.838518969,0.011932055,0.997085751,0.245778270,0.007720468,-0.018733237,-0.006264792,0.089497944,0.032326665,-0.208323697,-0.218836175,-0.017758375
5600,5.600000,step_2,0,5.601000,0.008536806,0.006545226,0.009654904,0.009980051,0.056867500,0.233360776,0.022730000,0.056466177,0.233591417,0.014205752,0.148132424,-0.230337808,0.032708944,0.148959985,-0.230536755,0.026219295,0.701873604,-0.244905056,0.047748663,-0.203698446,0.033359945,0.050656609,0.002906633,-0.041701121,0.223941036,-0.020701455,0.778435806,-0.020680662,-0.049740601,-0.024076269,0.037868009,-0.039827207,0.002099294,0.006966194,-0.002312072,0.036101741,0.030922068,-0.087576507,0.040852238,0.003461440,0.408725589,0.012493221,-0.036507925,0.018564144,0.004239486,-0.047278497,-0.838513768,0.011944827,0.997059513,0.245704259,0.007596019,-0.018660947,-0.006268862,0.089333306,0.032267408,-0.208177885,-0.218749801,-0.017719245
5610,5.610000,step_2,0,5.611000,0.008536419,0.006528672,0.009672749,0.009986520,0.056867500,0.233360776,0.022730000,0.056457773,0.233595666,0.014206655,0.148132424,-0.230337808,0.032708944,0.148953446,-0.230537096,0.026235169,0.702072538,-0.245007654,0.047750528,-0.203727076,0.033357824,0.050654217,0.002885875,-0.042242167,0.223982379,-0.020684496,0.778677048,-0.020681420,-0.049732666,-0.024070539,0.037903236,-0.039841525,0.002099948,0.006988486,-0.002310145,0.036147393,0.030966913,-0.087767130,0.040857176,0.003461410,0.409068921,0.012507942,-0.036520570,0.018706075,0.004179204,-0.047232916,-0.838508470,0.011956347,0.997033590,0.245633769,0.007475819,-0.018589695,-0.006272719,0.089169513,0.032207905,-0.208033014,-0.218664356,-0.017681995
5620,5.620000,step_2,0,5.621000,0.008536052,0.006512148,0.009689806,0.009992802,0.056867500,0.233360776,0.022730000,0.056449622,0.233599786,0.014207534,0.148132424,-0.230337808,0.032708944,0.148947058,-0.230537411,0.026251033,0.702264315,-0.245103404,0.047752090,-0.203752392,0.033355700,0.050652140,0.002865842,-0.042779738,0.224023137,-0.020667627,0.778918335,-0.020682206,-0.049724820,-0.024065120,0.037937872,-0.039855471,0.002100566,0.007010888,-0.002308244,0.036192105,0.031010523,-0.087957049,0.040862030,0.003461377,0.409411649,0.012522641,-0.036532996,0.018848447,0.004121235,-0.047188998,-0.838502919,0.011967552,0.997007780,0.245566727,0.007359313,-0.018519452,-0.006276370,0.089006561,0.032148163,-0.207889076,-0.218579826,-0.017646579
5630,5.630000,step_2,0,5.631000,0.008535702,0.006495654,0.009706225,0.009998899,0.056867500,0.233360776,0.022730000,0.056441715,0.233603784,0.014208388,0.148132424,-0.230337808,0.032708944,0.148940816,-0.230537700,0.026266889,0.702445899,-0.245189321,0.047753216,-0.203772850,0.033353561,0.050650371,0.002846435,-0.043313906,0.224063326,-0.020650849,0.779159640,-0.020683020,-0.049717062,-0.024060005,0.037971938,-0.039869060,0.002101148,0.007033400,-0.002306368,0.036235904,0.031052934,-0.088146274,0.040866802,0.003461342,0.409753771,0.012537319,-0.036545208,0.018991244,0.004065397,-0.047146418,-0.838497110,0.011978748,0.996982026,0.245502612,0.007245859,-0.018450187,-0.006279821,0.088844446,0.032088187,-0.207746066,-0.218496197,-0.017612953
5640,5.640000,step_2,0,5.641000,0.008535369,0.006479189,0.009722145,0.010004817,0.056867500,0.233360776,0.022730000,0.056434043,0.233607665,0.014209220,0.148132424,-0.230337808,0.032708944,0.148934716,-0.230537963,0.026282735,0.702619147,-0.245267542,0.047754006,-0.203789428,0.033351418,0.050648845,0.002827547,-0.043844739,0.224102958,-0.020634159,0.779400938,-0.020683861,-0.049709390,-0.024055184,0.038005456,-0.039882305,0.002101697,0.007056021,-0.002304519,0.036278815,0.031094173,-0.088334815,0.040871493,0.003461305,0.410095283,0.012551976,-0.036557211,0.019134448,0.004011398,-0.047104875,-0.838491091,0.011989922,0.996956345,0.245440943,0.007135033,-0.018381873,-0.006283078,0.088683161,0.032027985,-0.207603975,-0.218413456,-0.017581073
5650,5.650000,step_2,0,5.651000,0.008535052,0.006462754,0.009737645,0.010010560,0.056867500,0.233360776,0.022730000,0.056426600,0.233611431,0.014210029,0.148132424,-0.230337808,0.032708944,0.148928754,-0.230538202,0.026298571,0.702786672,-0.245341174,0.047754600,-0.203803479,0.033349285,0.050647504,0.002809105,-0.044372305,0.224142047,-0.020617556,0.779642203,-0.020684728,-0.049701802,-0.024050651,0.038038441,-0.039895214,0.002102215,0.007078752,-0.002302697,0.036320858,0.031134269,-0.088522680,0.040876106,0.003461266,0.410436184,0.012566611,-0.036569008,0.019278041,0.003959014,-0.047064191,-0.838484914,0.012000974,0.996930772,0.245381428,0.007026630,-0.018314482,-0.006286148,0.088522704,0.031967563,-0.207462799,-0.218331587,-0.017550897
5660,5.660000,step_2,0,5.661000,0.008534750,0.006446346,0.009752756,0.010016133,0.056867500,0.233360776,0.022730000,0.056419378,0.233615087,0.014210817,0.148132424,-0.230337808,0.032708944,0.148922926,-0.230538418,0.026314396,0.702950254,-0.245412397,0.047755098,-0.203815916,0.033347171,0.050646316,0.002791078,-0.044896667,0.224180606,-0.020601040,0.779883410,-0.020685622,-0.049694298,-0.024046399,0.038070909,-0.039907796,0.002102701,0.007101589,-0.002300902,0.036362049,0.031173244,-0.088709878,0.040880643,0.003461224,0.410776471,0.012581226,-0.036580604,0.019422007,0.003908119,-0.047024298,-0.838478608,0.012011820,0.996905332,0.245323947,0.006920576,-0.018247987,-0.006289036,0.088363069,0.031906928,-0.207322530,-0.218250578,-0.017522384
5670,5.670000,step_2,0,5.671000,0.008534462,0.006429967,0.009767484,0.010021540,0.056867500,0.233360776,0.022730000,0.056412371,0.233618634,0.014211584,0.148132424,-0.230337808,0.032708944,0.148917227,-0.230538610,0.026330210,0.703110709,-0.245482172,0.047755544,-0.203827143,0.033345080,0.050645268,0.002773453,-0.045417890,0.224218647,-0.020584609,0.780124538,-0.020686541,-0.049686877,-0.024042421,0.038102875,-0.039920060,0.002103157,0.007124532,-0.002299135,0.036402406,0.031211124,-0.088896420,0.040885106,0.003461181,0.411116143,0.012595819,-0.036592004,0.019566330,0.003858653,-0.046985183,-0.838472186,0.012022421,0.996880034,0.245268470,0.006816840,-0.018182363,-0.006291747,0.088204252,0.031846085,-0.207183162,-0.218170416,-0.017495493
5680,5.680000,step_2,0,5.681000,0.008534187,0.006413617,0.009781825,0.010026785,0.056867500,0.233360776,0.022730000,0.056405572,0.233622077,0.014212330,0.148132424,-0.230337808,0.032708944,0.148911655,-0.230538781,0.026346013,0.703268249,-0.245550646,0.047755943,-0.203837257,0.033343011,0.050644358,0.002756225,-0.045936034,0.224256182,-0.020568263,0.780365562,-0.020687486,-0.049679537,-0.024038710,0.038134353,-0.039932014,0.002103583,0.007147578,-0.002297394,0.036441946,0.031247932,-0.089082313,0.040889497,0.003461136,0.411455198,0.012610391,-0.036603210,0.019710994,0.003810583,-0.046946851,-0.838465647,0.012032773,0.996854877,0.245214994,0.006715396,-0.018117585,-0.006294287,0.088046249,0.031785041,-0.207044689,-0.218091089,-0.017470186
5690,5.690000,step_2,0,5.691000,0.008533925,0.006397294,0.009795781,0.010031873,0.056867500,0.233360776,0.022730000,0.056398976,0.233625418,0.014213057,0.148132424,-0.230337808,0.032708944,0.148906204,-0.230538930,0.026361804,0.703422853,-0.245617633,0.047756287,-0.203846230,0.033340963,0.050643590,0.002739388,-0.046451159,0.224293224,-0.020551999,0.780606461,-0.020688455,-0.049672277,-0.024035258,0.038165356,-0.039943665,0.002103981,0.007170724,-0.002295680,0.036480685,0.031283692,-0.089267565,0.040893818,0.003461088,0.411793634,0.012624942,-0.036614228,0.019855984,0.003763882,-0.046909300,-0.838458991,0.012042884,0.996829855,0.245163506,0.006616208,-0.018053628,-0.006296662,0.087889055,0.031723801,-0.206907104,-0.218012582,-0.017446424
5700,5.700000,step_2,0,5.701000,0.008533674,0.006380998,0.009809356,0.010036807,0.056867500,0.233360776,0.022730000,0.056392577,0.233628661,0.014213764,0.148132424,-0.230337808,0.032708944,0.148900872,-0.230539058,0.026377584,0.703574473,-0.245682927,0.047756566,-0.203854025,0.033338935,0.050642962,0.002722936,-0.046963322,0.224329784,-0.020535818,0.780847213,-0.020689448,-0.049665096,-0.024032061,0.038195899,-0.039955022,0.002104350,0.007193968,-0.002293993,0.036518642,0.031318428,-0.089452185,0.040898070,0.003461040,0.412131448,0.012639472,-0.036625060,0.020001284,0.003718519,-0.046872519,-0.838452215,0.012052768,0.996804962,0.245113980,0.006519225,-0.017990470,-0.006298875,0.087732665,0.031662371,-0.206770401,-0.217934885,-0.017424171
5710,5.710000,step_2,0,5.711000,0.008533434,0.006364730,0.009822558,0.010041592,0.056867500,0.233360776,0.022730000,0.056386367,0.233631807,0.014214453,0.148132424,-0.230337808,0.032708944,0.148895654,-0.230539166,0.026393350,0.703723110,-0.245746421,0.047756775,-0.203860630,0.033336926,0.050642475,0.002706860,-0.047472580,0.224365873,-0.020519717,0.781087799,-0.020690465,-0.049657993,-0.024029111,0.038225994,-0.039966093,0.002104691,0.007217309,-0.002292331,0.036555833,0.031352161,-0.089636180,0.040902255,0.003460989,0.412468639,0.012653982,-0.036635712,0.020146880,0.003674461,-0.046836487,-0.838445320,0.012062437,0.996780193,0.245066374,0.006424395,-0.017928086,-0.006300933,0.087577075,0.031600757,-0.206634573,-0.217857986,-0.017403388
5720,5.720000,step_2,0,5.721000,0.008533204,0.006348489,0.009835399,0.010046231,0.056867500,0.233360776,0.022730000,0.056380343,0.233634862,0.014215123,0.148132424,-0.230337808,0.032708944,0.148890549,-0.230539254,0.026409104,0.703868816,-0.245808108,0.047756914,-0.203866060,0.033334935,0.050642124,0.002691152,-0.047978987,0.224401502,-0.020503697,0.781328198,-0.020691505,-0.049650966,-0.024026403,0.038255655,-0.039976886,0.002105006,0.007240743,-0.002290697,0.036592273,0.031384915,-0.089819558,0.040906376,0.003460937,0.412805206,0.012668470,-0.036646186,0.020292757,0.003631670,-0.046801183,-0.838438308,0.012071899,0.996755546,0.245020643,0.006331664,-0.017866455,-0.006302840,0.087422281,0.031538964,-0.206499615,-0.217781871,-0.017384042
5730,5.730000,step_2,0,5.731000,0.008532984,0.006332275,0.009847888,0.010050728,0.056867500,0.233360776,0.022730000,0.056374497,0.233637826,0.014215777,0.148132424,-0.230337808,0.032708944,0.148885551,-0.230539323,0.026424845,0.704011671,-0.245868038,0.047756986,-0.203870345,0.033332963,0.050641908,0.002675800,-0.048482595,0.224436681,-0.020487756,0.781568390,-0.020692568,-0.049644016,-0.024023929,0.038284894,-0.039987407,0.002105295,0.007264270,-0.002289088,0.036627979,0.031416709,-0.090002327,0.040910433,0.003460883,0.413141146,0.012682937,-0.036656486,0.020438902,0.003590109,-0.046766582,-0.838431180,0.012081161,0.996731019,0.244976741,0.006240980,-0.017805556,-0.006304601,0.087268277,0.031476997,-0.206365520,-0.217706530,-0.017366098
5740,5.740000,step_2,0,5.741000,0.008532772,0.006316087,0.009860034,0.010055088,0.056867500,0.233360776,0.022730000,0.056368826,0.233640702,0.014216413,0.148132424,-0.230337808,0.032708944,0.148880659,-0.230539375,0.026440573,0.704151762,-0.245926282,0.047756992,-0.203873520,0.033331008,0.050641821,0.002660797,-0.048983457,0.224471421,-0.020471893,0.781808357,-0.020693653,-0.049637140,-0.024021685,0.038313722,-0.039997665,0.002105558,0.007287887,-0.002287505,0.036662967,0.031447567,-0.090184493,0.040914428,0.003460828,0.413476459,0.012697384,-0.036666615,0.020585301,0.003549743,-0.046732664,-0.838423939,0.012090230,0.996706608,0.244934626,0.006152292,-0.017745367,-0.006306220,0.087115061,0.031414862,-0.206232282,-0.217631952,-0.017349523
5750,5.750000,step_2,0,5.751000,0.008532570,0.006299926,0.009871848,0.010059313,0.056867500,0.233360776,0.022730000,0.056363323,0.233643494,0.014217032,0.148132424,-0.230337808,0.032708944,0.148875869,-0.230539408,0.026456287,0.704289177,-0.245982905,0.047756936,-0.203875618,0.033329070,0.050641861,0.002646134,-0.049481622,0.224505733,-0.020456107,0.782048081,-0.020694759,-0.049630338,-0.024019665,0.038342152,-0.040007666,0.002105796,0.007311592,-0.002285947,0.036697251,0.031477508,-0.090366064,0.040918364,0.003460772,0.413811141,0.012711809,-0.036676578,0.020731940,0.003510536,-0.046699409,-0.838416588,0.012099110,0.996682313,0.244894256,0.006065552,-0.017685868,-0.006307701,0.086962627,0.031352564,-0.206099894,-0.217558125,-0.017334282
5760,5.760000,step_2,0,5.761000,0.008532375,0.006283792,0.009883338,0.010063408,0.056867500,0.233360776,0.022730000,0.056357983,0.233646204,0.014217635,0.148132424,-0.230337808,0.032708944,0.148871177,-0.230539424,0.026471986,0.704423995,-0.246037960,0.047756820,-0.203876670,0.033327150,0.050642024,0.002631801,-0.049977139,0.224539625,-0.020440397,0.782287545,-0.020695887,-0.049623609,-0.024017863,0.038370196,-0.040017417,0.002106010,0.007335385,-0.002284416,0.036730845,0.031506552,-0.090547046,0.040922241,0.003460714,0.414145193,0.012726214,-0.036686378,0.020878806,0.003472455,-0.046666797,-0.838409129,0.012107808,0.996658130,0.244855594,0.005980712,-0.017627040,-0.006309049,0.086810970,0.031290106,-0.205968352,-0.217485038,-0.017320345
5770,5.770000,step_2,0,5.771000,0.008532188,0.006267684,0.009894512,0.010067376,0.056867500,0.233360776,0.022730000,0.056352803,0.233648834,0.014218223,0.148132424,-0.230337808,0.032708944,0.148866582,-0.230539423,0.026487672,0.704556292,-0.246091493,0.047756646,-0.203876706,0.033325247,0.050642308,0.002617791,-0.050470055,0.224573107,-0.020424763,0.782526731,-0.020697036,-0.049616952,-0.024016274,0.038397864,-0.040026925,0.002106200,0.007359262,-0.002282909,0.036763766,0.031534718,-0.090727447,0.040926060,0.003460655,0.414478611,0.012740597,-0.036696017,0.021025887,0.003435469,-0.046634812,-0.838401563,0.012116328,0.996634058,0.244818600,0.005897728,-0.017568864,-0.006310269,0.086660088,0.031227495,-0.205837648,-0.217412681,-0.017307680
5780,5.780000,step_2,0,5.781000,0.008532008,0.006251602,0.009905378,0.010071221,0.056867500,0.233360776,0.022730000,0.056347776,0.233651387,0.014218796,0.148132424,-0.230337808,0.032708944,0.148862080,-0.230539406,0.026503343,0.704686140,-0.246143543,0.047756416,-0.203875752,0.033323361,0.050642709,0.002604096,-0.050960415,0.224606189,-0.020409204,0.782765622,-0.020698205,-0.049610365,-0.024014893,0.038425166,-0.040036196,0.002106367,0.007383222,-0.002281428,0.036796026,0.031562026,-0.090907272,0.040929825,0.003460595,0.414811396,0.012754960,-0.036705499,0.021173170,0.003399545,-0.046603435,-0.838393892,0.012124677,0.996610093,0.244783240,0.005816555,-0.017511320,-0.006311363,0.086509974,0.031164735,-0.205707776,-0.217341043,-0.017296257
5790,5.790000,step_2,0,5.791000,0.008531834,0.006235546,0.009915945,0.010074945,0.056867500,0.233360776,0.022730000,0.056342898,0.233653864,0.014219354,0.148132424,-0.230337808,0.032708944,0.148857668,-0.230539374,0.026518998,0.704813609,-0.246194148,0.047756131,-0.203873835,0.033321491,0.050643226,0.002590708,-0.051448264,0.224638879,-0.020393718,0.783004205,-0.020699395,-0.049603849,-0.024013713,0.038452115,-0.040045236,0.002106512,0.007407264,-0.002279972,0.036827640,0.031588495,-0.091086527,0.040933535,0.003460533,0.415143545,0.012769302,-0.036714828,0.021320643,0.003364654,-0.046572649,-0.838386119,0.012132859,0.996586234,0.244749477,0.005737148,-0.017454392,-0.006312336,0.086360625,0.031101831,-0.205578731,-0.217270114,-0.017286047
5800,5.800000,step_2,0,5.801000,0.008531667,0.006219516,0.009926220,0.010078553,0.056867500,0.233360776,0.022730000,0.056338165,0.233656269,0.014219898,0.148132424,-0.230337808,0.032708944,0.148853344,-0.230539326,0.026534639,0.704938766,-0.246243343,0.047755793,-0.203870981,0.033319638,0.050643855,0.002577620,-0.051933646,0.224671186,-0.020378305,0.783242461,-0.020700604,-0.049597401,-0.024012732,0.038478719,-0.040054052,0.002106634,0.007431387,-0.002278540,0.036858621,0.031614143,-0.091265219,0.040937192,0.003460471,0.415475057,0.012783622,-0.036724006,0.021468295,0.003330766,-0.046542438,-0.838378243,0.012140880,0.996562478,0.244717276,0.005659468,-0.017398062,-0.006313192,0.086212037,0.031038786,-0.205450507,-0.217199884,-0.017277019
5810,5.810000,step_2,0,5.811000,0.008531506,0.006203511,0.009936212,0.010082046,0.056867500,0.233360776,0.022730000,0.056333573,0.233658603,0.014220428,0.148132424,-0.230337808,0.032708944,0.148849105,-0.230539264,0.026550264,0.705061676,-0.246291167,0.047755403,-0.203867213,0.033317800,0.050644594,0.002564823,-0.052416602,0.224703119,-0.020362964,0.783480378,-0.020701832,-0.049591021,-0.024011943,0.038504989,-0.040062649,0.002106735,0.007455588,-0.002277134,0.036888982,0.031638986,-0.091443353,0.040940797,0.003460408,0.415805930,0.012797922,-0.036733036,0.021616113,0.003297853,-0.046512786,-0.838370268,0.012148745,0.996538823,0.244686603,0.005583471,-0.017342313,-0.006313935,0.086064205,0.030975605,-0.205323098,-0.217130343,-0.017269147
5820,5.820000,step_2,0,5.821000,0.008531350,0.006187532,0.009945928,0.010085430,0.056867500,0.233360776,0.022730000,0.056329117,0.233660869,0.014220945,0.148132424,-0.230337808,0.032708944,0.148844949,-0.230539187,0.026565874,0.705182403,-0.246337655,0.047754963,-0.203862557,0.033315978,0.050645440,0.002552312,-0.052897173,0.224734687,-0.020347695,0.783717941,-0.020703079,-0.049584709,-0.024011341,0.038530934,-0.040071034,0.002106816,0.007479866,-0.002275751,0.036918737,0.031663044,-0.091620936,0.040944353,0.003460343,0.416136165,0.012812201,-0.036741922,0.021764086,0.003265886,-0.046483677,-0.838362195,0.012156458,0.996515266,0.244657425,0.005509117,-0.017287129,-0.006314567,0.085917124,0.030912293,-0.205196497,-0.217061480,-0.017262402
5830,5.830000,step_2,0,5.831000,0.008531199,0.006171579,0.009955375,0.010088706,0.056867500,0.233360776,0.022730000,0.056324793,0.233663068,0.014221449,0.148132424,-0.230337808,0.032708944,0.148840873,-0.230539097,0.026581467,0.705301010,-0.246382843,0.047754474,-0.203857036,0.033314171,0.050646391,0.002540078,-0.053375398,0.224765896,-0.020332495,0.783955135,-0.020704345,-0.049578462,-0.024010923,0.038556563,-0.040079211,0.002106876,0.007504220,-0.002274393,0.036947897,0.031686332,-0.091797972,0.040947860,0.003460278,0.416465758,0.012826458,-0.036750666,0.021912204,0.003234839,-0.046455095,-0.838354026,0.012164024,0.996491806,0.244629709,0.005436369,-0.017232494,-0.006315093,0.085770792,0.030848853,-0.205070699,-0.216993288,-0.017256758
5840,5.840000,step_2,0,5.841000,0.008531053,0.006155651,0.009964561,0.010091877,0.056867500,0.233360776,0.022730000,0.056320597,0.233665202,0.014221940,0.148132424,-0.230337808,0.032708944,0.148836876,-0.230538993,0.026597044,0.705417557,-0.246426765,0.047753938,-0.203850673,0.033312379,0.050647444,0.002528116,-0.053851317,0.224796755,-0.020317366,0.784191948,-0.020705628,-0.049572282,-0.024010683,0.038581887,-0.040087187,0.002106916,0.007528648,-0.002273058,0.036976475,0.031708867,-0.091974468,0.040951318,0.003460212,0.416794709,0.012840695,-0.036759271,0.022060455,0.003204685,-0.046427026,-0.838345761,0.012171448,0.996468440,0.244603422,0.005365187,-0.017178391,-0.006315516,0.085625202,0.030785290,-0.204945699,-0.216925755,-0.017252189
5850,5.850000,step_2,0,5.851000,0.008530911,0.006139749,0.009973493,0.010094947,0.056867500,0.233360776,0.022730000,0.056316526,0.233667274,0.014222419,0.148132424,-0.230337808,0.032708944,0.148832953,-0.230538876,0.026612605,0.705532102,-0.246469455,0.047753356,-0.203843490,0.033310602,0.050648598,0.002516418,-0.054324967,0.224827272,-0.020302305,0.784428366,-0.020706930,-0.049566165,-0.024010618,0.038606912,-0.040094966,0.002106936,0.007553149,-0.002271747,0.037004484,0.031730666,-0.092150428,0.040954731,0.003460146,0.417123017,0.012854910,-0.036767741,0.022208830,0.003175400,-0.046399456,-0.838337402,0.012178734,0.996445166,0.244578536,0.005295535,-0.017124808,-0.006315839,0.085480352,0.030721608,-0.204821490,-0.216858874,-0.017248668
5860,5.860000,step_2,0,5.861000,0.008530774,0.006123872,0.009982178,0.010097919,0.056867500,0.233360776,0.022730000,0.056312575,0.233669285,0.014222886,0.148132424,-0.230337808,0.032708944,0.148829105,-0.230538747,0.026628149,0.705644702,-0.246510945,0.047752730,-0.203835508,0.033308840,0.050649849,0.002504978,-0.054796384,0.224857454,-0.020287312,0.784664377,-0.020708248,-0.049560113,-0.024010723,0.038631649,-0.040102554,0.002106938,0.007577722,-0.002270460,0.037031936,0.031751744,-0.092325858,0.040958098,0.003460078,0.417450681,0.012869105,-0.036776077,0.022357317,0.003146959,-0.046372369,-0.838328951,0.012185886,0.996421982,0.244555017,0.005227375,-0.017071728,-0.006316065,0.085336237,0.030657810,-0.204698067,-0.216792634,-0.017246172
5870,5.870000,step_2,0,5.871000,0.008530640,0.006108020,0.009990622,0.010100794,0.056867500,0.233360776,0.022730000,0.056308742,0.233671237,0.014223342,0.148132424,-0.230337808,0.032708944,0.148825327,-0.230538606,0.026643676,0.705755413,-0.246551267,0.047752060,-0.203826749,0.033307092,0.050651196,0.002493790,-0.055265603,0.224887308,-0.020272387,0.784899969,-0.020709584,-0.049554123,-0.024010994,0.038656105,-0.040109955,0.002106921,0.007602366,-0.002269196,0.037058840,0.031772116,-0.092500762,0.040961421,0.003460010,0.417777700,0.012883278,-0.036784282,0.022505906,0.003119337,-0.046345754,-0.838320409,0.012192908,0.996398885,0.244532838,0.005160674,-0.017019139,-0.006316198,0.085192852,0.030593900,-0.204575424,-0.216727028,-0.017244675
5880,5.880000,step_2,0,5.881000,0.008530511,0.006092193,0.009998833,0.010103577,0.056867500,0.233360776,0.022730000,0.056305022,0.233673132,0.014223786,0.148132424,-0.230337808,0.032708944,0.148821619,-0.230538453,0.026659186,0.705864287,-0.246590452,0.047751348,-0.203817232,0.033305357,0.050652636,0.002482848,-0.055732659,0.224916841,-0.020257529,0.785135130,-0.020710936,-0.049548196,-0.024011426,0.038680289,-0.040117176,0.002106886,0.007627079,-0.002267955,0.037085210,0.031791798,-0.092675145,0.040964701,0.003459941,0.418104072,0.012897429,-0.036792359,0.022654589,0.003092511,-0.046319596,-0.838311778,0.012199805,0.996375873,0.244511970,0.005095396,-0.016967026,-0.006316240,0.085050194,0.030529882,-0.204453555,-0.216662047,-0.017244155
5890,5.890000,step_2,0,5.891000,0.008530385,0.006076392,0.010006816,0.010106269,0.056867500,0.233360776,0.022730000,0.056301412,0.233674972,0.014224220,0.148132424,-0.230337808,0.032708944,0.148817978,-0.230538288,0.026674679,0.705971379,-0.246628529,0.047750596,-0.203806979,0.033303637,0.050654168,0.002472145,-0.056197585,0.224946061,-0.020242736,0.785369849,-0.020712305,-0.049542330,-0.024012016,0.038704208,-0.040124219,0.002106834,0.007651860,-0.002266737,0.037111057,0.031810804,-0.092849012,0.040967938,0.003459872,0.418429797,0.012911560,-0.036800311,0.022803355,0.003066460,-0.046293883,-0.838303058,0.012206581,0.996352945,0.244492383,0.005031508,-0.016915376,-0.006316194,0.084908258,0.030465760,-0.204332456,-0.216597681,-0.017244588
5900,5.900000,step_2,0,5.901000,0.008530262,0.006060615,0.010014579,0.010108873,0.056867500,0.233360776,0.022730000,0.056297909,0.233676758,0.014224643,0.148132424,-0.230337808,0.032708944,0.148814402,-0.230538113,0.026690153,0.706076737,-0.246665528,0.047749804,-0.203796007,0.033301930,0.050655788,0.002461676,-0.056660414,0.224974973,-0.020228009,0.785604115,-0.020713689,-0.049536524,-0.024012760,0.038727870,-0.040131091,0.002106764,0.007676708,-0.002265541,0.037136390,0.031829148,-0.093022368,0.040971135,0.003459802,0.418754873,0.012925669,-0.036808140,0.022952195,0.003041160,-0.046268602,-0.838294251,0.012213238,0.996330097,0.244474051,0.004968978,-0.016864177,-0.006316063,0.084767041,0.030401536,-0.204212119,-0.216533923,-0.017245951
5910,5.910000,step_2,0,5.911000,0.008530142,0.006044863,0.010022126,0.010111392,0.056867500,0.233360776,0.022730000,0.056294510,0.233678491,0.014225056,0.148132424,-0.230337808,0.032708944,0.148810890,-0.230537927,0.026705611,0.706180411,-0.246701476,0.047748973,-0.203784335,0.033300237,0.050657496,0.002451435,-0.057121177,0.225003584,-0.020213346,0.785837917,-0.020715089,-0.049530779,-0.024013654,0.038751282,-0.040137795,0.002106678,0.007701622,-0.002264368,0.037161220,0.031846846,-0.093195217,0.040974292,0.003459732,0.419079300,0.012939756,-0.036815848,0.023101100,0.003016591,-0.046243741,-0.838285359,0.012219781,0.996307329,0.244456947,0.004907773,-0.016813415,-0.006315851,0.084626538,0.030337215,-0.204092541,-0.216470765,-0.017248222
5920,5.920000,step_2,0,5.921000,0.008530026,0.006029137,0.010029465,0.010113827,0.056867500,0.233360776,0.022730000,0.056291212,0.233680174,0.014225459,0.148132424,-0.230337808,0.032708944,0.148807439,-0.230537731,0.026721050,0.706282449,-0.246736402,0.047748105,-0.203771982,0.033298557,0.050659289,0.002441417,-0.057579906,0.225031902,-0.020198748,0.786071246,-0.020716505,-0.049525092,-0.024014695,0.038774452,-0.040144336,0.002106575,0.007726601,-0.002263217,0.037185559,0.031863909,-0.093367563,0.040977410,0.003459661,0.419403077,0.012953823,-0.036823438,0.023250061,0.002992732,-0.046219288,-0.838276381,0.012226213,0.996284638,0.244441045,0.004847862,-0.016763079,-0.006315558,0.084486744,0.030272800,-0.203973714,-0.216408198,-0.017251381
5930,5.930000,step_2,0,5.931000,0.008529911,0.006013435,0.010036600,0.010116183,0.056867500,0.233360776,0.022730000,0.056288011,0.233681807,0.014225853,0.148132424,-0.230337808,0.032708944,0.148804048,-0.230537525,0.026736470,0.706382897,-0.246770331,0.047747200,-0.203758966,0.033296889,0.050661166,0.002431617,-0.058036629,0.225059931,-0.020184213,0.786304091,-0.020717935,-0.049519464,-0.024015878,0.038797386,-0.040150718,0.002106456,0.007751643,-0.002262087,0.037209416,0.031880352,-0.093539410,0.040980490,0.003459589,0.419726203,0.012967867,-0.036830912,0.023399070,0.002969563,-0.046195232,-0.838267320,0.012232538,0.996262022,0.244426318,0.004789216,-0.016713158,-0.006315189,0.084347657,0.030208294,-0.203855635,-0.216346215,-0.017255405
5940,5.940000,step_2,0,5.941000,0.008529800,0.005997758,0.010043539,0.010118460,0.056867500,0.233360776,0.022730000,0.056284905,0.233683393,0.014226237,0.148132424,-0.230337808,0.032708944,0.148800715,-0.230537309,0.026751873,0.706481801,-0.246803290,0.047746261,-0.203745302,0.033295234,0.050663124,0.002422028,-0.058491376,0.225087677,-0.020169740,0.786536443,-0.020719380,-0.049513893,-0.024017201,0.038820092,-0.040156945,0.002106322,0.007776749,-0.002260980,0.037232800,0.031896187,-0.093710763,0.040983532,0.003459518,0.420048676,0.012981891,-0.036838273,0.023548117,0.002947065,-0.046171562,-0.838258177,0.012238759,0.996239479,0.244412742,0.004731804,-0.016663639,-0.006314746,0.084209272,0.030143700,-0.203738297,-0.216284807,-0.017260275
5950,5.950000,step_2,0,5.951000,0.008529691,0.005982107,0.010050285,0.010120661,0.056867500,0.233360776,0.022730000,0.056281890,0.233684933,0.014226612,0.148132424,-0.230337808,0.032708944,0.148797438,-0.230537084,0.026767257,0.706579203,-0.246835304,0.047745287,-0.203731008,0.033293591,0.050665162,0.002412646,-0.058944175,0.225115148,-0.020155330,0.786768292,-0.020720839,-0.049508379,-0.024018659,0.038842575,-0.040163022,0.002106173,0.007801916,-0.002259893,0.037255723,0.031911428,-0.093881626,0.040986539,0.003459446,0.420370497,0.012995892,-0.036845522,0.023697194,0.002925218,-0.046148267,-0.838248952,0.012244879,0.996217006,0.244400292,0.004675598,-0.016614513,-0.006314230,0.084071584,0.030079021,-0.203621696,-0.216223968,-0.017265971
5960,5.960000,step_2,0,5.961000,0.008529584,0.005966479,0.010056845,0.010122788,0.056867500,0.233360776,0.022730000,0.056278965,0.233686427,0.014226979,0.148132424,-0.230337808,0.032708944,0.148794216,-0.230536849,0.026782622,0.706675148,-0.246866397,0.047744279,-0.203716100,0.033291961,0.050667277,0.002403467,-0.059395053,0.225142347,-0.020140981,0.786999631,-0.020722312,-0.049502922,-0.024020251,0.038864843,-0.040168952,0.002106008,0.007827144,-0.002258828,0.037278192,0.031926087,-0.094052001,0.040989510,0.003459373,0.420691665,0.013009872,-0.036852662,0.023846294,0.002904005,-0.046125336,-0.838239647,0.012250902,0.996194603,0.244388945,0.004620570,-0.016565767,-0.006313645,0.083934591,0.030014261,-0.203505825,-0.216163689,-0.017272472
5970,5.970000,step_2,0,5.971000,0.008529479,0.005950877,0.010063224,0.010124843,0.056867500,0.233360776,0.022730000,0.056276126,0.233687878,0.014227337,0.148132424,-0.230337808,0.032708944,0.148791047,-0.230536607,0.026797968,0.706769675,-0.246896594,0.047743240,-0.203700594,0.033290342,0.050669469,0.002394484,-0.059844038,0.225169282,-0.020126693,0.787230450,-0.020723799,-0.049497520,-0.024021971,0.038886902,-0.040174738,0.002105830,0.007852432,-0.002257784,0.037300219,0.031940176,-0.094221894,0.040992446,0.003459301,0.421012178,0.013023830,-0.036859696,0.023995409,0.002883407,-0.046102760,-0.838230263,0.012256829,0.996172267,0.244378677,0.004566692,-0.016517393,-0.006312993,0.083798287,0.029949423,-0.203390680,-0.216103964,-0.017279760
5980,5.980000,step_2,0,5.981000,0.008529376,0.005935300,0.010069427,0.010126830,0.056867500,0.233360776,0.022730000,0.056273371,0.233689287,0.014227686,0.148132424,-0.230337808,0.032708944,0.148787929,-0.230536355,0.026813295,0.706862826,-0.246925918,0.047742169,-0.203684504,0.033288735,0.050671736,0.002385694,-0.060291155,0.225195957,-0.020112465,0.787460742,-0.020725299,-0.049492173,-0.024023818,0.038908757,-0.040180385,0.002105637,0.007877779,-0.002256761,0.037321810,0.031953706,-0.094391307,0.040995349,0.003459228,0.421332035,0.013037766,-0.036866624,0.024144530,0.002863407,-0.046080527,-0.838220800,0.012262666,0.996149996,0.244369466,0.004513938,-0.016469379,-0.006312275,0.083662669,0.029884509,-0.203276255,-0.216044785,-0.017287817
5990,5.990000,step_2,0,5.991000,0.008529274,0.005919747,0.010075459,0.010128748,0.056867500,0.233360776,0.022730000,0.056270698,0.233690654,0.014228028,0.148132424,-0.230337808,0.032708944,0.148784862,-0.230536096,0.026828603,0.706954639,-0.246954391,0.047741067,-0.203667846,0.033287140,0.050674075,0.002377092,-0.060736429,0.225222377,-0.020098297,0.787690498,-0.020726812,-0.049486880,-0.024025788,0.038930416,-0.040185896,0.002105430,0.007903185,-0.002255758,0.037342977,0.031966691,-0.094560245,0.040998219,0.003459155,0.421651238,0.013051680,-0.036873450,0.024293650,0.002843989,-0.046058630,-0.838211259,0.012268413,0.996127789,0.244361288,0.004462281,-0.016421716,-0.006311495,0.083527733,0.029819522,-0.203162546,-0.215986145,-0.017296624
6000,6.000000,step_3,0,6.001000,0.044553481,0.043096299,0.009126073,0.009896541,0.071867500,0.195360776,0.030730000,0.056267181,0.233692776,0.014228470,0.163132424,-0.192337808,0.040708944,0.148782115,-0.230536164,0.026843691,0.699413408,-0.248027271,0.046611665,-0.209043867,0.032347337,0.044317402,-0.002850399,-0.036513826,0.226945731,-0.018591843,0.714675529,-0.020385321,-0.046512608,-0.024900304,0.038951691,-0.040191080,0.002105829,0.007928708,-0.002259149,0.037351169,0.031964607,-0.094725112,0.041001020,0.003458709,0.421960332,0.013067365,-0.036875019,0.024424525,0.002634097,-0.045841428,-0.837582971,0.012334412,0.991731534,0.231796722,-0.010121282,-0.012776696,-0.006348295,0.083021013,0.020303056,-0.201257122,-0.210771617,-0.035543037
6010,6.010000,step_3,0,6.011000,0.044555449,0.043101066,0.010427501,0.009896034,0.071867500,0.195360776,0.030730000,0.056264605,0.233694159,0.014228803,0.163132424,-0.192337808,0.040708944,0.148768158,-0.230536828,0.026845155,0.692019562,-0.237503579,0.047487153,-0.202574415,0.033301590,0.051603952,0.002441480,-0.003630109,0.221073972,-0.019954637,0.736736871,-0.020048432,-0.049739192,-0.027820230,0.038962267,-0.040193957,0.002106453,0.007936428,-0.002260053,0.037352920,0.031972965,-0.094783165,0.041002789,0.003458732,0.422011343,0.013066246,-0.036875478,0.024415035,0.001430492,-0.045686792,-0.838094485,0.010369253,0.995751346,0.246537592,0.003664495,-0.002970761,-0.006449730,0.083229831,-0.001509761,-0.204652335,-0.216500840,-0.036487957
6020,6.020000,step_3,0,6.021000,0.044555708,0.043103908,0.010279060,0.010089525,0.071867500,0.195360776,0.030730000,0.056264000,0.233694254,0.014228898,0.163132424,-0.192337808,0.040708944,0.148759681,-0.230536829,0.026845109,0.696903360,-0.240134174,0.047442698,-0.205157130,0.033204719,0.050718361,0.002255360,-0.002471443,0.220077151,-0.020760740,0.739255445,-0.020761847,-0.049504980,-0.027388018,0.038966824,-0.040193792,0.002107379,0.007942023,-0.002262241,0.037350579,0.031974133,-0.094808865,0.041003209,0.003457143,0.422020031,0.013068382,-0.036875622,0.024384818,0.000932902,-0.045365170,-0.838148517,0.010195265,0.995526697,0.241427642,0.003140540,-0.001459278,-0.006629631,0.083175164,-0.000873315,-0.204923044,-0.215097362,-0.033841858
6030,6.030000,step_3,0,6.031000,0.044554413,0.043103467,0.010470866,0.010381938,0.071867500,0.195360776,0.030730000,0.056264651,0.233692968,0.014228791,0.163132424,-0.192337808,0.040708944,0.148757772,-0.230535799,0.026845621,0.700621129,-0.240061005,0.047415815,-0.207089958,0.033206049,0.050512269,0.002164147,-0.017445841,0.217703030,-0.021272029,0.732220963,-0.020810677,-0.049513927,-0.026850643,0.038967472,-0.040191212,0.002107833,0.007945780,-0.002263745,0.037349907,0.031972203,-0.094820569,0.041001612,0.003454901,0.422032910,0.013071153,-0.036874974,0.024380361,0.000630858,-0.045129917,-0.838116766,0.010031444,0.995780744,0.242168583,0.002926034,-0.000149340,-0.006862664,0.083083620,-0.000872046,-0.204242169,-0.215138308,-0.032030068
6040,6.040000,step_3,0,6.041000,0.044551952,0.043100563,0.010611316,0.010616174,0.071867500,0.195360776,0.030730000,0.056266005,0.233690567,0.014228578,0.163132424,-0.192337808,0.040708944,0.148759658,-0.230533441,0.026846197,0.702009205,-0.237868319,0.047372686,-0.207790693,0.033257567,0.050674146,0.002135449,-0.030677122,0.214760365,-0.021778181,0.725901730,-0.020755884,-0.049554440,-0.026579507,0.038965965,-0.040186044,0.002108187,0.007948386,-0.002265344,0.037345946,0.031969356,-0.094821752,0.040997204,0.003451574,0.422043316,0.013073766,-0.036871836,0.024387961,0.000474488,-0.044850530,-0.838138348,0.009966889,0.995879028,0.241954669,0.002876400,0.000664245,-0.007185312,0.082967606,-0.001214330,-0.204059183,-0.214849954,-0.031338161
6050,6.050000,step_3,0,6.051000,0.044548015,0.043095533,0.010785200,0.010840383,0.071867500,0.195360776,0.030730000,0.056267903,0.233686620,0.014228246,0.163132424,-0.192337808,0.040708944,0.148763258,-0.230529301,0.026846696,0.701693810,-0.235114531,0.047243866,-0.207602321,0.033252919,0.050630402,0.002133101,-0.037406981,0.211672040,-0.022325503,0.722945357,-0.020756625,-0.049553205,-0.026483449,0.038963280,-0.040177664,0.002108521,0.007950887,-0.002266691,0.037340197,0.031966024,-0.094817587,0.040989053,0.003446980,0.422051119,0.013076003,-0.036865837,0.024399011,0.000376230,-0.044488068,-0.838137876,0.009996004,0.995878453,0.241637935,0.002824320,0.000999662,-0.007603102,0.082826113,-0.001373014,-0.204136559,-0.214500315,-0.031175852
6060,6.060000,step_3,0,6.061000,0.044542248,0.043088273,0.011010636,0.011088976,0.071867500,0.195360776,0.030730000,0.056270433,0.233680744,0.014227775,0.163132424,-0.192337808,0.040708944,0.148767657,-0.230522939,0.026847177,0.700580401,-0.231947384,0.047099889,-0.206999960,0.033245589,0.050646951,0.002128623,-0.038898036,0.208497530,-0.022878074,0.722713663,-0.020770739,-0.049555518,-0.026466691,0.038959627,-0.040165141,0.002108794,0.007954030,-0.002267786,0.037331208,0.031961831,-0.094811649,0.040976179,0.003440992,0.422058777,0.013077487,-0.036855946,0.024410733,0.000273515,-0.044028659,-0.838145846,0.010081524,0.995898076,0.241305908,0.002712207,0.001081647,-0.008119158,0.082679208,-0.001274992,-0.204256486,-0.214075264,-0.031123595
6070,6.070000,step_3,0,6.071000,0.044534222,0.043078412,0.011280015,0.011379883,0.071867500,0.195360776,0.030730000,0.056273781,0.233672501,0.014227133,0.163132424,-0.192337808,0.040708944,0.148772743,-0.230513924,0.026847727,0.699277350,-0.228809973,0.046955649,-0.206300271,0.033237444,0.050641823,0.002113945,-0.037711572,0.205297387,-0.023412188,0.723885054,-0.020778925,-0.049546874,-0.026463075,0.038954780,-0.040147494,0.002108934,0.007958182,-0.002268583,0.037317944,0.031956173,-0.094805364,0.040957617,0.003433531,0.422068453,0.013077871,-0.036841232,0.024423347,0.000137895,-0.043472227,-0.838162149,0.010190218,0.995925981,0.240829991,0.002538207,0.001098636,-0.008730082,0.082525450,-0.001002758,-0.204382377,-0.213551182,-0.030984989
6080,6.080000,step_3,0,6.081000,0.044523531,0.043065485,0.011592446,0.011718595,0.071867500,0.195360776,0.030730000,0.056278137,0.233661481,0.014226287,0.163132424,-0.192337808,0.040708944,0.148778763,-0.230501850,0.026848414,0.698044545,-0.225768453,0.046816334,-0.205637253,0.033231131,0.050627318,0.002088648,-0.035745736,0.202066668,-0.023938748,0.725492432,-0.020783958,-0.049529488,-0.026442504,0.038948367,-0.040123808,0.002108841,0.007963469,-0.002268997,0.037299413,0.031948511,-0.094798787,0.040932446,0.003424537,0.422081384,0.013076873,-0.036820787,0.024438051,-0.000035976,-0.042827996,-0.838187388,0.010304922,0.995966042,0.240269801,0.002315098,0.001145668,-0.009431040,0.082364748,-0.000644101,-0.204526859,-0.212937888,-0.030716763
6090,6.090000,step_3,0,6.091000,0.044509811,0.043049033,0.011942886,0.012103124,0.071867500,0.195360776,0.030730000,0.056283667,0.233647317,0.014225206,0.163132424,-0.192337808,0.040708944,0.148786039,-0.230486334,0.026849273,0.696924598,-0.222787879,0.046680035,-0.205032193,0.033226403,0.050605524,0.002055039,-0.033912359,0.198789225,-0.024468172,0.727081543,-0.020790290,-0.049504512,-0.026399312,0.038940029,-0.040093257,0.002108424,0.007969917,-0.002268944,0.037274723,0.031938432,-0.094791438,0.040899790,0.003413956,0.422098124,0.013074240,-0.036793751,0.024456029,-0.000243654,-0.042104792,-0.838220891,0.010420443,0.996014860,0.239627315,0.002055701,0.001247833,-0.010217419,0.082196844,-0.000249638,-0.204696737,-0.212239958,-0.030341335
6100,6.100000,step_3,0,6.101000,0.044492736,0.043028639,0.012328087,0.012529458,0.071867500,0.195360776,0.030730000,0.056290510,0.233629673,0.014223866,0.163132424,-0.192337808,0.040708944,0.148794844,-0.230467012,0.026850322,0.695875083,-0.219806474,0.046543255,-0.204462733,0.033222388,0.050576611,0.002015280,-0.032442631,0.195451036,-0.025004560,0.728545200,-0.020799080,-0.049472682,-0.026337927,0.038929460,-0.040055095,0.002107602,0.007977537,-0.002268341,0.037243098,0.031925626,-0.094782794,0.040858818,0.003401731,0.422118911,0.013069718,-0.036759308,0.024478153,-0.000479131,-0.041309186,-0.838261230,0.010537388,0.996070855,0.238912330,0.001767662,0.001397159,-0.011085081,0.082021600,0.000163016,-0.204892238,-0.211462149,-0.029891947
6110,6.110000,step_3,0,6.111000,0.044472003,0.043003924,0.012745906,0.012993851,0.071867500,0.195360776,0.030730000,0.056298786,0.233608236,0.014222243,0.163132424,-0.192337808,0.040708944,0.148805380,-0.230443538,0.026851575,0.694845005,-0.216774463,0.046403725,-0.203902438,0.033218800,0.050542039,0.001970645,-0.031260186,0.192044088,-0.025548226,0.729928804,-0.020809946,-0.049434435,-0.026264094,0.038916410,-0.040008626,0.002106308,0.007986357,-0.002267113,0.037203824,0.031909836,-0.094772470,0.040808737,0.003387806,0.422143917,0.013063049,-0.036716683,0.024505015,-0.000738037,-0.040445454,-0.838307509,0.010657775,0.996133464,0.238130313,0.001454320,0.001577903,-0.012030260,0.081839076,0.000593821,-0.205112473,-0.210608310,-0.029391762
6120,6.120000,step_3,0,6.121000,0.044447329,0.042974541,0.013194864,0.013493465,0.071867500,0.195360776,0.030730000,0.056308604,0.233582709,0.014220316,0.163132424,-0.192337808,0.040708944,0.148817800,-0.230415580,0.026853042,0.693801945,-0.213667881,0.046260344,-0.203334709,0.033215499,0.050502157,0.001921697,-0.030222675,0.188564897,-0.026098324,0.731307236,-0.020822414,-0.049389991,-0.026181686,0.038900660,-0.039953191,0.002104480,0.007996422,-0.002265192,0.037156224,0.031890824,-0.094760224,0.040748791,0.003372127,0.422173352,0.013053978,-0.036665138,0.024537041,-0.001017931,-0.039516521,-0.838359183,0.010783083,0.996202209,0.237283949,0.001116711,0.001777744,-0.013049371,0.081649458,0.001048098,-0.205356583,-0.209681891,-0.028851865
6130,6.130000,step_3,0,6.131000,0.044418439,0.042940165,0.013673759,0.014026214,0.071867500,0.195360776,0.030730000,0.056320070,0.233552806,0.014218065,0.163132424,-0.192337808,0.040708944,0.148832230,-0.230382824,0.026854737,0.692732561,-0.210480589,0.046112833,-0.202752898,0.033212450,0.050457195,0.001868622,-0.029224174,0.185011817,-0.026654063,0.732734243,-0.020836225,-0.049339543,-0.026092517,0.038882009,-0.039888154,0.002102060,0.008007790,-0.002262517,0.037099646,0.031868362,-0.094745906,0.040678260,0.003354643,0.422207476,0.013042260,-0.036603966,0.024574593,-0.001317582,-0.038524865,-0.838415954,0.010913894,0.996276781,0.236375573,0.000755125,0.001989957,-0.014138902,0.081452994,0.001530441,-0.205623540,-0.208686206,-0.028275618
6140,6.140000,step_3,0,6.141000,0.044385074,0.042900489,0.014181382,0.014590422,0.071867500,0.195360776,0.030730000,0.056333284,0.233518255,0.014215471,0.163132424,-0.192337808,0.040708944,0.148848783,-0.230344968,0.026856674,0.691634698,-0.207214654,0.045961267,-0.202156151,0.033209657,0.050407289,0.001811489,-0.028212591,0.181383484,-0.027214996,0.734235047,-0.020851275,-0.049283300,-0.025997130,0.038860264,-0.039812907,0.002098991,0.008020517,-0.002259027,0.037033457,0.031842220,-0.094729409,0.040596458,0.003335306,0.422246583,0.013027661,-0.036532497,0.024618018,-0.001636237,-0.037472998,-0.838477614,0.011050160,0.996356925,0.235407501,0.000369896,0.002211849,-0.015295372,0.081249935,0.002043079,-0.205912136,-0.207624493,-0.027663136
6150,6.150000,step_3,0,6.151000,0.044346982,0.042855219,0.014716445,0.015184559,0.071867500,0.195360776,0.030730000,0.056348343,0.233478794,0.014212516,0.163132424,-0.192337808,0.040708944,0.148867570,-0.230301728,0.026858869,0.690510252,-0.203873464,0.045805770,-0.201545680,0.033207122,0.050352585,0.001750378,-0.027173408,0.177678337,-0.027780958,0.735815503,-0.020867536,-0.049221492,-0.025895547,0.038835240,-0.039726867,0.002095219,0.008034660,-0.002254664,0.036957050,0.031812179,-0.094710640,0.040502734,0.003314073,0.422290977,0.013009956,-0.036450089,0.024667666,-0.001973206,-0.036363615,-0.838543951,0.011191555,0.996442404,0.234382374,-0.000038380,0.002442656,-0.016515331,0.081040514,0.002586310,-0.206221127,-0.206499955,-0.027013985
6160,6.160000,step_3,0,6.161000,0.044303927,0.042804079,0.015277587,0.015807106,0.071867500,0.195360776,0.030730000,0.056365341,0.233434174,0.014209184,0.163132424,-0.192337808,0.040708944,0.148888697,-0.230252834,0.026861339,0.689361292,-0.200458768,0.045646391,-0.200922760,0.033204844,0.050293273,0.001685412,-0.026109444,0.173894682,-0.028351936,0.737472747,-0.020885013,-0.049154358,-0.025787717,0.038806760,-0.039629480,0.002090692,0.008050271,-0.002249373,0.036869845,0.031778025,-0.094689512,0.040396471,0.003290905,0.422340960,0.012988936,-0.036356135,0.024723888,-0.002327707,-0.035199551,-0.838614718,0.011337704,0.996532968,0.233303071,-0.000468885,0.002682115,-0.017795372,0.080824950,0.003159408,-0.206549318,-0.205315763,-0.026328248
6170,6.170000,step_3,0,6.171000,0.044255684,0.042746804,0.015863417,0.016456520,0.071867500,0.195360776,0.030730000,0.056384364,0.233384158,0.014205458,0.163132424,-0.192337808,0.040708944,0.148912266,-0.230198033,0.026864098,0.688188821,-0.196970383,0.045483093,-0.200288091,0.033202813,0.050229573,0.001616752,-0.025027545,0.170030896,-0.028927950,0.739202017,-0.020903711,-0.049082141,-0.025673679,0.038774653,-0.039520218,0.002085359,0.008067399,-0.002243100,0.036771288,0.031739554,-0.094665940,0.040277087,0.003265763,0.422396823,0.012964398,-0.036250058,0.024787028,-0.002698867,-0.033983693,-0.838689644,0.011488270,0.996628350,0.232172571,-0.000920697,0.002929826,-0.019132134,0.080603454,0.003761320,-0.206895575,-0.204075055,-0.025606651
6180,6.180000,step_3,0,6.181000,0.044202043,0.042683147,0.016472549,0.017131238,0.071867500,0.195360776,0.030730000,0.056405496,0.233328525,0.014201326,0.163132424,-0.192337808,0.040708944,0.148938377,-0.230137083,0.026867164,0.686992866,-0.193406959,0.045315789,-0.199641858,0.033201014,0.050161719,0.001544573,-0.023932821,0.166085554,-0.029508996,0.740999521,-0.020923634,-0.049005083,-0.025553585,0.038738760,-0.039398586,0.002079173,0.008086090,-0.002235794,0.036660855,0.031696573,-0.094639843,0.040144030,0.003238614,0.422458847,0.012936153,-0.036131313,0.024857422,-0.003085767,-0.032718909,-0.838768442,0.011642971,0.996728271,0.230993843,-0.001392869,0.003185112,-0.020522308,0.080376232,0.004391014,-0.207258818,-0.202780929,-0.024850334
6190,6.190000,step_3,0,6.191000,0.044142805,0.042612874,0.017103616,0.017829697,0.071867500,0.195360776,0.030730000,0.056428816,0.233267064,0.014196773,0.163132424,-0.192337808,0.040708944,0.148967120,-0.230069760,0.026870553,0.685772946,-0.189766809,0.045144378,-0.198983971,0.033199430,0.050089945,0.001469055,-0.022827571,0.162057474,-0.030095035,0.742862910,-0.020944774,-0.048923417,-0.025427650,0.038698929,-0.039264116,0.002072088,0.008106389,-0.002227408,0.036538052,0.031648900,-0.094611151,0.039996786,0.003209429,0.422527302,0.012904019,-0.035999387,0.024935390,-0.003487477,-0.031408012,-0.838850825,0.011801563,0.996832453,0.229769786,-0.001884471,0.003447101,-0.021962637,0.080143492,0.005047576,-0.207638000,-0.201436441,-0.024060612
6200,6.200000,step_3,0,6.201000,0.044077786,0.042535769,0.017755278,0.018550347,0.071867500,0.195360776,0.030730000,0.056454398,0.233199579,0.014191788,0.163132424,-0.192337808,0.040708944,0.148998583,-0.229995852,0.026874280,0.684528452,-0.186048415,0.044968773,-0.198314269,0.033198045,0.050014482,0.001390371,-0.021712107,0.157945704,-0.030685999,0.744790807,-0.020967121,-0.048837375,-0.025296118,0.038655018,-0.039116365,0.002064062,0.008128336,-0.002217896,0.036402410,0.031596360,-0.094579802,0.039834868,0.003178180,0.422602453,0.012867824,-0.035853796,0.025021239,-0.003903081,-0.030053758,-0.838936510,0.011963817,0.996940619,0.228503228,-0.002394601,0.003714838,-0.023449909,0.079905442,0.005730189,-0.208032098,-0.200044609,-0.023238823
6210,6.210000,step_3,0,6.211000,0.044006812,0.042451629,0.018426220,0.019291661,0.071867500,0.195360776,0.030730000,0.056482309,0.233125885,0.014186362,0.163132424,-0.192337808,0.040708944,0.149032843,-0.229915163,0.026878363,0.683258838,-0.182250605,0.044788900,-0.197632614,0.033196842,0.049935548,0.001308692,-0.020585845,0.153749498,-0.031281799,0.746782242,-0.020990662,-0.048747182,-0.025159236,0.038606896,-0.038954922,0.002055055,0.008151972,-0.002207216,0.036253489,0.031538790,-0.094545741,0.039657823,0.003144843,0.422684552,0.012827408,-0.035694085,0.025115262,-0.004331681,-0.028658847,-0.839025223,0.012129510,0.997052498,0.227196926,-0.002922376,0.003987357,-0.024980964,0.079662286,0.006438095,-0.208440110,-0.198608404,-0.022386271
6220,6.220000,step_3,0,6.221000,0.043929723,0.042360264,0.019115147,0.020052135,0.071867500,0.195360776,0.030730000,0.056512616,0.233045808,0.014180484,0.163132424,-0.192337808,0.040708944,0.149069977,-0.229827510,0.026882816,0.681963680,-0.178372537,0.044604704,-0.196938926,0.033195806,0.049853358,0.001224182,-0.019448029,0.149468289,-0.031882339,0.748836274,-0.021015382,-0.048653059,-0.025017242,0.038554438,-0.038779401,0.002045028,0.008177332,-0.002195327,0.036090875,0.031476036,-0.094508927,0.039465231,0.003109396,0.422773846,0.012782616,-0.035519831,0.025217738,-0.004772402,-0.027225935,-0.839116695,0.012298419,0.997167827,0.225853585,-0.003466932,0.004263725,-0.026552687,0.079414231,0.007170546,-0.208861054,-0.197130758,-0.021504214
6230,6.230000,step_3,0,6.231000,0.043846372,0.042261503,0.019820782,0.020830292,0.071867500,0.195360776,0.030730000,0.056545377,0.232959189,0.014174148,0.163132424,-0.192337808,0.040708944,0.149110051,-0.229732724,0.026887658,0.680642661,-0.174413618,0.044416145,-0.196233172,0.033194924,0.049768121,0.001137004,-0.018298053,0.145101685,-0.032487513,0.750951836,-0.021041267,-0.048555226,-0.024870366,0.038497529,-0.038589441,0.002033947,0.008204453,-0.002182192,0.035914179,0.031407952,-0.094469325,0.039256701,0.003071823,0.422870577,0.012733306,-0.035330640,0.025328933,-0.005224381,-0.025757636,-0.839210662,0.012470324,0.997286347,0.224475863,-0.004027418,0.004543041,-0.028162012,0.079161478,0.007926796,-0.209293967,-0.195614561,-0.020593876
6240,6.240000,step_3,0,6.241000,0.043756621,0.042155185,0.020541868,0.021624677,0.071867500,0.195360776,0.030730000,0.056580649,0.232865878,0.014167347,0.163132424,-0.192337808,0.040708944,0.149153128,-0.229630650,0.026892905,0.679295544,-0.170373435,0.044223190,-0.195515351,0.033194180,0.049680042,0.001047314,-0.017135526,0.140649459,-0.033097211,0.753127711,-0.021068303,-0.048453895,-0.024718832,0.038436062,-0.038384710,0.002021778,0.008233367,-0.002167775,0.035723039,0.031334402,-0.094426909,0.039031872,0.003032107,0.422974974,0.012679342,-0.035126145,0.025449102,-0.005686773,-0.024256524,-0.839306865,0.012645005,0.997407802,0.223066375,-0.004602990,0.004824438,-0.029805923,0.078904231,0.008706090,-0.209737910,-0.194062658,-0.019656460
6250,6.250000,step_3,0,6.251000,0.043660349,0.042041166,0.021277167,0.022433858,0.071867500,0.195360776,0.030730000,0.056618483,0.232765738,0.014160077,0.163132424,-0.192337808,0.040708944,0.149199265,-0.229521143,0.026898574,0.677922150,-0.166251717,0.044025816,-0.194785486,0.033193563,0.049589323,0.000955271,-0.015960226,0.136111555,-0.033711313,0.755362550,-0.021096474,-0.048349280,-0.024562858,0.038369940,-0.038164898,0.002008491,0.008264105,-0.002152045,0.035517118,0.031255259,-0.094381664,0.038790413,0.002990237,0.423087262,0.012620598,-0.034906009,0.025578483,-0.006158744,-0.022725138,-0.839405049,0.012822245,0.997531943,0.221627696,-0.005192816,0.005107074,-0.031481450,0.078642687,0.009507667,-0.210191964,-0.192477852,-0.018693158
6260,6.260000,step_3,0,6.261000,0.043557442,0.041919314,0.022025458,0.023256428,0.071867500,0.195360776,0.030730000,0.056658926,0.232658644,0.014152332,0.163132424,-0.192337808,0.040708944,0.149248514,-0.229404076,0.026904682,0.676522349,-0.162048319,0.043824007,-0.194043616,0.033193058,0.049496162,0.000861028,-0.014772045,0.131488081,-0.034329695,0.757654915,-0.021125767,-0.048241585,-0.024402663,0.038299072,-0.037929723,0.001994058,0.008296696,-0.002134969,0.035296103,0.031170405,-0.094333579,0.038532024,0.002946204,0.423207659,0.012556955,-0.034669923,0.025717307,-0.006639477,-0.021165974,-0.839504962,0.013001832,0.997658522,0.220162355,-0.005796075,0.005390128,-0.033185675,0.078377047,0.010330765,-0.210655230,-0.190862904,-0.017705153
6270,6.270000,step_3,0,6.271000,0.043447800,0.041789511,0.022785539,0.024091003,0.071867500,0.195360776,0.030730000,0.056702020,0.232544480,0.014144112,0.163132424,-0.192337808,0.040708944,0.149300919,-0.229279332,0.026911246,0.675096055,-0.157763227,0.043617756,-0.193289798,0.033192652,0.049400755,0.000764736,-0.013570941,0.126779307,-0.034952222,0.760003296,-0.021156166,-0.048131014,-0.024238460,0.038223378,-0.037678928,0.001978452,0.008331168,-0.002116521,0.035059706,0.031079728,-0.094282656,0.038256432,0.002900000,0.423336371,0.012488306,-0.034417604,0.025865789,-0.007128163,-0.019581492,-0.839606359,0.013183554,0.997787298,0.218672839,-0.006411954,0.005672798,-0.034915725,0.078107507,0.011174619,-0.211126834,-0.189220530,-0.016693617
6280,6.280000,step_3,0,6.281000,0.043331334,0.041651652,0.023556230,0.024936219,0.071867500,0.195360776,0.030730000,0.056747806,0.232423143,0.014135414,0.163132424,-0.192337808,0.040708944,0.149356523,-0.229146807,0.026918284,0.673643227,-0.153396558,0.043407061,-0.192524103,0.033192334,0.049303292,0.000666544,-0.012356926,0.121985665,-0.035578754,0.762406124,-0.021187656,-0.048017767,-0.024070462,0.038142782,-0.037412279,0.001961650,0.008367544,-0.002096674,0.034807664,0.030983129,-0.094228900,0.037963394,0.002851622,0.423473602,0.012414547,-0.034148798,0.026024133,-0.007624009,-0.017974109,-0.839708995,0.013367207,0.997918031,0.217161593,-0.007039653,0.005954303,-0.036668777,0.077834263,0.012038468,-0.211605922,-0.187553406,-0.015659716
6290,6.290000,step_3,0,6.291000,0.043207968,0.041505647,0.024336367,0.025790739,0.071867500,0.195360776,0.030730000,0.056796316,0.232294542,0.014126240,0.163132424,-0.192337808,0.040708944,0.149415361,-0.229006409,0.026925815,0.672163871,-0.148948565,0.043191930,-0.191746618,0.033192090,0.049203961,0.000566599,-0.011130054,0.117107740,-0.036209141,0.764861776,-0.021220220,-0.047902038,-0.023898878,0.038057220,-0.037129566,0.001943629,0.008405848,-0.002075404,0.034539736,0.030880514,-0.094172329,0.037652693,0.002801070,0.423619544,0.012335585,-0.033863276,0.026192531,-0.008126237,-0.016346205,-0.839812635,0.013552587,0.998050489,0.215631016,-0.007678381,0.006233876,-0.038442056,0.077557509,0.012921548,-0.212091658,-0.185864162,-0.014604606
6300,6.300000,step_3,0,6.301000,0.043077634,0.041351419,0.025124810,0.026653248,0.071867500,0.195360776,0.030730000,0.056847583,0.232158592,0.014116589,0.163132424,-0.192337808,0.040708944,0.149477463,-0.228858060,0.026933856,0.670658038,-0.144419633,0.042972377,-0.190957449,0.033191909,0.049102945,0.000465044,-0.009890426,0.112146267,-0.036843229,0.767368578,-0.021253842,-0.047784018,-0.023723916,0.037966634,-0.036830604,0.001924371,0.008446100,-0.002052691,0.034255706,0.030771798,-0.094112963,0.037324142,0.002748343,0.423774382,0.012251335,-0.033560837,0.026371162,-0.008634080,-0.014700119,-0.839917044,0.013739497,0.998184442,0.214083464,-0.008327359,0.006510773,-0.040232837,0.077277439,0.013823102,-0.212583231,-0.184155390,-0.013529432
6310,6.310000,step_3,0,6.311000,0.042940279,0.041188900,0.025920435,0.027522453,0.071867500,0.195360776,0.030730000,0.056901633,0.232015224,0.014106466,0.163132424,-0.192337808,0.040708944,0.149542854,-0.228701692,0.026942426,0.669125825,-0.139810281,0.042748426,-0.190156717,0.033191779,0.049000425,0.000362022,-0.008638191,0.107102127,-0.037480855,0.769924803,-0.021288505,-0.047663896,-0.023545782,0.037870972,-0.036515231,0.001903858,0.008488320,-0.002028515,0.033955380,0.030656904,-0.094050833,0.036977578,0.002693447,0.423938296,0.012161717,-0.033241304,0.026560196,-0.009146784,-0.013038151,-0.840021995,0.013927739,0.998319666,0.212521250,-0.008985818,0.006784268,-0.042038439,0.076994245,0.014742369,-0.213079847,-0.182429635,-0.012435330
6320,6.320000,step_3,0,6.321000,0.042795859,0.041018039,0.026722139,0.028397085,0.071867500,0.195360776,0.030730000,0.056958489,0.231864376,0.014095874,0.163132424,-0.192337808,0.040708944,0.149611556,-0.228537250,0.026951543,0.667567371,-0.135121151,0.042520106,-0.189344559,0.033191689,0.048896577,0.000257671,-0.007373542,0.101976342,-0.038121852,0.772528676,-0.021324192,-0.047541854,-0.023364678,0.037770192,-0.036183306,0.001882075,0.008532524,-0.002002858,0.033638586,0.030535764,-0.093985977,0.036612868,0.002636388,0.424111455,0.012066662,-0.032904528,0.026759788,-0.009663610,-0.011362560,-0.840127265,0.014117122,0.998455941,0.210946646,-0.009652999,0.007053654,-0.043856232,0.076708118,0.015678593,-0.213580732,-0.180689403,-0.011323429
6330,6.330000,step_3,0,6.331000,0.042644340,0.040838796,0.027528838,0.029275899,0.071867500,0.195360776,0.030730000,0.057018170,0.231705997,0.014084819,0.163132424,-0.192337808,0.040708944,0.149683583,-0.228364689,0.026961226,0.665982863,-0.130353010,0.042287453,-0.188521130,0.033191627,0.048791574,0.000152128,-0.006096722,0.096770068,-0.038766045,0.775178377,-0.021360884,-0.047418072,-0.023180806,0.037664258,-0.035834713,0.001859008,0.008578728,-0.001975707,0.033305175,0.030408316,-0.093918438,0.036229901,0.002577175,0.424294023,0.011966105,-0.032550381,0.026970084,-0.010183832,-0.009675568,-0.840232636,0.014307456,0.998593051,0.209361879,-0.010328154,0.007318243,-0.045683632,0.076419245,0.016631016,-0.214085130,-0.178937157,-0.010194846
6340,6.340000,step_3,0,6.341000,0.042485700,0.040651142,0.028339468,0.030157671,0.071867500,0.195360776,0.030730000,0.057080692,0.231540045,0.014073306,0.163132424,-0.192337808,0.040708944,0.149758946,-0.228183978,0.026971494,0.664372526,-0.125506745,0.042050512,-0.187686597,0.033191583,0.048685586,0.000045527,-0.004808017,0.091484596,-0.039413255,0.777872041,-0.021398564,-0.047292725,-0.022994364,0.037553142,-0.035469356,0.001834647,0.008626944,-0.001947047,0.032955020,0.030274509,-0.093848268,0.035828596,0.002515819,0.424486154,0.011859989,-0.032178764,0.027191217,-0.010706736,-0.007979359,-0.840337894,0.014498557,0.998730787,0.207769138,-0.011010545,0.007577370,-0.047518103,0.076127816,0.017598882,-0.214592306,-0.177175316,-0.009050693
6350,6.350000,step_3,0,6.351000,0.042319927,0.040455062,0.029152982,0.031041202,0.071867500,0.195360776,0.030730000,0.057146067,0.231366491,0.014061343,0.163132424,-0.192337808,0.040708944,0.149837652,-0.227995095,0.026982367,0.662736630,-0.120583357,0.041809332,-0.186841147,0.033191546,0.048578778,-0.000062001,-0.003507755,0.086121340,-0.040063297,0.780607765,-0.021437214,-0.047165984,-0.022805550,0.037436823,-0.035087163,0.001808982,0.008677186,-0.001916868,0.032588015,0.030134294,-0.093775524,0.035408893,0.002452334,0.424687998,0.011748266,-0.031789600,0.027423310,-0.011231623,-0.006276075,-0.840442833,0.014690241,0.998868941,0.206170568,-0.011699444,0.007830386,-0.049357155,0.075834017,0.018581433,-0.215101542,-0.175406261,-0.007892072
6360,6.360000,step_3,0,6.361000,0.042147021,0.040250550,0.029968357,0.031925315,0.071867500,0.195360776,0.030730000,0.057214302,0.231185312,0.014048939,0.163132424,-0.192337808,0.040708944,0.149919703,-0.227798030,0.026993863,0.661075485,-0.115583958,0.041563971,-0.185984978,0.033191507,0.048471313,-0.000170324,-0.002196306,0.080681838,-0.040715982,0.783383609,-0.021476812,-0.047038018,-0.022614557,0.037315285,-0.034688079,0.001782007,0.008729461,-0.001885162,0.032204074,0.029987636,-0.093700269,0.034970759,0.002386736,0.424899693,0.011630892,-0.031382834,0.027666474,-0.011757805,-0.004567824,-0.840547249,0.014882330,0.999007313,0.204568275,-0.012394134,0.008076666,-0.051198345,0.075538032,0.019577913,-0.215612137,-0.173632329,-0.006720079
6370,6.370000,step_3,0,6.371000,0.041966990,0.040037616,0.030784584,0.032808856,0.071867500,0.195360776,0.030730000,0.057285404,0.230996496,0.014036104,0.163132424,-0.192337808,0.040708944,0.150005095,-0.227592784,0.027006003,0.659389439,-0.110509772,0.041314490,-0.185118305,0.033191456,0.048363349,-0.000279317,-0.000874079,0.075167746,-0.041371115,0.786197600,-0.021517341,-0.046908991,-0.022421580,0.037188522,-0.034272076,0.001753715,0.008783779,-0.001851920,0.031803134,0.029834502,-0.093622573,0.034514185,0.002319044,0.425121373,0.011507830,-0.030958439,0.027920810,-0.012284608,-0.002856673,-0.840650946,0.015074648,0.999145705,0.202964324,-0.013093907,0.008315604,-0.053039280,0.075240046,0.020587561,-0.216123407,-0.171855815,-0.005535805
6380,6.380000,step_3,0,6.381000,0.041779853,0.039816276,0.031600676,0.033690694,0.071867500,0.195360776,0.030730000,0.057359373,0.230800040,0.014022848,0.163132424,-0.192337808,0.040708944,0.150093821,-0.227379366,0.027018806,0.657678880,-0.105362125,0.041060960,-0.184241356,0.033191382,0.048255043,-0.000388855,0.000458482,0.069580834,-0.042028499,0.789047736,-0.021558779,-0.046779062,-0.022226809,0.037056532,-0.033839140,0.001724103,0.008840146,-0.001817137,0.031385150,0.029674868,-0.093542513,0.034039185,0.002249276,0.425353163,0.011379052,-0.030516406,0.028186407,-0.012811372,-0.001144650,-0.840753731,0.015267021,0.999283927,0.201360741,-0.013798064,0.008546613,-0.054877608,0.074940241,0.021609618,-0.216634687,-0.170078974,-0.004340332
6390,6.390000,step_3,0,6.391000,0.041585641,0.039586562,0.032415664,0.034569720,0.071867500,0.195360776,0.030730000,0.057436207,0.230595951,0.014009184,0.163132424,-0.192337808,0.040708944,0.150185870,-0.227157800,0.027032292,0.655944234,-0.100142446,0.040803453,-0.183354374,0.033191278,0.048146548,-0.000498814,0.001800898,0.063922979,-0.042687930,0.791931990,-0.021601106,-0.046648388,-0.022030435,0.036919320,-0.033389283,0.001693170,0.008898565,-0.001780811,0.030950098,0.029508719,-0.093460171,0.033545796,0.002177458,0.425595179,0.011244533,-0.030056752,0.028463344,-0.013337449,0.000566250,-0.840855417,0.015459282,0.999421790,0.199759512,-0.014505917,0.008769131,-0.056711028,0.074638798,0.022643319,-0.217145327,-0.168304020,-0.003134740
6400,6.400000,step_3,0,6.401000,0.041384390,0.039348514,0.033228599,0.035444849,0.071867500,0.195360776,0.030730000,0.057515901,0.230384244,0.013995124,0.163132424,-0.192337808,0.040708944,0.150281226,-0.226928115,0.027046481,0.654185965,-0.094852263,0.040542052,-0.182457614,0.033191133,0.048038011,-0.000609074,0.003152659,0.058196163,-0.043349202,0.794848311,-0.021644301,-0.046517122,-0.021832646,0.036776900,-0.032922532,0.001660916,0.008959039,-0.001742939,0.030497974,0.029336044,-0.093375632,0.033034078,0.002103611,0.425847532,0.011104257,-0.029579514,0.028751688,-0.013862203,0.002274075,-0.840955824,0.015651262,0.999559112,0.198162583,-0.015216788,0.008982615,-0.058537284,0.074335897,0.023687899,-0.217654691,-0.166533126,-0.001920101
6410,6.410000,step_3,0,6.411000,0.041176152,0.039102183,0.034038549,0.036315017,0.071867500,0.195360776,0.030730000,0.057598446,0.230164942,0.013980683,0.163132424,-0.192337808,0.040708944,0.150379869,-0.226690354,0.027061392,0.652404569,-0.089493198,0.040276840,-0.181551346,0.033190940,0.047929580,-0.000719517,0.004513223,0.052402467,-0.044012107,0.797794631,-0.021688342,-0.046385413,-0.021633630,0.036629288,-0.032438937,0.001627342,0.009021571,-0.001703522,0.030028791,0.029156841,-0.093288991,0.032504115,0.002027764,0.426110324,0.010958212,-0.029084753,0.029051496,-0.014385011,0.003976907,-0.841054775,0.015842799,0.999695715,0.196571864,-0.015930007,0.009186546,-0.060354163,0.074031716,0.024742585,-0.218162161,-0.164768423,-0.000697487
6420,6.420000,step_3,0,6.421000,0.040960983,0.038847633,0.034844603,0.037179183,0.071867500,0.195360776,0.030730000,0.057683831,0.229938078,0.013965875,0.163132424,-0.192337808,0.040708944,0.150481776,-0.226444568,0.027077046,0.650600582,-0.084066965,0.040007909,-0.180635853,0.033190689,0.047821397,-0.000830027,0.005882020,0.046544070,-0.044676430,0.800768865,-0.021733205,-0.046253408,-0.021433572,0.036476509,-0.031938563,0.001592453,0.009086159,-0.001662561,0.029542585,0.028971113,-0.093200343,0.031956010,0.001949945,0.426383649,0.010806394,-0.028572548,0.029362817,-0.014905265,0.005672867,-0.841152100,0.016033733,0.999831424,0.194989226,-0.016644913,0.009380426,-0.062159503,0.073726433,0.025806602,-0.218667134,-0.163012003,0.000532037
6430,6.430000,step_3,0,6.431000,0.040738952,0.038584936,0.035645865,0.038036330,0.071867500,0.195360776,0.030730000,0.057772041,0.229703693,0.013950717,0.163132424,-0.192337808,0.040708944,0.150586917,-0.226190816,0.027093462,0.648774571,-0.078575367,0.039735355,-0.179711428,0.033190374,0.047713602,-0.000940489,0.007258457,0.040623240,-0.045341958,0.803768916,-0.021778869,-0.046121250,-0.021232657,0.036318594,-0.031421499,0.001556254,0.009152800,-0.001620060,0.029039406,0.028778871,-0.093109793,0.031389889,0.001870183,0.426667594,0.010648804,-0.028043002,0.029685684,-0.015422367,0.007360111,-0.841247633,0.016223905,0.999966071,0.193416500,-0.017360856,0.009563780,-0.063951185,0.073420223,0.026879168,-0.219169021,-0.161265918,0.001767406
6440,6.440000,step_3,0,6.441000,0.040510137,0.038314174,0.036441463,0.038885461,0.071867500,0.195360776,0.030730000,0.057863058,0.229461836,0.013935224,0.163132424,-0.192337808,0.040708944,0.150695262,-0.225929170,0.027110660,0.646927136,-0.073020292,0.039459277,-0.178778379,0.033189985,0.047606333,-0.001050791,0.008641915,0.034642331,-0.046008471,0.806792678,-0.021825310,-0.045989079,-0.021031071,0.036155579,-0.030887846,0.001518750,0.009221493,-0.001576025,0.028519326,0.028580131,-0.093017446,0.030805899,0.001788512,0.426962237,0.010485447,-0.027496238,0.030020126,-0.015935732,0.009036833,-0.841341215,0.016413162,1.000099490,0.191855482,-0.018077192,0.009736157,-0.065727134,0.073113262,0.027959494,-0.219667245,-0.159532178,0.003007560
6450,6.450000,step_3,0,6.451000,0.040274622,0.038035441,0.037230537,0.039725604,0.071867500,0.195360776,0.030730000,0.057956860,0.229212564,0.013919415,0.163132424,-0.192337808,0.040708944,0.150806775,-0.225659708,0.027128659,0.645058910,-0.067403708,0.039179782,-0.177837026,0.033189516,0.047499722,-0.001160823,0.010031753,0.028603784,-0.046675750,0.809838039,-0.021872503,-0.045857032,-0.020828995,0.035987506,-0.030337728,0.001479952,0.009292230,-0.001530461,0.027982432,0.028374917,-0.092923415,0.030204208,0.001704965,0.427267650,0.010316338,-0.026932397,0.030366155,-0.016444790,0.010701264,-0.841432690,0.016601352,1.000231522,0.190307932,-0.018793290,0.009897129,-0.067485325,0.072805723,0.029046784,-0.220161247,-0.157812756,0.004251439
6460,6.460000,step_3,0,6.461000,0.040032505,0.037748839,0.038012252,0.040555809,0.071867500,0.195360776,0.030730000,0.058053425,0.228955942,0.013903308,0.163132424,-0.192337808,0.040708944,0.150921417,-0.225382518,0.027147480,0.643170557,-0.061727666,0.038896978,-0.176887699,0.033188960,0.047393902,-0.001270478,0.011427312,0.022510115,-0.047343572,0.812902888,-0.021920423,-0.045725245,-0.020626612,0.035814422,-0.029771284,0.001439868,0.009365005,-0.001483377,0.027428829,0.028163258,-0.092827815,0.029585001,0.001619579,0.427583895,0.010141493,-0.026351641,0.030723778,-0.016948980,0.012351671,-0.841521911,0.016788327,1.000362010,0.188775570,-0.019508523,0.010046293,-0.069223776,0.072497779,0.030140234,-0.220650479,-0.156109582,0.005497983
6470,6.470000,step_3,0,6.471000,0.039783888,0.037454480,0.038785786,0.041375146,0.071867500,0.195360776,0.030730000,0.058152725,0.228692043,0.013886921,0.163132424,-0.192337808,0.040708944,0.151039145,-0.225097696,0.027167141,0.641262770,-0.055994289,0.038610979,-0.175930739,0.033188308,0.047289000,-0.001379649,0.012827915,0.016363916,-0.048011713,0.815985109,-0.021969046,-0.045593850,-0.020424105,0.035636381,-0.029188670,0.001398510,0.009439811,-0.001434782,0.026858641,0.027945190,-0.092730765,0.028948487,0.001532389,0.427911027,0.009960936,-0.025754152,0.031092990,-0.017447756,0.013986357,-0.841608733,0.016973941,1.000490803,0.187260083,-0.020222277,0.010183270,-0.070940550,0.072189604,0.031239031,-0.221134406,-0.154424549,0.006746134
6480,6.480000,step_3,0,6.481000,0.039528886,0.037152487,0.039550338,0.042182710,0.071867500,0.195360776,0.030730000,0.058254730,0.228420948,0.013870275,0.163132424,-0.192337808,0.040708944,0.151159913,-0.224805349,0.027187661,0.639336273,-0.050205773,0.038321903,-0.174966499,0.033187556,0.047185142,-0.001488232,0.014232870,0.010167851,-0.048679946,0.819082595,-0.022018346,-0.045462979,-0.020221654,0.035453442,-0.028590059,0.001355891,0.009516636,-0.001384689,0.026272007,0.027720755,-0.092632389,0.028294891,0.001443435,0.428249093,0.009774697,-0.025140130,0.031473774,-0.017940584,0.015603663,-0.841693017,0.017158051,1.000617751,0.185763121,-0.020933943,0.010307707,-0.072633756,0.071881368,0.032342351,-0.221612506,-0.152759512,0.007994836
6490,6.490000,step_3,0,6.491000,0.039267619,0.036842991,0.040305126,0.042977618,0.071867500,0.195360776,0.030730000,0.058359409,0.228142744,0.013853390,0.163132424,-0.192337808,0.040708944,0.151283671,-0.224505589,0.027209059,0.637391817,-0.044364387,0.038029872,-0.173995343,0.033186695,0.047082453,-0.001596124,0.015641470,0.003924649,-0.049348045,0.822193244,-0.022068295,-0.045332761,-0.020019441,0.035265667,-0.027975642,0.001312025,0.009595469,-0.001333109,0.025669083,0.027490000,-0.092532813,0.027624457,0.001352759,0.428598131,0.009582809,-0.024509793,0.031866105,-0.018426940,0.017201965,-0.841774630,0.017340517,1.000742713,0.184286298,-0.021642923,0.010419273,-0.074301550,0.071573242,0.033449362,-0.222084272,-0.151116283,0.009243029
6500,6.500000,step_3,0,6.501000,0.039000219,0.036526130,0.041049384,0.043759009,0.071867500,0.195360776,0.030730000,0.058466726,0.227857526,0.013836286,0.163132424,-0.192337808,0.040708944,0.151410366,-0.224198538,0.027231353,0.635430180,-0.038472462,0.037735009,-0.173017644,0.033185721,0.046981051,-0.001703227,0.017052998,-0.002362894,-0.050015780,0.825314963,-0.022118866,-0.045203325,-0.019817646,0.035073127,-0.027345624,0.001266928,0.009676299,-0.001280056,0.025050042,0.027252979,-0.092432167,0.026937449,0.001260400,0.428958172,0.009385311,-0.023863378,0.032269947,-0.018906317,0.018779674,-0.841853445,0.017521200,1.000865549,0.182831193,-0.022348626,0.010517667,-0.075942132,0.071265398,0.034559218,-0.222549206,-0.149496638,0.010489655
6510,6.510000,step_3,0,6.511000,0.038726823,0.036202055,0.041782365,0.044526046,0.071867500,0.195360776,0.030730000,0.058576644,0.227565397,0.013818986,0.163132424,-0.192337808,0.040708944,0.151539943,-0.223884325,0.027254560,0.633452167,-0.032532396,0.037437444,-0.172033785,0.033184626,0.046881056,-0.001809440,0.018466726,-0.008691926,-0.050682924,0.828445673,-0.022170032,-0.045074800,-0.019616449,0.034875894,-0.026700225,0.001220616,0.009759110,-0.001225546,0.024415071,0.027009751,-0.092330584,0.026234146,0.001166404,0.429329237,0.009182250,-0.023201139,0.032685253,-0.019378215,0.020335240,-0.841929337,0.017699968,1.000986121,0.181399349,-0.023050469,0.010602610,-0.077553749,0.070958005,0.035671064,-0.223006825,-0.147902316,0.011733655
6520,6.520000,step_3,0,6.521000,0.038447579,0.035870922,0.042503341,0.045277913,0.071867500,0.195360776,0.030730000,0.058689123,0.227266464,0.013801511,0.163132424,-0.192337808,0.040708944,0.151672340,-0.223563087,0.027278698,0.631458606,-0.026546647,0.037137309,-0.171044157,0.033183406,0.046782583,-0.001914667,0.019881920,-0.015059536,-0.051349244,0.831583309,-0.022221763,-0.044947312,-0.019416030,0.034674048,-0.026039683,0.001173108,0.009843886,-0.001169595,0.023764375,0.026760380,-0.092228200,0.025514847,0.001070815,0.429711340,0.008973674,-0.022523348,0.033111968,-0.019842151,0.021867146,-0.842002189,0.017876687,1.001104300,0.179992275,-0.023747877,0.010673851,-0.079134692,0.070651234,0.036784033,-0.223456654,-0.146335015,0.012973970
6530,6.530000,step_3,0,6.531000,0.038162641,0.035532897,0.043211602,0.046013816,0.071867500,0.195360776,0.030730000,0.058804120,0.226960845,0.013783883,0.163132424,-0.192337808,0.040708944,0.151807497,-0.223234968,0.027303784,0.629450351,-0.020517732,0.036834739,-0.170049163,0.033182055,0.046685746,-0.002018814,0.021297838,-0.021462762,-0.052014511,0.834725825,-0.022274032,-0.044820989,-0.019216570,0.034467673,-0.025364249,0.001124423,0.009930612,-0.001112221,0.023098173,0.026504937,-0.092125151,0.024779866,0.000973679,0.430104484,0.008759638,-0.021830292,0.033550024,-0.020297652,0.023373914,-0.842071889,0.018051228,1.001219956,0.178611445,-0.024440285,0.010731165,-0.080683300,0.070345255,0.037897245,-0.223898234,-0.144796396,0.014209536
6540,6.540000,step_3,0,6.541000,0.037872172,0.035188155,0.043906456,0.046732987,0.071867500,0.195360776,0.030730000,0.058921589,0.226648660,0.013766124,0.163132424,-0.192337808,0.040708944,0.151945348,-0.222900122,0.027329833,0.627428279,-0.014448222,0.036529871,-0.169049213,0.033180567,0.046590656,-0.002121788,0.022713734,-0.027898591,-0.052678494,0.837871195,-0.022326808,-0.044695960,-0.019018246,0.034256856,-0.024674189,0.001074581,0.010019267,-0.001053443,0.022416698,0.026243499,-0.092021578,0.024029534,0.000875043,0.430508666,0.008540202,-0.021122276,0.033999346,-0.020744255,0.024854100,-0.842138328,0.018223465,1.001332965,0.177258299,-0.025127134,0.010774353,-0.082197955,0.070040239,0.039009807,-0.224331116,-0.143288082,0.015439293
6550,6.550000,step_3,0,6.551000,0.037576342,0.034836879,0.044587228,0.047434679,0.071867500,0.195360776,0.030730000,0.059041483,0.226330039,0.013748259,0.163132424,-0.192337808,0.040708944,0.152085825,-0.222558705,0.027356861,0.625393289,-0.008340741,0.036222847,-0.168044723,0.033178938,0.046497422,-0.002223497,0.024128859,-0.034363965,-0.053340962,0.841017415,-0.022380061,-0.044572354,-0.018821240,0.034041690,-0.023969783,0.001023604,0.010109833,-0.000993282,0.021720198,0.025976145,-0.091917623,0.023264199,0.000774956,0.430923872,0.008315430,-0.020399620,0.034459846,-0.021181515,0.026306296,-0.842201405,0.018393273,1.001443207,0.175934241,-0.025807873,0.010803242,-0.083677089,0.069736358,0.040120816,-0.224754861,-0.141811659,0.016662176
6560,6.560000,step_3,0,6.561000,0.037275330,0.034479257,0.045253263,0.048118166,0.071867500,0.195360776,0.030730000,0.059163753,0.226005117,0.013730311,0.163132424,-0.192337808,0.040708944,0.152228857,-0.222210885,0.027384881,0.623346300,-0.002197965,0.035913809,-0.167036121,0.033177162,0.046406153,-0.002323851,0.025542462,-0.040855782,-0.054001682,0.844162505,-0.022433760,-0.044450303,-0.018625730,0.033822272,-0.023251325,0.000971515,0.010202289,-0.000931758,0.021008937,0.025702962,-0.091813429,0.022484222,0.000673468,0.431350080,0.008085393,-0.019662659,0.034931427,-0.021608993,0.027729131,-0.842261019,0.018560530,1.001550563,0.174640642,-0.026481961,0.010817687,-0.085119177,0.069433782,0.041229355,-0.225169043,-0.140368675,0.017877123
6570,6.570000,step_3,0,6.571000,0.036969322,0.034115488,0.045903924,0.048782749,0.071867500,0.195360776,0.030730000,0.059288346,0.225674034,0.013712302,0.163132424,-0.192337808,0.040708944,0.152374369,-0.221856833,0.027413909,0.621288252,0.003977385,0.035602902,-0.166023839,0.033175236,0.046316952,-0.002422763,0.026953792,-0.047370901,-0.054660423,0.847304515,-0.022487873,-0.044329939,-0.018431894,0.033598705,-0.022519122,0.000918336,0.010296612,-0.000868895,0.020283190,0.025424041,-0.091709140,0.021689980,0.000570630,0.431787258,0.007850165,-0.018911745,0.035413982,-0.022026266,0.029121270,-0.842317080,0.018725119,1.001654919,0.173378837,-0.027148863,0.010817567,-0.086522742,0.069132684,0.042334496,-0.225573246,-0.138960641,0.019083068
6580,6.580000,step_3,0,6.581000,0.036658511,0.033745777,0.046538591,0.049427750,0.071867500,0.195360776,0.030730000,0.059415207,0.225336937,0.013694256,0.163132424,-0.192337808,0.040708944,0.152522286,-0.221496728,0.027443957,0.619220103,0.010182542,0.035290276,-0.165008319,0.033173155,0.046229924,-0.002520146,0.028362099,-0.053906144,-0.055316956,0.850441521,-0.022542368,-0.044211397,-0.018239912,0.033371092,-0.021773494,0.000864094,0.010392777,-0.000804716,0.019543248,0.025139480,-0.091604903,0.020881867,0.000466493,0.432235366,0.007609824,-0.018147241,0.035907395,-0.022432923,0.030481415,-0.842369498,0.018886922,1.001756166,0.172150130,-0.027808052,0.010802789,-0.087886354,0.068833237,0.043435299,-0.225967066,-0.137589030,0.020278945
6590,6.590000,step_3,0,6.591000,0.036343096,0.033370338,0.047156663,0.050052515,0.071867500,0.195360776,0.030730000,0.059544281,0.224993979,0.013676197,0.163132424,-0.192337808,0.040708944,0.152672530,-0.221130754,0.027475036,0.617142830,0.016414697,0.034976080,-0.163990005,0.033170914,0.046145169,-0.002615917,0.029766634,-0.060458299,-0.055971048,0.853571629,-0.022597213,-0.044094815,-0.018049962,0.033139545,-0.021014776,0.000808813,0.010490762,-0.000739245,0.018789415,0.024849379,-0.091500864,0.020060288,0.000361111,0.432694354,0.007364454,-0.017369529,0.036411538,-0.022828563,0.031808303,-0.842418190,0.019045825,1.001854195,0.170955787,-0.028459010,0.010773285,-0.089208630,0.068535616,0.044530813,-0.226350110,-0.136255278,0.021463692
6600,6.600000,step_3,0,6.601000,0.036023286,0.032989389,0.047757558,0.050656412,0.071867500,0.195360776,0.030730000,0.059675509,0.224645318,0.013658149,0.163132424,-0.192337808,0.040708944,0.152825019,-0.220759103,0.027507158,0.615057426,0.022671000,0.034660466,-0.162969352,0.033168511,0.046062787,-0.002709992,0.031166651,-0.067024125,-0.056622470,0.856692979,-0.022652374,-0.043980333,-0.017862222,0.032904175,-0.020243311,0.000752520,0.010590538,-0.000672509,0.018022007,0.024553844,-0.091397169,0.019225662,0.000254538,0.433164161,0.007114143,-0.016578999,0.036926274,-0.023212799,0.033100708,-0.842463076,0.019201717,1.001948901,0.169797041,-0.029101226,0.010729012,-0.090488232,0.068239995,0.045620077,-0.226721993,-0.134960785,0.022636244
6610,6.610000,step_3,0,6.611000,0.035699295,0.032603158,0.048340712,0.051238835,0.071867500,0.195360776,0.030730000,0.059808830,0.224291117,0.013640135,0.163132424,-0.192337808,0.040708944,0.152979669,-0.220381972,0.027540332,0.612964899,0.028948565,0.034343588,-0.161946819,0.033165940,0.045982876,-0.002802291,0.032561411,-0.073600349,-0.057270991,0.859803743,-0.022707819,-0.043868096,-0.017676869,0.032665101,-0.019459459,0.000695243,0.010692080,-0.000604534,0.017241352,0.024252987,-0.091293968,0.018378423,0.000146829,0.433644719,0.006858985,-0.015776059,0.037451456,-0.023585256,0.034357441,-0.842504082,0.019354490,1.002040184,0.168675091,-0.029734198,0.010669955,-0.091723873,0.067946551,0.046702121,-0.227082345,-0.133706910,0.023795538
6620,6.620000,step_3,0,6.621000,0.035371343,0.032211878,0.048905580,0.051799199,0.071867500,0.195360776,0.030730000,0.059944181,0.223931544,0.013622179,0.163132424,-0.192337808,0.040708944,0.153136395,-0.219999562,0.027574567,0.610866274,0.035244470,0.034025602,-0.160922868,0.033163200,0.045905532,-0.002892734,0.033950174,-0.080183677,-0.057916382,0.862902129,-0.022763511,-0.043758251,-0.017494080,0.032422444,-0.018663587,0.000637009,0.010795358,-0.000535347,0.016447792,0.023946923,-0.091191407,0.017519015,0.000038039,0.434135948,0.006599077,-0.014961127,0.037986927,-0.023945571,0.035577349,-0.842541138,0.019504037,1.002127945,0.167591100,-0.030357430,0.010596121,-0.092914310,0.067655462,0.047775965,-0.227430803,-0.132494978,0.024940515
6630,6.630000,step_3,0,6.631000,0.035039658,0.031815789,0.049451633,0.052336945,0.071867500,0.195360776,0.030730000,0.060081499,0.223566775,0.013604304,0.163132424,-0.192337808,0.040708944,0.153295110,-0.219612081,0.027609871,0.608762588,0.041555762,0.033706663,-0.159897969,0.033160285,0.045830849,-0.002981243,0.035332211,-0.086770789,-0.058558415,0.865986379,-0.022819417,-0.043650948,-0.017314031,0.032176326,-0.017856076,0.000577847,0.010900342,-0.000464978,0.015641681,0.023635771,-0.091089633,0.016647897,-0.000071775,0.434637761,0.006334521,-0.014134634,0.038532520,-0.024293394,0.036759318,-0.842574178,0.019650254,1.002212087,0.166546198,-0.030970437,0.010507542,-0.094058352,0.067366906,0.048840625,-0.227767017,-0.131326273,0.026070119
6640,6.640000,step_3,0,6.641000,0.034704475,0.031415138,0.049978363,0.052851538,0.071867500,0.195360776,0.030730000,0.060220717,0.223196986,0.013586534,0.163132424,-0.192337808,0.040708944,0.153455723,-0.219219742,0.027646250,0.606654891,0.047879456,0.033386932,-0.158872595,0.033157194,0.045758919,-0.003067743,0.036706796,-0.093358347,-0.059196860,0.869054773,-0.022875502,-0.043546341,-0.017136898,0.031926878,-0.017037317,0.000517788,0.011007002,-0.000393455,0.014823382,0.023319657,-0.090988794,0.015765537,-0.000182555,0.435150058,0.006065423,-0.013297022,0.039088058,-0.024628384,0.037902268,-0.842603141,0.019793041,1.002292519,0.165541479,-0.031572740,0.010404275,-0.095154853,0.067081064,0.049895109,-0.228090646,-0.130202041,0.027183296
6650,6.650000,step_3,0,6.651000,0.034366034,0.031010177,0.050485282,0.053342466,0.071867500,0.195360776,0.030730000,0.060361766,0.222822362,0.013568891,0.163132424,-0.192337808,0.040708944,0.153618143,-0.218822762,0.027683708,0.604544243,0.054212541,0.033066566,-0.157847223,0.033153923,0.045689832,-0.003152159,0.038073209,-0.099942995,-0.059831490,0.872105630,-0.022931729,-0.043444588,-0.016962855,0.031674228,-0.016207711,0.000456861,0.011115306,-0.000320809,0.013993273,0.022998709,-0.090889035,0.014872417,-0.000294245,0.435672731,0.005791893,-0.012448746,0.039653354,-0.024950217,0.039005158,-0.842627969,0.019932298,1.002369150,0.164578001,-0.032163869,0.010286398,-0.096202717,0.066798117,0.050938421,-0.228401359,-0.129123489,0.028278999
6660,6.660000,step_3,0,6.661000,0.034024581,0.030601164,0.050971917,0.053809242,0.071867500,0.195360776,0.030730000,0.060504577,0.222443090,0.013551399,0.163132424,-0.192337808,0.040708944,0.153782277,-0.218421363,0.027722251,0.602431717,0.060551980,0.032745727,-0.156822333,0.033150470,0.045623678,-0.003234419,0.039430738,-0.106521361,-0.060462076,0.875137305,-0.022988063,-0.043345848,-0.016792074,0.031418513,-0.015367671,0.000395098,0.011225220,-0.000247072,0.013151740,0.022673061,-0.090790502,0.013969027,-0.000406783,0.436205662,0.005514048,-0.011590269,0.040228212,-0.025258579,0.040066986,-0.842648609,0.020067931,1.002441891,0.163656787,-0.032743363,0.010154012,-0.097200896,0.066518246,0.051969564,-0.228698836,-0.128091783,0.029356189
6670,6.670000,step_3,0,6.671000,0.033680368,0.030188366,0.051437817,0.054251402,0.071867500,0.195360776,0.030730000,0.060649079,0.222059363,0.013534080,0.163132424,-0.192337808,0.040708944,0.153948029,-0.218015772,0.027761879,0.600318392,0.066894714,0.032424576,-0.155798408,0.033146832,0.045560542,-0.003314451,0.040778678,-0.113090063,-0.061088392,0.878148195,-0.023044467,-0.043250285,-0.016624727,0.031159868,-0.014517617,0.000332531,0.011336710,-0.000172275,0.012299181,0.022342848,-0.090693340,0.013055868,-0.000520112,0.436748723,0.005232005,-0.010722068,0.040812426,-0.025553168,0.041086785,-0.842665014,0.020199845,1.002510659,0.162778826,-0.033310768,0.010007241,-0.098148394,0.066241635,0.052987538,-0.228982766,-0.127108051,0.030413832
6680,6.680000,step_3,0,6.681000,0.033333654,0.029772050,0.051882549,0.054668508,0.071867500,0.195360776,0.030730000,0.060795198,0.221671376,0.013516955,0.163132424,-0.192337808,0.040708944,0.154115303,-0.217606220,0.027802594,0.598205358,0.073237663,0.032103275,-0.154775935,0.033143007,0.045500510,-0.003392187,0.042116331,-0.119645705,-0.061710209,0.881136734,-0.023100904,-0.043158064,-0.016460984,0.030898434,-0.013657981,0.000269191,0.011449742,-0.000096451,0.011436004,0.022008213,-0.090597690,0.012133453,-0.000634171,0.437301775,0.004945890,-0.009844626,0.041405781,-0.025833695,0.042063629,-0.842677136,0.020327949,1.002575370,0.161945067,-0.033865640,0.009846227,-0.099044261,0.065968468,0.053991346,-0.229252848,-0.126173374,0.031450904
6690,6.690000,step_3,0,6.691000,0.032984701,0.029352493,0.052305698,0.055060146,0.071867500,0.195360776,0.030730000,0.060942860,0.221279330,0.013500046,0.163132424,-0.192337808,0.040708944,0.154284000,-0.217192942,0.027844396,0.596093710,0.079577728,0.031781987,-0.153755401,0.033138992,0.045443663,-0.003467558,0.043443006,-0.126184888,-0.062327299,0.884101398,-0.023157336,-0.043069350,-0.016301013,0.030634355,-0.012789201,0.000205112,0.011564279,-0.000019634,0.010562627,0.021669300,-0.090503695,0.011202302,-0.000748900,0.437864671,0.004655829,-0.008958437,0.042008051,-0.026099884,0.042996629,-0.842684935,0.020452157,1.002635944,0.161156425,-0.034407543,0.009671133,-0.099887598,0.065698929,0.054979995,-0.229508790,-0.125288793,0.032466393
6700,6.700000,step_3,0,6.701000,0.032633779,0.028929976,0.052706870,0.055425928,0.071867500,0.195360776,0.030730000,0.061091990,0.220883429,0.013483375,0.163132424,-0.192337808,0.040708944,0.154454021,-0.216776176,0.027887281,0.593984549,0.085911796,0.031460875,-0.152737297,0.033134787,0.045390081,-0.003540500,0.044758020,-0.132704205,-0.062939434,0.887040703,-0.023213727,-0.042984311,-0.016144979,0.030367774,-0.011911727,0.000140328,0.011680283,0.000058142,0.009679477,0.021326259,-0.090411494,0.010262943,-0.000864237,0.438437253,0.004361954,-0.008064005,0.042619002,-0.026351470,0.043884933,-0.842688375,0.020572382,1.002692304,0.160413777,-0.034936052,0.009482140,-0.100677557,0.065433201,0.055952497,-0.229750310,-0.124455303,0.033459297
6710,6.710000,step_3,0,6.711000,0.032281162,0.028504784,0.053085689,0.055765488,0.071867500,0.195360776,0.030730000,0.061242508,0.220483881,0.013466961,0.163132424,-0.192337808,0.040708944,0.154625263,-0.216356164,0.027931247,0.591878983,0.092236742,0.031140103,-0.151722111,0.033130388,0.045339843,-0.003610948,0.046060698,-0.139200245,-0.063546384,0.889953204,-0.023270038,-0.042903113,-0.015993046,0.030098842,-0.011026013,0.000074871,0.011797716,0.000136842,0.008786990,0.020979241,-0.090321225,0.009315916,-0.000980120,0.439019353,0.004064402,-0.007161840,0.043238391,-0.026588203,0.044727731,-0.842687420,0.020688542,1.002744373,0.159717964,-0.035450747,0.009279447,-0.101413340,0.065171471,0.056907870,-0.229977134,-0.123673855,0.034428631
6720,6.720000,step_3,0,6.721000,0.031927127,0.028077208,0.053441800,0.056078488,0.071867500,0.195360776,0.030730000,0.061394338,0.220080897,0.013450824,0.163132424,-0.192337808,0.040708944,0.154797626,-0.215933152,0.027976288,0.589778119,0.098549428,0.030819834,-0.150710335,0.033125795,0.045293022,-0.003678841,0.047350372,-0.145669599,-0.064147921,0.892837499,-0.023326231,-0.042825922,-0.015845375,0.029827707,-0.010132526,0.000008777,0.011916540,0.000216429,0.007885614,0.020628403,-0.090233024,0.008361764,-0.001096488,0.439610794,0.003763312,-0.006252461,0.043865966,-0.026809843,0.045524250,-0.842682041,0.020800557,1.002792078,0.159069785,-0.035951222,0.009063269,-0.102094199,0.064913920,0.057845145,-0.230188997,-0.122945349,0.035373424
6730,6.730000,step_3,0,6.731000,0.031571959,0.027647543,0.053774866,0.056364613,0.071867500,0.195360776,0.030730000,0.061547398,0.219674692,0.013434984,0.163132424,-0.192337808,0.040708944,0.154971006,-0.215507388,0.028022397,0.587683070,0.104846710,0.030500231,-0.149702460,0.033121006,0.045249692,-0.003744117,0.048626382,-0.152108859,-0.064743811,0.895692226,-0.023382268,-0.042752900,-0.015702122,0.029554524,-0.009231735,-0.000057921,0.012036714,0.000296869,0.006975800,0.020273905,-0.090147024,0.007401040,-0.001213278,0.440211390,0.003458829,-0.005336394,0.044501465,-0.027016165,0.046273759,-0.842672212,0.020908350,1.002835348,0.158470005,-0.036437079,0.008833838,-0.102719438,0.064660732,0.058763365,-0.230385643,-0.122270638,0.036292720
6740,6.740000,step_3,0,6.741000,0.031215944,0.027216089,0.054084571,0.056623572,0.071867500,0.195360776,0.030730000,0.061701608,0.219265483,0.013419460,0.163132424,-0.192337808,0.040708944,0.155145298,-0.215079124,0.028069566,0.585594948,0.111125438,0.030181459,-0.148698976,0.033116020,0.045209922,-0.003806718,0.049888074,-0.158514622,-0.065333824,0.898516062,-0.023438109,-0.042684206,-0.015563443,0.029279446,-0.008324119,-0.000125186,0.012158197,0.000378122,0.006058011,0.019915909,-0.090063356,0.006434304,-0.001330427,0.440820943,0.003151100,-0.004414173,0.045144618,-0.027206956,0.046975564,-0.842657909,0.021011847,1.002874114,0.157919346,-0.036907927,0.008591397,-0.103288413,0.064412088,0.059661586,-0.230566822,-0.121650523,0.037185586
6750,6.750000,step_3,0,6.751000,0.030859374,0.026783149,0.054370617,0.056855103,0.071867500,0.195360776,0.030730000,0.061856885,0.218853490,0.013404268,0.163132424,-0.192337808,0.040708944,0.155320398,-0.214648613,0.028117785,0.583514867,0.117382460,0.029863679,-0.147700372,0.033110836,0.045173778,-0.003866587,0.051134804,-0.164883491,-0.065917723,0.901307729,-0.023493717,-0.042619994,-0.015429488,0.029002631,-0.007410164,-0.000192983,0.012280947,0.000460152,0.005132718,0.019554582,-0.089982149,0.005462122,-0.001447871,0.441439248,0.002840277,-0.003486335,0.045795148,-0.027382015,0.047629014,-0.842639113,0.021110978,1.002908308,0.157418493,-0.037363389,0.008336205,-0.103800530,0.064168167,0.060538885,-0.230732294,-0.121085751,0.038051107
6760,6.760000,step_3,0,6.761000,0.030502545,0.026349031,0.054632728,0.057058966,0.071867500,0.195360776,0.030730000,0.062013147,0.218438937,0.013389427,0.163132424,-0.192337808,0.040708944,0.155496197,-0.214216112,0.028167041,0.581443938,0.123614622,0.029547056,-0.146707136,0.033105453,0.045141323,-0.003923671,0.052365932,-0.171212079,-0.066495272,0.904065984,-0.023549051,-0.042560412,-0.015300405,0.028724237,-0.006490360,-0.000261276,0.012404922,0.000542919,0.004200397,0.019190092,-0.089903530,0.004485064,-0.001565548,0.442066092,0.002526516,-0.002553426,0.046452767,-0.027541156,0.048233497,-0.842615807,0.021205672,1.002937867,0.156968089,-0.037803097,0.008068531,-0.104255247,0.063929146,0.061394356,-0.230881825,-0.120577014,0.038888392
6770,6.770000,step_3,0,6.771000,0.030145755,0.025914048,0.054870646,0.057234947,0.071867500,0.195360776,0.030730000,0.062170307,0.218022049,0.013374951,0.163132424,-0.192337808,0.040708944,0.155672591,-0.213781878,0.028217322,0.579383269,0.129818776,0.029231750,-0.145719752,0.033099870,0.045112616,-0.003977915,0.053580829,-0.177497013,-0.067066232,0.906789630,-0.023604074,-0.042505600,-0.015176335,0.028444426,-0.005565205,-0.000330029,0.012530077,0.000626386,0.003261533,0.018822612,-0.089827621,0.003503707,-0.001683393,0.442701249,0.002209975,-0.001615996,0.047117182,-0.027684204,0.048788442,-0.842587978,0.021295866,1.002962727,0.156568736,-0.038226693,0.007788656,-0.104652075,0.063695198,0.062227118,-0.231015189,-0.120124947,0.039696574
6780,6.780000,step_3,0,6.781000,0.029789305,0.025478513,0.055084137,0.057382857,0.071867500,0.195360776,0.030730000,0.062328282,0.217603055,0.013360858,0.163132424,-0.192337808,0.040708944,0.155849472,-0.213346173,0.028268612,0.577333966,0.135991777,0.028917924,-0.144738704,0.033094087,0.045087714,-0.004029269,0.054778871,-0.183734935,-0.067630361,0.909477507,-0.023658744,-0.042455687,-0.015057418,0.028163358,-0.004635200,-0.000399206,0.012656370,0.000710512,0.002316615,0.018452318,-0.089754542,0.002518632,-0.001801341,0.443344489,0.001890817,-0.000674599,0.047788090,-0.027810998,0.049293320,-0.842555616,0.021381498,1.002982827,0.156220995,-0.038633831,0.007496870,-0.104990580,0.063466494,0.063036314,-0.231132165,-0.119730127,0.040474812
6790,6.790000,step_3,0,6.791000,0.029433501,0.025042747,0.055272983,0.057502533,0.071867500,0.195360776,0.030730000,0.062486985,0.217182184,0.013347161,0.163132424,-0.192337808,0.040708944,0.156026731,-0.212909258,0.028320894,0.575297130,0.142130489,0.028605736,-0.143764471,0.033088104,0.045066669,-0.004077683,0.055959441,-0.189922503,-0.068187415,0.912128497,-0.023713025,-0.042410795,-0.014943786,0.027881199,-0.003700853,-0.000468770,0.012783753,0.000795257,0.001366142,0.018079387,-0.089684412,0.001530424,-0.001919329,0.443995571,0.001569209,0.000270205,0.048465181,-0.027921392,0.049747645,-0.842518714,0.021462508,1.002998108,0.155925385,-0.039024175,0.007193471,-0.105270375,0.063243200,0.063821113,-0.231232541,-0.119393069,0.041222295
6800,6.800000,step_3,0,6.801000,0.029078649,0.024607071,0.055436990,0.057593839,0.071867500,0.195360776,0.030730000,0.062646330,0.216759669,0.013333874,0.163132424,-0.192337808,0.040708944,0.156204260,-0.212471395,0.028374150,0.573273853,0.148231791,0.028295348,-0.142797527,0.033081920,0.045049528,-0.004123112,0.057121932,-0.196056402,-0.068737148,0.914741521,-0.023766875,-0.042371031,-0.014835569,0.027598112,-0.002762675,-0.000538684,0.012912183,0.000880581,0.000410615,0.017704000,-0.089617344,0.000539673,-0.002037291,0.444654246,0.001245320,0.001217854,0.049148140,-0.028015250,0.050150970,-0.842477269,0.021538842,1.003008515,0.155682381,-0.039397401,0.006878764,-0.105491132,0.063025477,0.064580716,-0.231316111,-0.119114225,0.041938240
6810,6.810000,step_3,0,6.811000,0.028725056,0.024171809,0.055575983,0.057656661,0.071867500,0.195360776,0.030730000,0.062806227,0.216335743,0.013321009,0.163132424,-0.192337808,0.040708944,0.156381950,-0.212032850,0.028428358,0.571265223,0.154292571,0.027986915,-0.141838343,0.033075536,0.045036336,-0.004165510,0.058265741,-0.202133338,-0.069279308,0.917315542,-0.023820256,-0.042336490,-0.014732890,0.027314265,-0.001821183,-0.000608911,0.013041612,0.000966442,-0.000549457,0.017326340,-0.089553451,-0.000453031,-0.002155163,0.445320258,0.000919322,0.002167783,0.049836643,-0.028092453,0.050502894,-0.842431278,0.021610446,1.003013991,0.155492416,-0.039753197,0.006553063,-0.105652574,0.062813481,0.065314355,-0.231382674,-0.118893983,0.042621896
6820,6.820000,step_3,0,6.821000,0.028373035,0.023737289,0.055689807,0.057690913,0.071867500,0.195360776,0.030730000,0.062966590,0.215910643,0.013308579,0.163132424,-0.192337808,0.040708944,0.156559693,-0.211593888,0.028483498,0.569272317,0.160309739,0.027680596,-0.140887386,0.033068952,0.045027131,-0.004204835,0.059390275,-0.208150049,-0.069813645,0.919849560,-0.023873128,-0.042307255,-0.014635866,0.027029824,-0.000876894,-0.000679413,0.013171993,0.001052798,-0.001513561,0.016946591,-0.089492841,-0.001447093,-0.002272879,0.445993343,0.000591392,0.003119422,0.050530360,-0.028152892,0.050803057,-0.842380745,0.021677272,1.003014486,0.155355876,-0.040091264,0.006216683,-0.105754478,0.062607363,0.066021297,-0.231432036,-0.118732664,0.043272546
6830,6.830000,step_3,0,6.831000,0.028022895,0.023303841,0.055778332,0.057696535,0.071867500,0.195360776,0.030730000,0.063127330,0.215484604,0.013296595,0.163132424,-0.192337808,0.040708944,0.156737380,-0.211154773,0.028539546,0.567296202,0.166280225,0.027376544,-0.139945115,0.033062169,0.045021949,-0.004241046,0.060494948,-0.214103304,-0.070339903,0.922342618,-0.023925453,-0.042283392,-0.014544608,0.026744958,0.000069667,-0.000750155,0.013303279,0.001139608,-0.002481179,0.016564943,-0.089435618,-0.002441916,-0.002390375,0.446673230,0.000261708,0.004072201,0.051228954,-0.028196476,0.051051143,-0.842325674,0.021739274,1.003009947,0.155273106,-0.040411315,0.005869948,-0.105796675,0.062407267,0.066700844,-0.231464012,-0.118630523,0.043889507
6840,6.840000,step_3,0,6.841000,0.027674948,0.022871797,0.055841444,0.057673492,0.071867500,0.195360776,0.030730000,0.063288356,0.215057864,0.013285066,0.163132424,-0.192337808,0.040708944,0.156914901,-0.210715774,0.028596476,0.565337936,0.172200982,0.027074914,-0.139011983,0.033055186,0.045020820,-0.004274105,0.061579184,-0.219989911,-0.070857826,0.924793796,-0.023977192,-0.042264952,-0.014459221,0.026459836,0.001017976,-0.000821097,0.013435421,0.001226828,-0.003451790,0.016181584,-0.089381884,-0.003436902,-0.002507585,0.447359643,-0.000069547,0.005025548,0.051932085,-0.028223123,0.051246879,-0.842266071,0.021796411,1.003000328,0.155244402,-0.040713074,0.005513181,-0.105779050,0.062213330,0.067352338,-0.231478419,-0.118587746,0.044472134
6850,6.850000,step_3,0,6.851000,0.027329506,0.022441490,0.055879055,0.057621775,0.071867500,0.195360776,0.030730000,0.063449580,0.214630664,0.013274000,0.163132424,-0.192337808,0.040708944,0.157092148,-0.210277155,0.028654261,0.563398561,0.178068994,0.026775856,-0.138088439,0.033048005,0.045023770,-0.004303975,0.062642414,-0.225806718,-0.071367154,0.927202218,-0.024028306,-0.042251970,-0.014379806,0.026174628,0.001967506,-0.000892202,0.013568371,0.001314415,-0.004424868,0.015796706,-0.089331739,-0.004431454,-0.002624443,0.448052296,-0.000402189,0.005978891,0.052639405,-0.028232770,0.051390037,-0.842201948,0.021848645,1.002985581,0.155270017,-0.040996281,0.005146709,-0.105701546,0.062025683,0.067975159,-0.231475085,-0.118604449,0.045019820
6860,6.860000,step_3,0,6.861000,0.026986879,0.022013256,0.055891095,0.057541401,0.071867500,0.195360776,0.030730000,0.063610911,0.214203241,0.013263407,0.163132424,-0.192337808,0.040708944,0.157269012,-0.209839183,0.028712874,0.561479107,0.183881272,0.026479519,-0.137174920,0.033040627,0.045030820,-0.004330624,0.063684077,-0.231550620,-0.071867628,0.929567043,-0.024078757,-0.042244467,-0.014306453,0.025889503,0.002917726,-0.000963433,0.013702078,0.001402326,-0.005399885,0.015410502,-0.089285277,-0.005424971,-0.002740884,0.448750901,-0.000736030,0.006931654,0.053350561,-0.028225363,0.051480434,-0.842133318,0.021895940,1.002965662,0.155350156,-0.041260690,0.004770863,-0.105564157,0.061844447,0.068568730,-0.231453843,-0.118680679,0.045531996
6870,6.870000,step_3,0,6.871000,0.026647377,0.021587431,0.055877519,0.057432415,0.071867500,0.195360776,0.030730000,0.063772259,0.213775837,0.013253292,0.163132424,-0.192337808,0.040708944,0.157445386,-0.209402124,0.028772283,0.559580589,0.189634867,0.026186050,-0.136271858,0.033033053,0.045041986,-0.004354020,0.064703624,-0.237218562,-0.072358988,0.931887474,-0.024128507,-0.042242443,-0.014239249,0.025604633,0.003868106,-0.001034753,0.013836494,0.001490517,-0.006376308,0.015023169,-0.089242591,-0.006416855,-0.002856842,0.449455162,-0.001070882,0.007883264,0.054065198,-0.028200867,0.051517931,-0.842060196,0.021938268,1.002940531,0.155484976,-0.041506066,0.004385972,-0.105366935,0.061669739,0.069132518,-0.231414534,-0.118816410,0.046008136
6880,6.880000,step_3,0,6.881000,0.026311309,0.021164353,0.055838302,0.057294885,0.071867500,0.195360776,0.030730000,0.063933533,0.213348691,0.013243661,0.163132424,-0.192337808,0.040708944,0.157621160,-0.208966244,0.028832457,0.557704003,0.195326864,0.025895594,-0.135379675,0.033025284,0.045057278,-0.004374135,0.065700516,-0.242807545,-0.072840974,0.934162751,-0.024177519,-0.042245887,-0.014178270,0.025320188,0.004818114,-0.001106123,0.013971567,0.001578943,-0.007353604,0.014634901,-0.089203769,-0.007406509,-0.002972252,0.450164779,-0.001406551,0.008833147,0.054782953,-0.028159257,0.051502435,-0.841982600,0.021975600,1.002910148,0.155674589,-0.041732191,0.003992366,-0.105109988,0.061501664,0.069666034,-0.231357007,-0.119011549,0.046447756
6890,6.890000,step_3,0,6.891000,0.025978978,0.020744360,0.055773440,0.057128909,0.071867500,0.195360776,0.030730000,0.064094642,0.212922045,0.013234520,0.163132424,-0.192337808,0.040708944,0.157796228,-0.208531806,0.028893364,0.555850331,0.200954394,0.025608294,-0.134498784,0.033017322,0.045076704,-0.004390941,0.066674225,-0.248314633,-0.073313326,0.936392156,-0.024225755,-0.042254769,-0.014123589,0.025036340,0.005767218,-0.001177506,0.014107248,0.001667560,-0.008331236,0.014245897,-0.089168897,-0.008393335,-0.003087048,0.450879446,-0.001742843,0.009780733,0.055503462,-0.028100527,0.051433898,-0.841900551,0.022007914,1.002874477,0.155919057,-0.041938861,0.003590376,-0.104793480,0.061340321,0.070168835,-0.231281121,-0.119265930,0.046850414
6900,6.900000,step_3,0,6.901000,0.025650687,0.020327790,0.055682955,0.056934610,0.071867500,0.195360776,0.030730000,0.064255497,0.212496138,0.013225871,0.163132424,-0.192337808,0.040708944,0.157970483,-0.208099073,0.028954968,0.554020532,0.206514632,0.025324287,-0.133629589,0.033009168,0.045100265,-0.004404415,0.067624233,-0.253736953,-0.073775789,0.938575012,-0.024273180,-0.042269046,-0.014075267,0.024753259,0.006714884,-0.001248864,0.014243484,0.001756323,-0.009308668,0.013856357,-0.089138057,-0.009376738,-0.003201164,0.451598856,-0.002079564,0.010725448,0.056226358,-0.028024681,0.051312320,-0.841814074,0.022035192,1.002833483,0.156218394,-0.042125888,0.003180329,-0.104417632,0.061185797,0.070640526,-0.231186743,-0.119579317,0.047215715
6910,6.910000,step_3,0,6.911000,0.025326734,0.019914981,0.055566888,0.056712139,0.071867500,0.195360776,0.030730000,0.064416006,0.212071212,0.013217717,0.163132424,-0.192337808,0.040708944,0.158143820,-0.207668308,0.029017234,0.552215546,0.212004806,0.025043710,-0.132772481,0.033000824,0.045127958,-0.004414537,0.068550037,-0.259071705,-0.074228107,0.940710680,-0.024319758,-0.042288658,-0.014033360,0.024471116,0.007660582,-0.001320161,0.014380226,0.001845187,-0.010285361,0.013466479,-0.089111328,-0.010356127,-0.003314536,0.452322695,-0.002416513,0.011666726,0.056951268,-0.027931740,0.051137747,-0.841723194,0.022057419,1.002787135,0.156572564,-0.042293100,0.002762555,-0.103982720,0.061038174,0.071080757,-0.231073753,-0.119951405,0.047543308
6920,6.920000,step_3,0,6.921000,0.025007412,0.019506270,0.055425304,0.056461672,0.071867500,0.195360776,0.030730000,0.064576079,0.211647505,0.013210060,0.163132424,-0.192337808,0.040708944,0.158316132,-0.207239770,0.029080124,0.550436291,0.217422197,0.024766698,-0.131927841,0.032992292,0.045159775,-0.004421288,0.069451147,-0.264316167,-0.074670032,0.942798564,-0.024365454,-0.042313535,-0.013997917,0.024190082,0.008603780,-0.001391359,0.014517421,0.001934106,-0.011260775,0.013076466,-0.089088786,-0.011330913,-0.003427097,0.453050648,-0.002753493,0.012603999,0.057677820,-0.027821740,0.050910270,-0.841627940,0.022074586,1.002735404,0.156981485,-0.042440339,0.002337379,-0.103489082,0.060897521,0.071489232,-0.230942038,-0.120381820,0.047832889
6930,6.930000,step_3,0,6.931000,0.024693007,0.019101993,0.055258292,0.056183416,0.071867500,0.195360776,0.030730000,0.064735626,0.211225257,0.013202901,0.163132424,-0.192337808,0.040708944,0.158487316,-0.206813718,0.029143601,0.548683661,0.222764145,0.024493379,-0.131096037,0.032983575,0.045195705,-0.004424651,0.070327089,-0.269467701,-0.075101321,0.944838109,-0.024410234,-0.042343592,-0.013968975,0.023910326,0.009543948,-0.001462420,0.014655018,0.002023033,-0.012234372,0.012686518,-0.089070504,-0.012300509,-0.003538783,0.453782396,-0.003090301,0.013536705,0.058405638,-0.027694732,0.050630031,-0.841528345,0.022086687,1.002678265,0.157445020,-0.042567466,0.001905125,-0.102937108,0.060763901,0.071865699,-0.230791502,-0.120870120,0.048084203
6940,6.940000,step_3,0,6.941000,0.024383801,0.018702484,0.055065961,0.055877602,0.071867500,0.195360776,0.030730000,0.064894556,0.210804705,0.013196237,0.163132424,-0.192337808,0.040708944,0.158657270,-0.206390408,0.029207625,0.546958526,0.228028054,0.024223880,-0.130277427,0.032974674,0.045235730,-0.004424615,0.071177402,-0.274523756,-0.075521738,0.946828801,-0.024454065,-0.042378734,-0.013946567,0.023632019,0.010480558,-0.001533307,0.014792964,0.002111924,-0.013205612,0.012296838,-0.089056550,-0.013264335,-0.003649529,0.454517618,-0.003426736,0.014464285,0.059134345,-0.027550781,0.050297216,-0.841424441,0.022093721,1.002615695,0.157962988,-0.042674359,0.001466116,-0.102327251,0.060637364,0.072209961,-0.230622060,-0.121415796,0.048297040
6950,6.950000,step_3,0,6.951000,0.024080066,0.018308074,0.054848445,0.055544492,0.071867500,0.195360776,0.030730000,0.065052780,0.210386088,0.013190069,0.163132424,-0.192337808,0.040708944,0.158825890,-0.205970093,0.029272154,0.545261728,0.233211394,0.023958324,-0.129472352,0.032965592,0.045279829,-0.004421170,0.072001647,-0.279481877,-0.075931053,0.948770168,-0.024496915,-0.042418857,-0.013930716,0.023355327,0.011413084,-0.001603985,0.014931207,0.002200732,-0.014173958,0.011907628,-0.089046990,-0.014221815,-0.003759271,0.455255993,-0.003762594,0.015386185,0.059863564,-0.027389968,0.049912064,-0.841316267,0.022095691,1.002547676,0.158535152,-0.042760912,0.001020670,-0.101660021,0.060517954,0.072521868,-0.230433642,-0.122018274,0.048471243
6960,6.960000,step_3,0,6.961000,0.023782067,0.017919093,0.054605903,0.055184372,0.071867500,0.195360776,0.030730000,0.065210208,0.209969639,0.013184394,0.163132424,-0.192337808,0.040708944,0.158993077,-0.205553025,0.029337147,0.543594083,0.238311708,0.023696832,-0.128681142,0.032956331,0.045327977,-0.004414307,0.072799399,-0.284339710,-0.076329049,0.950661780,-0.024538753,-0.042463847,-0.013921436,0.023080420,0.012341004,-0.001674415,0.015069696,0.002289411,-0.015138874,0.011519090,-0.089041888,-0.015172376,-0.003867943,0.455997196,-0.004097672,0.016301853,0.060592916,-0.027212389,0.049474857,-0.841203862,0.022092606,1.002474191,0.159161228,-0.042827038,0.000569106,-0.100935986,0.060405701,0.072801322,-0.230226193,-0.122676916,0.048606702
6970,6.970000,step_3,0,6.971000,0.023490059,0.017535865,0.054338515,0.054797561,0.071867500,0.195360776,0.030730000,0.065366753,0.209555593,0.013179207,0.163132424,-0.192337808,0.040708944,0.159158731,-0.205139450,0.029402561,0.541956378,0.243326614,0.023439516,-0.127904110,0.032946894,0.045380146,-0.004404025,0.073570255,-0.289095009,-0.076715520,0.952503253,-0.024579550,-0.042513584,-0.013918734,0.022807463,0.013263798,-0.001744562,0.015208378,0.002377913,-0.016099825,0.011131428,-0.089041303,-0.016115455,-0.003975483,0.456740904,-0.004431765,0.017210746,0.061322022,-0.027018157,0.048985931,-0.841087268,0.022084480,1.002395229,0.159840881,-0.042872667,0.000111738,-0.100155775,0.060300629,0.073048275,-0.229999675,-0.123391022,0.048703358
6980,6.980000,step_3,0,6.981000,0.023204287,0.017158711,0.054046485,0.054384402,0.071867500,0.195360776,0.030730000,0.065522326,0.209144182,0.013174504,0.163132424,-0.192337808,0.040708944,0.159322754,-0.204729615,0.029468353,0.540349370,0.248253815,0.023186491,-0.127141555,0.032937285,0.045436301,-0.004390320,0.074313834,-0.293745641,-0.077090272,0.954294242,-0.024619277,-0.042567942,-0.013922607,0.022536622,0.014180951,-0.001814390,0.015347201,0.002466193,-0.017056278,0.010744842,-0.089045292,-0.017050493,-0.004081827,0.457486792,-0.004764668,0.018112326,0.062050505,-0.026807397,0.048445668,-0.840966531,0.022071329,1.002310780,0.160573722,-0.042897751,-0.000351121,-0.099320075,0.060202750,0.073262729,-0.229754068,-0.124159828,0.048761203
6990,6.990000,step_3,0,6.991000,0.022924985,0.016787945,0.053730042,0.053945270,0.071867500,0.195360776,0.030730000,0.065676840,0.208735635,0.013170279,0.163132424,-0.192337808,0.040708944,0.159485050,-0.204323761,0.029534478,0.538773781,0.253091094,0.022937861,-0.126393760,0.032927506,0.045496407,-0.004373196,0.075029775,-0.298289590,-0.077453125,0.956034448,-0.024657908,-0.042626791,-0.013933045,0.022268061,0.015091950,-0.001883862,0.015486113,0.002554204,-0.018007705,0.010359535,-0.089053908,-0.017976938,-0.004186913,0.458234537,-0.005096176,0.019006060,0.062777988,-0.026580254,0.047854500,-0.840841700,0.022053177,1.002220841,0.161359314,-0.042902259,-0.000819161,-0.098429633,0.060112065,0.073444738,-0.229489371,-0.124982514,0.048780278
7000,7.000000,step_3,0,7.001000,0.022652372,0.016423875,0.053389438,0.053480567,0.071867500,0.195360776,0.030730000,0.065830209,0.208330182,0.013166527,0.163132424,-0.192337808,0.040708944,0.159645525,-0.203922123,0.029600890,0.537230304,0.257836329,0.022693730,-0.125660990,0.032917559,0.045560423,-0.004352659,0.075717745,-0.302724969,-0.077803916,0.957723619,-0.024695416,-0.042689997,-0.013950028,0.022001941,0.015996289,-0.001952944,0.015625061,0.002641899,-0.018953580,0.009975709,-0.089067202,-0.018894247,-0.004290678,0.458983815,-0.005426085,0.019891424,0.063504095,-0.026336885,0.047212912,-0.840712824,0.022030053,1.002125410,0.162197167,-0.042886179,-0.001292075,-0.097485257,0.060028566,0.073594404,-0.229205604,-0.125858198,0.048760678
7010,7.010000,step_3,0,7.011000,0.022386657,0.016066805,0.053024950,0.052990724,0.071867500,0.195360776,0.030730000,0.065982346,0.207928046,0.013163239,0.163132424,-0.192337808,0.040708944,0.159804086,-0.203524938,0.029667544,0.535719595,0.262487492,0.022454196,-0.124943495,0.032907450,0.045628305,-0.004328716,0.076377434,-0.307050021,-0.078142500,0.959361544,-0.024731777,-0.042757424,-0.013973528,0.021738423,0.016893467,-0.002021599,0.015763995,0.002729232,-0.019893380,0.009593562,-0.089085221,-0.019801886,-0.004393061,0.459734304,-0.005754189,0.020767901,0.064228454,-0.026077467,0.046521436,-0.840579958,0.022001989,1.002024492,0.163086738,-0.042849521,-0.001769556,-0.096487815,0.059952234,0.073711879,-0.228902807,-0.126785942,0.048702549
7020,7.020000,step_3,0,7.021000,0.022128031,0.015717025,0.052636879,0.052476201,0.071867500,0.195360776,0.030730000,0.066133167,0.207529450,0.013160408,0.163132424,-0.192337808,0.040708944,0.159960641,-0.203132432,0.029734393,0.534242273,0.267042654,0.022219352,-0.124241504,0.032897180,0.045700007,-0.004301379,0.077008561,-0.311263127,-0.078468750,0.960948061,-0.024766969,-0.042828936,-0.014003508,0.021477667,0.017782988,-0.002089793,0.015902862,0.002816155,-0.020826588,0.009213295,-0.089108010,-0.020699328,-0.004494001,0.460485686,-0.006080286,0.021634983,0.064950692,-0.025802189,0.045780655,-0.840443159,0.021969026,1.001918095,0.164027434,-0.042792316,-0.002251299,-0.095438235,0.059883040,0.073797366,-0.228581041,-0.127764753,0.048606087
7030,7.030000,step_3,0,7.031000,0.021876674,0.015374820,0.052225550,0.051937488,0.071867500,0.195360776,0.030730000,0.066282589,0.207134614,0.013158023,0.163132424,-0.192337808,0.040708944,0.160115103,-0.202744832,0.029801391,0.532798922,0.271499992,0.021989286,-0.123555229,0.032886753,0.045775478,-0.004270666,0.077610873,-0.315362812,-0.078782560,0.962483056,-0.024800972,-0.042904395,-0.014039923,0.021219829,0.018664361,-0.002157491,0.016041612,0.002902623,-0.021752691,0.008835106,-0.089135609,-0.021586056,-0.004593440,0.461237641,-0.006404171,0.022492169,0.065670442,-0.025511259,0.044991206,-0.840302486,0.021931206,1.001806232,0.165018608,-0.042714613,-0.002737001,-0.094337506,0.059820943,0.073851113,-0.228240393,-0.128793583,0.048471542
7040,7.040000,step_3,0,7.041000,0.021632745,0.015040461,0.051791313,0.051375102,0.071867500,0.195360776,0.030730000,0.066430529,0.206743754,0.013156076,0.163132424,-0.192337808,0.040708944,0.160267384,-0.202362357,0.029868490,0.531390086,0.275857791,0.021764082,-0.122884862,0.032876174,0.045854666,-0.004236593,0.078184148,-0.319347752,-0.079083844,0.963966458,-0.024833766,-0.042983667,-0.014082719,0.020965062,0.019537106,-0.002224660,0.016180193,0.002988589,-0.022671183,0.008459190,-0.089168057,-0.022461565,-0.004691318,0.461989856,-0.006725644,0.023338971,0.066387341,-0.025204900,0.044153772,-0.840158003,0.021888579,1.001688921,0.166059563,-0.042616486,-0.003226361,-0.093186679,0.059765890,0.073873417,-0.227880972,-0.129871328,0.048299215
7050,7.050000,step_3,0,7.051000,0.021396388,0.014714210,0.051334543,0.050789594,0.071867500,0.195360776,0.030730000,0.066576906,0.206357083,0.013154555,0.163132424,-0.192337808,0.040708944,0.160417399,-0.201985222,0.029935643,0.530016267,0.280114455,0.021543817,-0.122230575,0.032865445,0.045937514,-0.004199183,0.078728199,-0.323216778,-0.079372543,0.965398250,-0.024865333,-0.043066615,-0.014131832,0.020713520,0.020400746,-0.002291266,0.016318555,0.003074007,-0.023581563,0.008085744,-0.089205390,-0.023325360,-0.004787577,0.462742019,-0.007044504,0.024174907,0.067101026,-0.024883352,0.043269093,-0.840009776,0.021841202,1.001566184,0.167149547,-0.042498030,-0.003719076,-0.091986865,0.059717820,0.073864624,-0.227502913,-0.130996834,0.048089459
7060,7.060000,step_3,0,7.061000,0.021167729,0.014396312,0.050855639,0.050181538,0.071867500,0.195360776,0.030730000,0.066721641,0.205974810,0.013153449,0.163132424,-0.192337808,0.040708944,0.160565066,-0.201613636,0.030002801,0.528677926,0.284268503,0.021328563,-0.121592519,0.032854571,0.046023963,-0.004158464,0.079242869,-0.326968883,-0.079648619,0.966778461,-0.024895659,-0.043153108,-0.014187192,0.020465351,0.021254814,-0.002357275,0.016456647,0.003158830,-0.024483337,0.007714959,-0.089247639,-0.024176956,-0.004882163,0.463493822,-0.007360553,0.024999510,0.067811144,-0.024546871,0.042337958,-0.839857872,0.021789134,1.001438050,0.168287758,-0.042359360,-0.004214844,-0.090739235,0.059676656,0.073825123,-0.227106375,-0.132168892,0.047842678
7070,7.070000,step_3,0,7.071000,0.020946874,0.014086999,0.050355025,0.049551544,0.071867500,0.195360776,0.030730000,0.066864654,0.205597140,0.013152745,0.163132424,-0.192337808,0.040708944,0.160710306,-0.201247804,0.030069918,0.527375483,0.288318581,0.021118388,-0.120970823,0.032843555,0.046113953,-0.004114463,0.079728041,-0.330603230,-0.079912061,0.968107172,-0.024924729,-0.043243015,-0.014248717,0.020220703,0.022098851,-0.002422655,0.016594422,0.003243014,-0.025376017,0.007347028,-0.089294834,-0.025015882,-0.004975019,0.464244962,-0.007673594,0.025812320,0.068517343,-0.024195731,0.041361207,-0.839702365,0.021732443,1.001304553,0.169473338,-0.042200618,-0.004713365,-0.089445025,0.059642313,0.073755348,-0.226691547,-0.133386243,0.047559331
7080,7.080000,step_3,0,7.081000,0.020733910,0.013786486,0.049833152,0.048900246,0.071867500,0.195360776,0.030730000,0.067005869,0.205224275,0.013152431,0.163132424,-0.192337808,0.040708944,0.160853040,-0.200887923,0.030136945,0.526109311,0.292263466,0.020913353,-0.120365595,0.032832402,0.046207417,-0.004067215,0.080183633,-0.334119154,-0.080162888,0.969384515,-0.024952531,-0.043336208,-0.014316320,0.019979720,0.022932405,-0.002487373,0.016731828,0.003326513,-0.026259123,0.006982137,-0.089347002,-0.025841678,-0.005066092,0.464995139,-0.007983431,0.026612891,0.069219278,-0.023830220,0.040339734,-0.839543330,0.021671201,1.001165731,0.170705379,-0.042021965,-0.005214334,-0.088105528,0.059614692,0.073655780,-0.226258641,-0.134647577,0.047239926
7090,7.090000,step_3,0,7.091000,0.020528904,0.013494969,0.049290493,0.048228311,0.071867500,0.195360776,0.030730000,0.067145211,0.204856412,0.013152493,0.163132424,-0.192337808,0.040708944,0.160993195,-0.200534185,0.030203836,0.524879735,0.296102067,0.020713512,-0.119776918,0.032821117,0.046304291,-0.004016756,0.080609604,-0.337516171,-0.080401143,0.970610674,-0.024979056,-0.043432561,-0.014389903,0.019742542,0.023755038,-0.002551399,0.016868819,0.003409282,-0.027132186,0.006620474,-0.089404165,-0.026653899,-0.005155330,0.465744061,-0.008289875,0.027400791,0.069916610,-0.023450645,0.039274485,-0.839380845,0.021605488,1.001021629,0.171982918,-0.041823589,-0.005717448,-0.086722101,0.059593680,0.073526938,-0.225807900,-0.135951532,0.046885023
7100,7.100000,step_3,0,7.101000,0.020331901,0.013212625,0.048727549,0.047536435,0.071867500,0.195360776,0.030730000,0.067282605,0.204493743,0.013152916,0.163132424,-0.192337808,0.040708944,0.161130696,-0.200186776,0.030270541,0.523687038,0.299833435,0.020518915,-0.119204854,0.032809702,0.046404503,-0.003963128,0.081005956,-0.340793983,-0.080626901,0.971785888,-0.025004296,-0.043531952,-0.014469360,0.019509308,0.024566317,-0.002614701,0.017005347,0.003491276,-0.027994741,0.006262222,-0.089466344,-0.027452112,-0.005242683,0.466491438,-0.008592735,0.028175598,0.070609007,-0.023057330,0.038166460,-0.839214991,0.021535387,1.000872298,0.173304940,-0.041605700,-0.006222401,-0.085296163,0.059579154,0.073369388,-0.225339593,-0.137296697,0.046495235
7110,7.110000,step_3,0,7.111000,0.020142928,0.012939608,0.048144845,0.046825341,0.071867500,0.195360776,0.030730000,0.067417981,0.204136454,0.013153687,0.163132424,-0.192337808,0.040708944,0.161265476,-0.199845874,0.030337016,0.522531448,0.303456765,0.020329603,-0.118649439,0.032798163,0.046507982,-0.003906375,0.081372731,-0.343952484,-0.080840268,0.972910451,-0.025028244,-0.043634259,-0.014554576,0.019280151,0.025365822,-0.002677248,0.017141365,0.003572451,-0.028846337,0.005907560,-0.089533555,-0.028235901,-0.005328102,0.467236988,-0.008891826,0.028936906,0.071296143,-0.022650614,0.037016709,-0.839045853,0.021460990,1.000717794,0.174670376,-0.041368532,-0.006728884,-0.083829191,0.059570977,0.073183733,-0.224854019,-0.138681609,0.046071225
7120,7.120000,step_3,0,7.121000,0.019961986,0.012676049,0.047542931,0.046095786,0.071867500,0.195360776,0.030730000,0.067551268,0.203784730,0.013154790,0.163132424,-0.192337808,0.040708944,0.161397468,-0.199511652,0.030403212,0.521413147,0.306971403,0.020145613,-0.118110683,0.032786504,0.046614652,-0.003846546,0.081710018,-0.346991764,-0.081041381,0.973984713,-0.025050896,-0.043739366,-0.014645429,0.019055202,0.026153143,-0.002739010,0.017276827,0.003652764,-0.029686531,0.005556666,-0.089605814,-0.029004863,-0.005411540,0.467980435,-0.009186966,0.029684322,0.071977702,-0.022230856,0.035826337,-0.838873520,0.021382394,1.000558182,0.176078104,-0.041112345,-0.007236587,-0.082322728,0.059568997,0.072970618,-0.224351506,-0.140104756,0.045613707
7130,7.130000,step_3,0,7.131000,0.019789058,0.012422056,0.046922383,0.045348551,0.071867500,0.195360776,0.030730000,0.067682398,0.203438747,0.013156209,0.163132424,-0.192337808,0.040708944,0.161526607,-0.199184275,0.030469085,0.520332263,0.310376846,0.019966973,-0.117588572,0.032774729,0.046724435,-0.003783694,0.082017954,-0.349912117,-0.081230411,0.975009081,-0.025072251,-0.043847157,-0.014741788,0.018834590,0.026927882,-0.002799959,0.017411688,0.003732172,-0.030514889,0.005209713,-0.089683130,-0.029758611,-0.005492953,0.468721509,-0.009477974,0.030417468,0.072653373,-0.021798429,0.034596502,-0.838698082,0.021299702,1.000393529,0.177526948,-0.040837423,-0.007745192,-0.080778375,0.059573050,0.072730724,-0.223832413,-0.141564574,0.045123446
7140,7.140000,step_3,0,7.141000,0.019624105,0.012177708,0.046283803,0.044584452,0.071867500,0.195360776,0.030730000,0.067811305,0.203098676,0.013157929,0.163132424,-0.192337808,0.040708944,0.161652834,-0.198863899,0.030534588,0.519288871,0.313672757,0.019793708,-0.117083065,0.032762844,0.046837251,-0.003717875,0.082296723,-0.352714046,-0.081407561,0.975984022,-0.025092308,-0.043957516,-0.014843512,0.018618436,0.027689653,-0.002860066,0.017545904,0.003810631,-0.031330991,0.004866871,-0.089765512,-0.030496775,-0.005572298,0.469459949,-0.009764678,0.031135981,0.073322855,-0.021353726,0.033328415,-0.838519635,0.021213025,1.000223912,0.179015679,-0.040544078,-0.008254382,-0.079197796,0.059582958,0.072464771,-0.223297126,-0.143059451,0.044601258
7150,7.150000,step_3,0,7.151000,0.019467066,0.011943057,0.045627819,0.043804329,0.071867500,0.195360776,0.030730000,0.067937926,0.202764683,0.013159933,0.163132424,-0.192337808,0.040708944,0.161776091,-0.198550675,0.030599678,0.518282993,0.316858958,0.019625831,-0.116594095,0.032750853,0.046953016,-0.003649149,0.082546561,-0.355398266,-0.081573071,0.976910063,-0.025111069,-0.044070331,-0.014950454,0.018406861,0.028438082,-0.002919304,0.017679433,0.003888102,-0.032134426,0.004528305,-0.089852964,-0.031219002,-0.005649535,0.470195500,-0.010046906,0.031839515,0.073985857,-0.020897154,0.032023341,-0.838338274,0.021122477,1.000049415,0.180543013,-0.040232643,-0.008763833,-0.077582716,0.059598528,0.072173515,-0.222746064,-0.144587721,0.044048007
7160,7.160000,step_3,0,7.161000,0.019317859,0.011718126,0.044955083,0.043009056,0.071867500,0.195360776,0.030730000,0.068062198,0.202436929,0.013162205,0.163132424,-0.192337808,0.040708944,0.161896325,-0.198244744,0.030664311,0.517314593,0.319935444,0.019463352,-0.116121565,0.032738761,0.047071645,-0.003577583,0.082767756,-0.357965715,-0.081727215,0.977787795,-0.025128538,-0.044185491,-0.015062459,0.018199979,0.029172809,-0.002977644,0.017812231,0.003964542,-0.032924798,0.004194177,-0.089945488,-0.031924956,-0.005724626,0.470927913,-0.010324494,0.032527739,0.074642096,-0.020429141,0.030682597,-0.838154102,0.021028183,0.999870125,0.182107614,-0.039903482,-0.009273214,-0.075934920,0.059619552,0.071857744,-0.222179674,-0.146147670,0.043464610
7170,7.170000,step_3,0,7.171000,0.019176384,0.011502909,0.044266274,0.042199534,0.071867500,0.195360776,0.030730000,0.068184064,0.202115567,0.013164727,0.163132424,-0.192337808,0.040708944,0.162013484,-0.197946240,0.030728444,0.516383578,0.322902384,0.019306270,-0.115665351,0.032726573,0.047193047,-0.003503244,0.082960650,-0.360417552,-0.081870306,0.978617871,-0.025144720,-0.044302883,-0.015179361,0.017997901,0.029893487,-0.003035061,0.017944259,0.004039913,-0.033701720,0.003864645,-0.090043081,-0.032614320,-0.005797536,0.471656950,-0.010597279,0.033200342,0.075291300,-0.019950129,0.029307557,-0.837967223,0.020930271,0.999686140,0.183708090,-0.039556982,-0.009782191,-0.074256257,0.059645809,0.071518284,-0.221598437,-0.147737533,0.042852030
7180,7.180000,step_3,0,7.181000,0.019042519,0.011297366,0.043562095,0.041376692,0.071867500,0.195360776,0.030730000,0.068303465,0.201800744,0.013167483,0.163132424,-0.192337808,0.040708944,0.162127521,-0.197655287,0.030792036,0.515489798,0.325760124,0.019154579,-0.115225300,0.032714293,0.047317132,-0.003426206,0.083125643,-0.362755167,-0.082002694,0.979401011,-0.025159623,-0.044422397,-0.015300989,0.017800733,0.030599784,-0.003091530,0.018075478,0.004114174,-0.034464822,0.003539859,-0.090145739,-0.033286795,-0.005868231,0.472382382,-0.010865106,0.033857026,0.075933208,-0.019460579,0.027899644,-0.837777742,0.020828877,0.999497563,0.185342998,-0.039193559,-0.010290421,-0.072548635,0.059677062,0.071155991,-0.221002861,-0.149355490,0.042211282
7190,7.190000,step_3,0,7.191000,0.018916124,0.011101428,0.042843278,0.040541491,0.071867500,0.195360776,0.030730000,0.068420348,0.201492601,0.013170456,0.163132424,-0.192337808,0.040708944,0.162238394,-0.197372003,0.030855046,0.514633042,0.328509196,0.019008266,-0.114801229,0.032701927,0.047443803,-0.003346547,0.083263191,-0.364980186,-0.082124765,0.980138002,-0.025173257,-0.044543919,-0.015427163,0.017608576,0.031291380,-0.003147026,0.018205848,0.004187287,-0.035213746,0.003219969,-0.090253452,-0.033942102,-0.005936682,0.473103985,-0.011127827,0.034497515,0.076567567,-0.018960969,0.026460340,-0.837585773,0.020724144,0.999304504,0.187010837,-0.038813653,-0.010797555,-0.070814024,0.059713057,0.070771751,-0.220393489,-0.150999674,0.041543426
7200,7.200000,step_3,0,7.201000,0.018797040,0.010914994,0.042110579,0.039694919,0.071867500,0.195360776,0.030730000,0.068534662,0.201191270,0.013173627,0.163132424,-0.192337808,0.040708944,0.162346060,-0.197096494,0.030917436,0.513813036,0.331150321,0.018867306,-0.114392923,0.032689480,0.047572962,-0.003264347,0.083373812,-0.367094474,-0.082236947,0.980829701,-0.025185634,-0.044667339,-0.015557695,0.017421528,0.031967974,-0.003201525,0.018335334,0.004259216,-0.035948149,0.002905115,-0.090366207,-0.034579981,-0.006002862,0.473821547,-0.011385296,0.035121551,0.077194139,-0.018451796,0.024991178,-0.837391426,0.020616222,0.999107080,0.188710056,-0.038417735,-0.011303237,-0.069054454,0.059753529,0.070366483,-0.219770892,-0.152668163,0.040849572
7210,7.210000,step_3,0,7.211000,0.018685093,0.010737930,0.041364778,0.038837992,0.071867500,0.195360776,0.030730000,0.068646356,0.200896880,0.013176981,0.163132424,-0.192337808,0.040708944,0.162450486,-0.196828858,0.030979167,0.513029447,0.333684411,0.018731671,-0.114000139,0.032676956,0.047704508,-0.003179694,0.083458084,-0.369100141,-0.082339709,0.981477035,-0.025196768,-0.044792540,-0.015692389,0.017239678,0.032629278,-0.003255004,0.018463901,0.004329924,-0.036667703,0.002595435,-0.090483990,-0.035200194,-0.006066746,0.474534865,-0.011637376,0.035728894,0.077812696,-0.017933571,0.023493745,-0.837194820,0.020505268,0.998905418,0.190439047,-0.038006300,-0.011807102,-0.067272018,0.059798193,0.069941133,-0.219135675,-0.154358984,0.040130879
7220,7.220000,step_3,0,7.221000,0.018580092,0.010570071,0.040606683,0.037971759,0.071867500,0.195360776,0.030730000,0.068755386,0.200609547,0.013180500,0.163132424,-0.192337808,0.040708944,0.162551638,-0.196569185,0.031040204,0.512281874,0.336112577,0.018601322,-0.113622598,0.032664361,0.047838337,-0.003092676,0.083516649,-0.370999545,-0.082433557,0.982081006,-0.025206673,-0.044919408,-0.015831042,0.017063115,0.033275021,-0.003307442,0.018591514,0.004399377,-0.037372096,0.002291059,-0.090606781,-0.035802524,-0.006128315,0.475243744,-0.011883935,0.036319326,0.078423023,-0.017406825,0.021969683,-0.836996075,0.020391443,0.998699648,0.192196150,-0.037579872,-0.012308776,-0.065468867,0.059846751,0.069496677,-0.218488472,-0.156070110,0.039388549
7230,7.230000,step_3,0,7.231000,0.018481833,0.010411223,0.039837128,0.037097293,0.071867500,0.195360776,0.030730000,0.068861708,0.200329384,0.013184166,0.163132424,-0.192337808,0.040708944,0.162649488,-0.196317552,0.031100511,0.511569854,0.338436132,0.018476211,-0.113259993,0.032651699,0.047974340,-0.003003389,0.083550214,-0.372795301,-0.082519044,0.982642693,-0.025215369,-0.045047824,-0.015973442,0.016891917,0.033904950,-0.003358817,0.018718141,0.004467540,-0.038061032,0.001992113,-0.090734555,-0.036386775,-0.006187550,0.475948003,-0.012124849,0.036892647,0.079024917,-0.016872106,0.020420687,-0.836795312,0.020274919,0.998489911,0.193979650,-0.037139004,-0.012807877,-0.063647216,0.059898888,0.069034116,-0.217829950,-0.157799464,0.038623835
7240,7.240000,step_3,0,7.241000,0.018390098,0.010261162,0.039056973,0.036215699,0.071867500,0.195360776,0.030730000,0.068965283,0.200056495,0.013187963,0.163132424,-0.192337808,0.040708944,0.162744011,-0.196074028,0.031160057,0.510892855,0.340656593,0.018356283,-0.112911981,0.032638977,0.048112405,-0.002911932,0.083559554,-0.374490277,-0.082596760,0.983163251,-0.025222873,-0.045177669,-0.016119372,0.016726161,0.034518827,-0.003409111,0.018843753,0.004534382,-0.038734231,0.001698715,-0.090867286,-0.036952774,-0.006244437,0.476647466,-0.012360002,0.037448679,0.079618188,-0.016329978,0.018848508,-0.836592659,0.020155873,0.998276354,0.195787778,-0.036684275,-0.013304011,-0.061809338,0.059954275,0.068554479,-0.217160807,-0.159544914,0.037838034
7250,7.250000,step_3,0,7.251000,0.018304659,0.010119636,0.038267102,0.035328109,0.071867500,0.195360776,0.030730000,0.069066072,0.199790974,0.013191873,0.163132424,-0.192337808,0.040708944,0.162835188,-0.195838673,0.031218810,0.510250279,0.342775689,0.018241475,-0.112578185,0.032626198,0.048252419,-0.002818408,0.083545510,-0.376087609,-0.082667342,0.983643916,-0.025229208,-0.045308818,-0.016268606,0.016565916,0.035116434,-0.003458303,0.018968320,0.004599872,-0.039391432,0.001410978,-0.091004943,-0.037500372,-0.006298965,0.477341971,-0.012589282,0.037987267,0.080202662,-0.015781025,0.017254950,-0.836388243,0.020034489,0.998059130,0.197618711,-0.036216294,-0.013796776,-0.059957568,0.060012566,0.068058818,-0.216481773,-0.161304275,0.037032489
7260,7.260000,step_3,0,7.261000,0.018225277,0.009986370,0.037468427,0.034435685,0.071867500,0.195360776,0.030730000,0.069164042,0.199532908,0.013195881,0.163132424,-0.192337808,0.040708944,0.162923003,-0.195611533,0.031276741,0.509641459,0.344795365,0.018131714,-0.112258196,0.032613368,0.048394263,-0.002722925,0.083508996,-0.377590696,-0.082731469,0.984086008,-0.025234398,-0.045441145,-0.016420910,0.016411244,0.035697572,-0.003506376,0.019091816,0.004663979,-0.040032390,0.001129006,-0.091147489,-0.038029441,-0.006351129,0.478031365,-0.012812587,0.038508276,0.080778176,-0.015225845,0.015641870,-0.836182198,0.019910959,0.997838402,0.199470572,-0.035735698,-0.014285759,-0.058094302,0.060073399,0.067548212,-0.215793611,-0.163075309,0.036208587
7270,7.270000,step_3,0,7.271000,0.018151704,0.009861063,0.036661884,0.033539616,0.071867500,0.195360776,0.030730000,0.069259162,0.199282375,0.013199969,0.163132424,-0.192337808,0.040708944,0.163007444,-0.195392647,0.031333822,0.509065657,0.346717779,0.018026917,-0.111951568,0.032600492,0.048537815,-0.002625594,0.083450997,-0.379003207,-0.082789864,0.984490931,-0.025238467,-0.045574520,-0.016576045,0.016262205,0.036262057,-0.003553314,0.019214216,0.004726677,-0.040656880,0.000852899,-0.091294887,-0.038539880,-0.006400924,0.478715507,-0.013029825,0.039011594,0.081344582,-0.014665056,0.014011182,-0.835974656,0.019785482,0.997614339,0.201341433,-0.035243152,-0.014770535,-0.056221996,0.060136397,0.067023762,-0.215097113,-0.164855724,0.035367763
7280,7.280000,step_3,0,7.281000,0.018083687,0.009743396,0.035848437,0.032641120,0.071867500,0.195360776,0.030730000,0.069351406,0.199039446,0.013204123,0.163132424,-0.192337808,0.040708944,0.163088504,-0.195182039,0.031390029,0.508522063,0.348545317,0.017926993,-0.111657818,0.032587575,0.048682951,-0.002526533,0.083372570,-0.380329087,-0.082843295,0.984860177,-0.025241445,-0.045708810,-0.016733762,0.016118848,0.036809729,-0.003599102,0.019335498,0.004787938,-0.041264696,0.000582748,-0.091447091,-0.039031612,-0.006448353,0.479394266,-0.013240909,0.039497133,0.081901749,-0.014099292,0.012364851,-0.835765756,0.019658264,0.997387118,0.203229308,-0.034739349,-0.015250669,-0.054343166,0.060201168,0.066486593,-0.214393105,-0.166643176,0.034511493
7290,7.290000,step_3,0,7.291000,0.018020967,0.009633031,0.035029074,0.031741445,0.071867500,0.195360776,0.030730000,0.069440749,0.198804180,0.013208325,0.163132424,-0.192337808,0.040708944,0.163166181,-0.194979726,0.031445337,0.508009795,0.350280587,0.017831843,-0.111376431,0.032574622,0.048829542,-0.002425862,0.083274847,-0.381572557,-0.082892577,0.985195330,-0.025243359,-0.045843877,-0.016893808,0.015981218,0.037340446,-0.003643724,0.019455640,0.004847738,-0.041855652,0.000318637,-0.091604053,-0.039504585,-0.006493419,0.480067524,-0.013445763,0.039964829,0.082449560,-0.013529204,0.010704898,-0.835555639,0.019529517,0.997156922,0.205132160,-0.034225014,-0.015725714,-0.052460389,0.060267303,0.065937853,-0.213682444,-0.168435264,0.033641299
7300,7.300000,step_3,0,7.301000,0.017963282,0.009529616,0.034204810,0.030841864,0.071867500,0.195360776,0.030730000,0.069527171,0.198576629,0.013212562,0.163132424,-0.192337808,0.040708944,0.163240477,-0.194785710,0.031499727,0.507527898,0.351926425,0.017741357,-0.111106849,0.032561637,0.048977455,-0.002323708,0.083159038,-0.382738121,-0.082938569,0.985498066,-0.025244243,-0.045979581,-0.017055921,0.015849353,0.037854087,-0.003687167,0.019574624,0.004906055,-0.042429580,0.000060640,-0.091765722,-0.039958774,-0.006536132,0.480735173,-0.013644319,0.040414640,0.082987911,-0.012955460,0.009033398,-0.835344445,0.019399463,0.996923944,0.207047898,-0.033700898,-0.016195210,-0.050576303,0.060334378,0.065378709,-0.212966019,-0.170229535,0.032758747
7310,7.310000,step_3,0,7.311000,0.017910368,0.009432788,0.033376684,0.029943681,0.071867500,0.195360776,0.030730000,0.069610656,0.198356834,0.013216818,0.163132424,-0.192337808,0.040708944,0.163311398,-0.194599982,0.031553179,0.507075341,0.353485904,0.017655416,-0.110848482,0.032548625,0.049126555,-0.002220199,0.083026429,-0.383830565,-0.082982177,0.985770158,-0.025244129,-0.046115775,-0.017219832,0.015723286,0.038350551,-0.003729421,0.019692433,0.004962866,-0.042986336,-0.000191172,-0.091932038,-0.040394179,-0.006576506,0.481397118,-0.013836518,0.040846553,0.083516718,-0.012378746,0.007352479,-0.835132322,0.019268329,0.996688381,0.208974379,-0.033167782,-0.016658688,-0.048693605,0.060401954,0.064810354,-0.212244751,-0.172023484,0.031865444
7320,7.320000,step_3,0,7.321000,0.017861959,0.009342178,0.032545764,0.029048228,0.071867500,0.195360776,0.030730000,0.069691191,0.198144827,0.013221078,0.163132424,-0.192337808,0.040708944,0.163378956,-0.194422522,0.031605677,0.506651017,0.354962328,0.017573891,-0.110600698,0.032535592,0.049276703,-0.002115471,0.082878385,-0.384854964,-0.083024355,0.986013477,-0.025243054,-0.046252310,-0.017385266,0.015603038,0.038829759,-0.003770474,0.019809054,0.005018153,-0.043525796,-0.000436742,-0.092102941,-0.040810830,-0.006614559,0.482053275,-0.014022312,0.041260575,0.084035913,-0.011799764,0.005664324,-0.834919417,0.019136352,0.996450441,0.210909405,-0.032626475,-0.017115663,-0.046815053,0.060469578,0.064233999,-0.211519592,-0.173814548,0.030963041
7330,7.330000,step_3,0,7.331000,0.017817794,0.009257408,0.031713141,0.028156864,0.071867500,0.195360776,0.030730000,0.069768767,0.197940630,0.013225331,0.163132424,-0.192337808,0.040708944,0.163443169,-0.194253297,0.031657207,0.506253743,0.356359243,0.017496643,-0.110362828,0.032522541,0.049427756,-0.002009661,0.082716351,-0.385816681,-0.083066101,0.986229998,-0.025241056,-0.046389033,-0.017551942,0.015488629,0.039291657,-0.003810317,0.019924475,0.005071898,-0.044047858,-0.000676018,-0.092278362,-0.041208783,-0.006650314,0.482703573,-0.014201661,0.041656744,0.084545441,-0.011219232,0.003971170,-0.834705879,0.019003774,0.996210334,0.212850726,-0.032077817,-0.017565639,-0.044943465,0.060536780,0.063650878,-0.210791528,-0.175600112,0.030053233
7340,7.340000,step_3,0,7.341000,0.017777609,0.009178103,0.030879933,0.027270977,0.071867500,0.195360776,0.030730000,0.069843379,0.197744254,0.013229561,0.163132424,-0.192337808,0.040708944,0.163504058,-0.194092262,0.031707757,0.505882256,0.357680436,0.017423525,-0.110134161,0.032509476,0.049579567,-0.001902914,0.082541854,-0.386721376,-0.083108465,0.986421797,-0.025238175,-0.046525783,-0.017719571,0.015380068,0.039736209,-0.003848942,0.020038687,0.005124086,-0.044552442,-0.000908958,-0.092458230,-0.041588123,-0.006683797,0.483347953,-0.014374539,0.042035121,0.085045268,-0.010637888,0.002275306,-0.834491862,0.018870845,0.995968283,0.214796040,-0.031522677,-0.018008109,-0.043081718,0.060603078,0.063062245,-0.210061573,-0.177377507,0.029137755
7350,7.350000,step_3,0,7.351000,0.017741148,0.009103888,0.030047282,0.026391982,0.071867500,0.195360776,0.030730000,0.069915026,0.197555700,0.013233757,0.163132424,-0.192337808,0.040708944,0.163561649,-0.193939357,0.031757319,0.505535215,0.358929939,0.017354377,-0.109913949,0.032496404,0.049731987,-0.001795377,0.082356502,-0.387575002,-0.083152543,0.986591063,-0.025234454,-0.046662400,-0.017887858,0.015277357,0.040163406,-0.003886342,0.020151683,0.005174704,-0.045039492,-0.001135529,-0.092642468,-0.041948963,-0.006715041,0.483986369,-0.014540926,0.042395795,0.085535377,-0.010056483,0.000579078,-0.834277519,0.018737825,0.995724513,0.216742991,-0.030961951,-0.018442553,-0.041232752,0.060667973,0.062469375,-0.209330778,-0.179144009,0.028218386
7360,7.360000,step_3,0,7.361000,0.017708159,0.009034392,0.029216358,0.025521323,0.071867500,0.195360776,0.030730000,0.069983711,0.197374960,0.013237908,0.163132424,-0.192337808,0.040708944,0.163615974,-0.193794512,0.031805886,0.505211197,0.360112031,0.017289032,-0.109701401,0.032483326,0.049884863,-0.001687201,0.082161989,-0.388383812,-0.083199478,0.986740090,-0.025229938,-0.046798715,-0.018056502,0.015180491,0.040573261,-0.003922514,0.020263459,0.005223741,-0.045508975,-0.001355706,-0.092830993,-0.042291448,-0.006744084,0.484618788,-0.014700815,0.042738884,0.086015768,-0.009475786,-0.001115117,-0.834063007,0.018604979,0.995479258,0.218689172,-0.030396566,-0.018868436,-0.039399564,0.060730953,0.061873568,-0.208600220,-0.180896842,0.027296945
7370,7.370000,step_3,0,7.371000,0.017678394,0.008969253,0.028388355,0.024660472,0.071867500,0.195360776,0.030730000,0.070049441,0.197202011,0.013242001,0.163132424,-0.192337808,0.040708944,0.163667073,-0.193657641,0.031853455,0.504908699,0.361231243,0.017227310,-0.109495685,0.032470248,0.050038036,-0.001578545,0.081960090,-0.389154360,-0.083250465,0.986871292,-0.025224673,-0.046934557,-0.018225192,0.015089458,0.040965812,-0.003957452,0.020374014,0.005271188,-0.045960884,-0.001569476,-0.093023716,-0.042615752,-0.006770967,0.485245189,-0.014854211,0.043064532,0.086486459,-0.008896582,-0.002804829,-0.833848484,0.018472581,0.995232758,0.220632124,-0.029827479,-0.019285215,-0.037585213,0.060791491,0.061276139,-0.207871013,-0.182633174,0.026375295
7380,7.380000,step_3,0,7.381000,0.017651614,0.008908117,0.027564492,0.023810928,0.071867500,0.195360776,0.030730000,0.070112229,0.197036823,0.013246026,0.163132424,-0.192337808,0.040708944,0.163714986,-0.193528647,0.031900023,0.504626135,0.362292355,0.017169023,-0.109295927,0.032457173,0.050191347,-0.001469568,0.081752668,-0.389893503,-0.083306746,0.986987194,-0.025218711,-0.047069749,-0.018393617,0.015004236,0.041341121,-0.003991155,0.020483350,0.005317040,-0.046395235,-0.001776834,-0.093220545,-0.042922079,-0.006795738,0.485865566,-0.015001130,0.043372913,0.086947488,-0.008319673,-0.004487551,-0.833634110,0.018340911,0.994985261,0.222569335,-0.029255674,-0.019692332,-0.035792816,0.060849048,0.060678432,-0.207144299,-0.184350120,0.025455339
7390,7.390000,step_3,0,7.391000,0.017627587,0.008850645,0.026746014,0.022974217,0.071867500,0.195360776,0.030730000,0.070172089,0.196879353,0.013249974,0.163132424,-0.192337808,0.040708944,0.163759763,-0.193407416,0.031945594,0.504361835,0.363300408,0.017113970,-0.109101209,0.032444105,0.050344631,-0.001360435,0.081541671,-0.390608404,-0.083369612,0.987090445,-0.025212101,-0.047204112,-0.018561453,0.014924796,0.041699276,-0.004023622,0.020591471,0.005361291,-0.046812070,-0.001977786,-0.093421381,-0.043210666,-0.006818450,0.486479925,-0.015141599,0.043664229,0.087398911,-0.007745875,-0.006160725,-0.833420047,0.018210260,0.994737018,0.224498243,-0.028682167,-0.020089217,-0.034025552,0.060903071,0.060081808,-0.206421252,-0.186044741,0.024539022
7400,7.400000,step_3,0,7.401000,0.017606090,0.008796510,0.025934191,0.022151895,0.071867500,0.195360776,0.030730000,0.070229043,0.196729545,0.013253835,0.163132424,-0.192337808,0.040708944,0.163801457,-0.193293823,0.031990170,0.504114045,0.364260697,0.017061942,-0.108910572,0.032431047,0.050497722,-0.001251317,0.081329132,-0.391306538,-0.083440406,0.987183815,-0.025204901,-0.047337459,-0.018728373,0.014851102,0.042040391,-0.004054854,0.020698384,0.005403940,-0.047211457,-0.002172348,-0.093626117,-0.043481782,-0.006839161,0.487088287,-0.015275658,0.043938714,0.087840803,-0.007176023,-0.007821741,-0.833206457,0.018080925,0.994488288,0.226416233,-0.028107999,-0.020475290,-0.032286657,0.060952992,0.059487655,-0.205703080,-0.187714043,0.023628331
7410,7.410000,step_3,0,7.411000,0.017586911,0.008745400,0.025130317,0.021345543,0.071867500,0.195360776,0.030730000,0.070283115,0.196587333,0.013257602,0.163132424,-0.192337808,0.040708944,0.163840129,-0.193187727,0.032033760,0.503880924,0.365178777,0.017012717,-0.108723011,0.032418002,0.050650449,-0.001142388,0.081117175,-0.391995687,-0.083520518,0.987270201,-0.025197166,-0.047469601,-0.018894043,0.014783107,0.042364605,-0.004084853,0.020804100,0.005444989,-0.047593492,-0.002360547,-0.093834644,-0.043735728,-0.006857933,0.487690686,-0.015403358,0.044196630,0.088273260,-0.006610966,-0.009467933,-0.832993505,0.017953210,0.994239337,0.228320642,-0.027534244,-0.020849959,-0.030579429,0.060998231,0.058897383,-0.204991020,-0.189354981,0.022725296
7420,7.420000,step_3,0,7.421000,0.017569844,0.008697022,0.024335712,0.020556773,0.071867500,0.195360776,0.030730000,0.070334335,0.196452638,0.013261266,0.163132424,-0.192337808,0.040708944,0.163875844,-0.193088971,0.032076373,0.503660546,0.366060468,0.016966064,-0.108537477,0.032404973,0.050802637,-0.001033825,0.080908009,-0.392683948,-0.083611392,0.987352628,-0.025188956,-0.047600345,-0.019058123,0.014720757,0.042672086,-0.004113624,0.020908633,0.005484441,-0.047958296,-0.002542419,-0.094046845,-0.043972839,-0.006874837,0.488287170,-0.015524765,0.044438270,0.088696398,-0.006051567,-0.011096583,-0.832781356,0.017827429,0.993990434,0.230208754,-0.026962003,-0.021212622,-0.028907224,0.061038197,0.058312429,-0.204286340,-0.190964456,0.021831988
7430,7.430000,step_3,0,7.431000,0.017554697,0.008651100,0.023551718,0.019787219,0.071867500,0.195360776,0.030730000,0.070382738,0.196325369,0.013264822,0.163132424,-0.192337808,0.040708944,0.163908674,-0.192997387,0.032118023,0.503450897,0.366911853,0.016921740,-0.108352876,0.032391964,0.050954108,-0.000925811,0.080703933,-0.393379736,-0.083714520,0.987434253,-0.025180334,-0.047729492,-0.019220265,0.014663991,0.042963027,-0.004141172,0.021012000,0.005522302,-0.048306018,-0.002718013,-0.094262597,-0.044193482,-0.006889948,0.488877802,-0.015639955,0.044663960,0.089110351,-0.005498708,-0.012704922,-0.832570175,0.017703903,0.993741855,0.232077802,-0.026392407,-0.021562666,-0.027273459,0.061072284,0.057734254,-0.203590341,-0.192539312,0.020950519
7440,7.440000,step_3,0,7.441000,0.017541288,0.008607376,0.022779704,0.019038548,0.071867500,0.195360776,0.030730000,0.070428362,0.196205423,0.013268264,0.163132424,-0.192337808,0.040708944,0.163938696,-0.192912788,0.032158725,0.503249874,0.367739282,0.016879492,-0.108168066,0.032378975,0.051104683,-0.000818533,0.080507334,-0.394091782,-0.083831445,0.987518370,-0.025171366,-0.047856841,-0.019380116,0.014612735,0.043237652,-0.004167505,0.021114220,0.005558581,-0.048636837,-0.002887390,-0.094481770,-0.044398062,-0.006903345,0.489462661,-0.015749021,0.044874058,0.089515278,-0.004953283,-0.014290126,-0.832360130,0.017582963,0.993493882,0.233924972,-0.025826615,-0.021899467,-0.025681609,0.061099874,0.057164347,-0.202904353,-0.194076345,0.020083046
7450,7.450000,step_3,0,7.451000,0.017529444,0.008565612,0.022021060,0.018312450,0.071867500,0.195360776,0.030730000,0.070471253,0.196092683,0.013271586,0.163132424,-0.192337808,0.040708944,0.163965994,-0.192834974,0.032198498,0.503055284,0.368549375,0.016839054,-0.107981861,0.032366011,0.051254176,-0.000712183,0.080320687,-0.394829140,-0.083963764,0.987608407,-0.025162120,-0.047982183,-0.019537315,0.014566909,0.043496212,-0.004192631,0.021215318,0.005593291,-0.048950960,-0.003050620,-0.094704230,-0.044587016,-0.006915116,0.490041839,-0.015852066,0.045068952,0.089911357,-0.004416204,-0.015849318,-0.832151387,0.017464944,0.993246799,0.235747397,-0.025265814,-0.022222394,-0.024135209,0.061120337,0.056604226,-0.202229739,-0.195572295,0.019231767
7460,7.460000,step_3,0,7.461000,0.017519006,0.008525588,0.021277200,0.017610643,0.071867500,0.195360776,0.030730000,0.070511459,0.195987020,0.013274784,0.163132424,-0.192337808,0.040708944,0.163990659,-0.192763729,0.032237364,0.502864844,0.369349023,0.016800150,-0.107793025,0.032353072,0.051402400,-0.000606955,0.080146560,-0.395601188,-0.084113124,0.987707935,-0.025152666,-0.048105309,-0.019691496,0.014526424,0.043738985,-0.004216562,0.021315321,0.005626445,-0.049248622,-0.003207787,-0.094929835,-0.044760818,-0.006925354,0.490615443,-0.015949209,0.045249065,0.090298786,-0.003888395,-0.017379572,-0.831944114,0.017350195,0.993000897,0.237542164,-0.024711222,-0.022530806,-0.022637851,0.061133031,0.056055439,-0.201567889,-0.197023849,0.018398926
7470,7.470000,step_3,0,7.471000,0.017509824,0.008487103,0.020549561,0.016934875,0.071867500,0.195360776,0.030730000,0.070549034,0.195888290,0.013277856,0.163132424,-0.192337808,0.040708944,0.164012786,-0.192698819,0.032275347,0.502676180,0.370145391,0.016762494,-0.107600276,0.032340160,0.051549165,-0.000503048,0.079987606,-0.396417631,-0.084281224,0.987820666,-0.025143080,-0.048226003,-0.019842284,0.014491180,0.043966281,-0.004239310,0.021414259,0.005658061,-0.049530090,-0.003358985,-0.095158436,-0.044919977,-0.006934156,0.491183598,-0.016040583,0.045414854,0.090677787,-0.003370797,-0.018877906,-0.831738478,0.017239068,0.992756471,0.239306309,-0.024164084,-0.022824056,-0.021193190,0.061137302,0.055519566,-0.200920226,-0.198427642,0.017586810
7480,7.480000,step_3,0,7.481000,0.017501761,0.008449976,0.019839599,0.016286916,0.071867500,0.195360776,0.030730000,0.070584038,0.195796339,0.013280798,0.163132424,-0.192337808,0.040708944,0.164032479,-0.192639997,0.032312476,0.502486824,0.370945921,0.016725786,-0.107402283,0.032327276,0.051694277,-0.000400668,0.079846570,-0.397288506,-0.084469817,0.987950458,-0.025133437,-0.048344047,-0.019989300,0.014461068,0.044178439,-0.004260889,0.021512167,0.005688161,-0.049795661,-0.003504324,-0.095389878,-0.045065042,-0.006941628,0.491746444,-0.016126334,0.045566809,0.091048605,-0.002864364,-0.020341288,-0.831534646,0.017131927,0.992513819,0.241036819,-0.023625673,-0.023101490,-0.019804935,0.061132484,0.054998219,-0.200288204,-0.199780257,0.016797749
7490,7.490000,step_3,0,7.491000,0.017494688,0.008414041,0.019148794,0.015668565,0.071867500,0.195360776,0.030730000,0.070616535,0.195710996,0.013283609,0.163132424,-0.192337808,0.040708944,0.164049847,-0.192586998,0.032348780,0.502294215,0.371758332,0.016689716,-0.107197664,0.032314421,0.051837539,-0.000300020,0.079726286,-0.398224181,-0.084680708,0.988101318,-0.025123817,-0.048459217,-0.020132156,0.014435970,0.044375830,-0.004281315,0.021609083,0.005716766,-0.050045662,-0.003643921,-0.095624001,-0.045196596,-0.006947881,0.492304135,-0.016206623,0.045705455,0.091411506,-0.002370065,-0.021766633,-0.831332785,0.017029144,0.992273244,0.242730634,-0.023097292,-0.023362445,-0.018476857,0.061117900,0.054493048,-0.199673304,-0.201078225,0.016034121
7500,7.500000,step_3,0,7.501000,0.017488490,0.008379151,0.018478644,0.015081648,0.071867500,0.195360776,0.030730000,0.070646596,0.195632078,0.013286288,0.163132424,-0.192337808,0.040708944,0.164065006,-0.192539541,0.032384295,0.502095697,0.372590627,0.016653963,-0.106984988,0.032301596,0.051978751,-0.000201317,0.079629679,-0.399235363,-0.084915759,0.988277401,-0.025114306,-0.048571286,-0.020270457,0.014415759,0.044558853,-0.004300607,0.021705049,0.005743905,-0.050280453,-0.003777912,-0.095860636,-0.045315262,-0.006953033,0.492856845,-0.016281628,0.045831352,0.091766780,-0.001888884,-0.023150805,-0.831133062,0.016931098,0.992035051,0.244384647,-0.022580271,-0.023606257,-0.017212786,0.061092858,0.054005737,-0.199077039,-0.202318023,0.015298351
7510,7.510000,step_3,0,7.511000,0.017483060,0.008345174,0.017830666,0.014528018,0.071867500,0.195360776,0.030730000,0.070674296,0.195559386,0.013288835,0.163132424,-0.192337808,0.040708944,0.164078079,-0.192497326,0.032419057,0.501888519,0.373451091,0.016618191,-0.106762772,0.032288802,0.052117709,-0.000104774,0.079559760,-0.400333100,-0.085176882,0.988483015,-0.025104987,-0.048680024,-0.020403803,0.014400296,0.044727941,-0.004318784,0.021800112,0.005769607,-0.050500426,-0.003906440,-0.096099608,-0.045421700,-0.006957207,0.493404762,-0.016351540,0.045945097,0.092114739,-0.001421817,-0.024490615,-0.830935641,0.016838178,0.991799551,0.245995701,-0.022075968,-0.023832257,-0.016016606,0.061056658,0.053538011,-0.198500949,-0.203496077,0.014592909
7520,7.520000,step_3,0,7.521000,0.017478303,0.008311991,0.017206393,0.014009552,0.071867500,0.195360776,0.030730000,0.070699716,0.195492708,0.013291251,0.163132424,-0.192337808,0.040708944,0.164089195,-0.192460039,0.032453107,0.501669834,0.374348294,0.016582057,-0.106529483,0.032276037,0.052254209,-0.000010613,0.079519631,-0.401528784,-0.085466049,0.988722621,-0.025095951,-0.048785194,-0.020531783,0.014389434,0.044883558,-0.004335868,0.021894321,0.005793904,-0.050706005,-0.004029665,-0.096340736,-0.045516610,-0.006960533,0.493948094,-0.016416567,0.046047321,0.092455722,-0.000969876,-0.025782826,-0.830740686,0.016750783,0.991567054,0.247560594,-0.021585770,-0.024039770,-0.014892265,0.061008585,0.053091638,-0.197946606,-0.204608763,0.013920317
7530,7.530000,step_3,0,7.531000,0.017474132,0.008279500,0.016607376,0.013528154,0.071867500,0.195360776,0.030730000,0.070722943,0.195431819,0.013293537,0.163132424,-0.192337808,0.040708944,0.164098492,-0.192427346,0.032486486,0.501436695,0.375291099,0.016545203,-0.106283534,0.032263302,0.052388040,0.000080945,0.079512482,-0.402834157,-0.085785286,0.989000834,-0.025087291,-0.048886559,-0.020653981,0.014383015,0.045026200,-0.004351882,0.021987731,0.005816834,-0.050897646,-0.004147760,-0.096583833,-0.045600734,-0.006963150,0.494487066,-0.016476931,0.046138695,0.092790090,-0.000534085,-0.027024146,-0.830548360,0.016669319,0.991337875,0.249076077,-0.021111092,-0.024228124,-0.013843764,0.060947914,0.052668427,-0.197415608,-0.205652402,0.013283143
7540,7.540000,step_3,0,7.541000,0.017470469,0.008247606,0.016035179,0.013085756,0.071867500,0.195360776,0.030730000,0.070744068,0.195376475,0.013295696,0.163132424,-0.192337808,0.040708944,0.164106112,-0.192398898,0.032519243,0.501186057,0.376288661,0.016507258,-0.106023285,0.032250595,0.052518991,0.000169670,0.079541592,-0.404261316,-0.086136676,0.989322427,-0.025079102,-0.048983876,-0.020769972,0.014380870,0.045156399,-0.004366853,0.022080400,0.005838436,-0.051075843,-0.004260911,-0.096828701,-0.045674850,-0.006965201,0.495021919,-0.016532873,0.046219925,0.093118229,-0.000115483,-0.028211233,-0.830358824,0.016594203,0.991112331,0.250538854,-0.020653377,-0.024396642,-0.012875165,0.060873906,0.052270237,-0.196909582,-0.206623267,0.012684009
7550,7.550000,step_3,0,7.551000,0.017467246,0.008216229,0.015491378,0.012684316,0.071867500,0.195360776,0.030730000,0.070763189,0.195326422,0.013297731,0.163132424,-0.192337808,0.040708944,0.164112207,-0.192374326,0.032551425,0.500914776,0.377350429,0.016467841,-0.105747042,0.032237916,0.052646847,0.000255331,0.079610326,-0.405822714,-0.086522361,0.989692330,-0.025071483,-0.049076899,-0.020879325,0.014382822,0.045274716,-0.004380807,0.022172392,0.005858752,-0.051241121,-0.004369318,-0.097075141,-0.045739781,-0.006966837,0.495552917,-0.016584647,0.046291756,0.093440551,0.000284880,-0.029340695,-0.830172236,0.016525858,0.990890741,0.251945584,-0.020214094,-0.024544653,-0.011990587,0.060785810,0.051898974,-0.196430185,-0.207517579,0.012125591
7560,7.560000,step_3,0,7.561000,0.017464403,0.008185295,0.014977562,0.012325818,0.071867500,0.195360776,0.030730000,0.070780412,0.195281386,0.013299645,0.163132424,-0.192337808,0.040708944,0.164116935,-0.192353242,0.032583087,0.500619607,0.378486154,0.016426559,-0.105453056,0.032225262,0.052771391,0.000337693,0.079722136,-0.407531169,-0.086944542,0.990115629,-0.025064536,-0.049165377,-0.020981598,0.014388680,0.045381749,-0.004393773,0.022263774,0.005877830,-0.051394040,-0.004473194,-0.097322943,-0.045796388,-0.006968215,0.496080340,-0.016632525,0.046354970,0.093757494,0.000665939,-0.030409087,-0.829988753,0.016464720,0.990673424,0.253292880,-0.019794744,-0.024671482,-0.011194205,0.060682863,0.051556595,-0.195979100,-0.208331507,0.011610616
7570,7.570000,step_3,0,7.571000,0.017461884,0.008154738,0.014495327,0.012012273,0.071867500,0.195360776,0.030730000,0.070795844,0.195241080,0.013301442,0.163132424,-0.192337808,0.040708944,0.164120462,-0.192335243,0.032614284,0.500297201,0.379705889,0.016383004,-0.105139522,0.032212632,0.052892402,0.000416516,0.079880561,-0.409399869,-0.087405482,0.990597570,-0.025058367,-0.049249056,-0.021076341,0.014398245,0.045478130,-0.004405785,0.022354618,0.005895718,-0.051535196,-0.004572770,-0.097571892,-0.045845578,-0.006969499,0.496604488,-0.016676798,0.046410390,0.094069520,0.001026616,-0.031412916,-0.829808529,0.016411233,0.990460702,0.254577311,-0.019396851,-0.024776463,-0.010490254,0.060564286,0.051245115,-0.195558036,-0.209061170,0.011141869
7580,7.580000,step_3,0,7.581000,0.017459644,0.008124498,0.014046279,0.011745719,0.071867500,0.195360776,0.030730000,0.070809602,0.195205202,0.013303130,0.163132424,-0.192337808,0.040708944,0.164122960,-0.192319904,0.032645075,0.499944105,0.381019994,0.016336759,-0.104804579,0.032200023,0.053009656,0.000491557,0.080089224,-0.411442375,-0.087907504,0.991143556,-0.025053085,-0.049327680,-0.021163097,0.014411307,0.045564525,-0.004416873,0.022445000,0.005912470,-0.051665222,-0.004668286,-0.097821766,-0.045888297,-0.006970863,0.497125683,-0.016717771,0.046458878,0.094377121,0.001365820,-0.032348637,-0.829631714,0.016365850,0.990252897,0.255795398,-0.019021970,-0.024858933,-0.009883025,0.060429289,0.050966606,-0.195168733,-0.209702636,0.010722195
7590,7.590000,step_3,0,7.591000,0.017457641,0.008094520,0.013632030,0.011528223,0.071867500,0.195360776,0.030730000,0.070821809,0.195173433,0.013304712,0.163132424,-0.192337808,0.040708944,0.164124610,-0.192306784,0.032675522,0.499556765,0.382439142,0.016287392,-0.104446306,0.032187433,0.053122929,0.000562567,0.080351834,-0.413672630,-0.088452994,0.991759144,-0.025048800,-0.049400988,-0.021241398,0.014427644,0.045641636,-0.004427076,0.022535003,0.005928144,-0.051784786,-0.004760003,-0.098072337,-0.045925537,-0.006972484,0.497644266,-0.016755767,0.046501335,0.094680813,0.001682450,-0.033212653,-0.829458456,0.016329034,0.990050332,0.256943621,-0.018671683,-0.024918234,-0.009376867,0.060277067,0.050723200,-0.194812956,-0.210251923,0.010354497
7600,7.600000,step_3,0,7.601000,0.017455840,0.008064752,0.013254201,0.011361880,0.071867500,0.195360776,0.030730000,0.070832591,0.195145438,0.013306196,0.163132424,-0.192337808,0.040708944,0.164125601,-0.192295420,0.032705692,0.499131516,0.383974320,0.016234458,-0.104062726,0.032174857,0.053231991,0.000629297,0.080672179,-0.416104961,-0.089044406,0.992450052,-0.025045628,-0.049468714,-0.021310766,0.014447024,0.045710202,-0.004436429,0.022624712,0.005942800,-0.051894593,-0.004848192,-0.098323369,-0.045958331,-0.006974549,0.498160602,-0.016791129,0.046538703,0.094981143,0.001975389,-0.034001319,-0.829288898,0.016301260,0.989853331,0.258018415,-0.018347599,-0.024953720,-0.008976185,0.060106799,0.050517095,-0.194492495,-0.210704999,0.010041743
7610,7.610000,step_3,0,7.611000,0.017454210,0.008035144,0.012914419,0.011248814,0.071867500,0.195360776,0.030730000,0.070842083,0.195120865,0.013307589,0.163132424,-0.192337808,0.040708944,0.164126128,-0.192285332,0.032735654,0.498664590,0.385636838,0.016177502,-0.103651802,0.032162292,0.053336611,0.000691490,0.081054131,-0.418754091,-0.089684258,0.993222148,-0.025043687,-0.049530592,-0.021370715,0.014469202,0.045770998,-0.004444973,0.022714218,0.005956501,-0.051995388,-0.004933142,-0.098574620,-0.045987760,-0.006977251,0.498675076,-0.016824215,0.046571966,0.095278683,0.002243510,-0.034710938,-0.829123180,0.016283011,0.989662216,0.259016170,-0.018051358,-0.024964752,-0.008685443,0.059917651,0.050350558,-0.194209170,-0.211057779,0.009786966
7620,7.620000,step_3,0,7.621000,0.017452724,0.008005648,0.012614324,0.011187234,0.071867500,0.195360776,0.030730000,0.070850426,0.195099347,0.013308899,0.163132424,-0.192337808,0.040708944,0.164126392,-0.192276026,0.032765481,0.498152107,0.387438330,0.016116053,-0.103211433,0.032149735,0.053436556,0.000748889,0.081412819,-0.421420390,-0.090328139,0.994025446,-0.025044208,-0.049575609,-0.021415329,0.014493925,0.045824833,-0.004452750,0.022803620,0.005969316,-0.052087950,-0.005015156,-0.098825842,-0.046014946,-0.006980781,0.499188092,-0.016855412,0.046602241,0.095574077,0.002485671,-0.035337764,-0.828961438,0.016274780,0.989477311,0.259933234,-0.017784625,-0.024950151,-0.008508815,0.059715280,0.050223067,-0.193971362,-0.211268116,0.009608219
7630,7.630000,step_3,0,7.631000,0.017451357,0.007976229,0.012355565,0.011156693,0.071867500,0.195360776,0.030730000,0.070857766,0.195080498,0.013310133,0.163132424,-0.192337808,0.040708944,0.164126534,-0.192267121,0.032795223,0.497590077,0.389390762,0.016049630,-0.102739462,0.032137180,0.053531590,0.000801230,0.081235828,-0.422792140,-0.090698690,0.994543543,-0.025047157,-0.049597644,-0.021440585,0.014520926,0.045872558,-0.004459802,0.022893017,0.005981317,-0.052173099,-0.005094555,-0.099076751,-0.046040941,-0.006984969,0.499699828,-0.016885396,0.046631107,0.095868103,0.002700720,-0.035877998,-0.828803802,0.016277073,0.989298937,0.260765909,-0.017549094,-0.024905695,-0.008421199,0.059557175,0.050088893,-0.193814661,-0.211356222,0.009483785
7640,7.640000,step_3,0,7.641000,0.017450090,0.007946889,0.012139815,0.011135449,0.071867500,0.195360776,0.030730000,0.070864258,0.195063918,0.013311302,0.163132424,-0.192337808,0.040708944,0.164126603,-0.192258437,0.032824887,0.496974400,0.391506434,0.015977736,-0.102233663,0.032124621,0.053621473,0.000848247,0.080698027,-0.423123841,-0.090849665,0.994871814,-0.025052183,-0.049605490,-0.021462361,0.014549927,0.045915060,-0.004466178,0.022982518,0.005992578,-0.052251696,-0.005171673,-0.099327106,-0.046066322,-0.006989359,0.500210061,-0.016914852,0.046659198,0.096160910,0.002887493,-0.036327792,-0.828650396,0.016290404,0.989127414,0.261510457,-0.017346489,-0.024844375,-0.008367076,0.059438452,0.049929638,-0.193710019,-0.211413812,0.009355044
7650,7.650000,step_3,0,7.651000,0.017448904,0.007917636,0.011968766,0.011112819,0.071867500,0.195360776,0.030730000,0.070870060,0.195049188,0.013312415,0.163132424,-0.192337808,0.040708944,0.164126597,-0.192249941,0.032854463,0.496300861,0.393797992,0.015899863,-0.101691749,0.032112054,0.053705964,0.000889669,0.080042437,-0.423008261,-0.090906071,0.995140412,-0.025057828,-0.049609340,-0.021485194,0.014580638,0.045953262,-0.004471923,0.023072235,0.006003179,-0.052324637,-0.005246862,-0.099576824,-0.046091223,-0.006993677,0.500718611,-0.016944080,0.046686553,0.096452407,0.003044812,-0.036683247,-0.828501339,0.016315301,0.988963063,0.262163093,-0.017178561,-0.024780185,-0.008314211,0.059338553,0.049758743,-0.193621847,-0.211480804,0.009215684
7660,7.660000,step_3,0,7.661000,0.017447781,0.007888475,0.011844144,0.011086022,0.071867500,0.195360776,0.030730000,0.070875341,0.195035871,0.013313482,0.163132424,-0.192337808,0.040708944,0.164126503,-0.192241665,0.032883946,0.495565131,0.396278428,0.015815490,-0.101111369,0.032099473,0.053784819,0.000925221,0.079389028,-0.422821174,-0.090947362,0.995410414,-0.025063257,-0.049614087,-0.021509607,0.014612760,0.045988130,-0.004477090,0.023162286,0.006013205,-0.052392862,-0.005320491,-0.099825911,-0.046115586,-0.006997830,0.501225423,-0.016973132,0.046713031,0.096742508,0.003171488,-0.036940412,-0.828356745,0.016352301,0.988806201,0.262719992,-0.017047091,-0.024718520,-0.008251996,0.059243295,0.049586080,-0.193532676,-0.211563843,0.009069583
7670,7.670000,step_3,0,7.671000,0.017446706,0.007859406,0.011767716,0.011056141,0.071867500,0.195360776,0.030730000,0.070880273,0.195023514,0.013314513,0.163132424,-0.192337808,0.040708944,0.164126310,-0.192233646,0.032913330,0.494762763,0.398961087,0.015724082,-0.100490102,0.032086870,0.053857793,0.000954626,0.078772308,-0.422716865,-0.091006403,0.995697888,-0.025068369,-0.049620814,-0.021535006,0.014645978,0.046020667,-0.004481731,0.023252795,0.006022740,-0.052457349,-0.005392943,-0.100074396,-0.046139315,-0.007001819,0.501730502,-0.017001957,0.046738497,0.097031172,0.003266320,-0.037095288,-0.828216718,0.016401953,0.988657143,0.263177283,-0.016953891,-0.024659654,-0.008181310,0.059146195,0.049415384,-0.193437416,-0.211658105,0.008921114
7680,7.680000,step_3,0,7.681000,0.017445662,0.007830428,0.011728415,0.011025112,0.071867500,0.195360776,0.030730000,0.070885014,0.195011692,0.013315524,0.163132424,-0.192337808,0.040708944,0.164126015,-0.192225902,0.032942615,0.494233955,0.400924441,0.015659420,-0.100010935,0.032076907,0.053902698,0.000966850,0.078187755,-0.422714001,-0.091087250,0.995999362,-0.025073222,-0.049629117,-0.021560732,0.014679964,0.046051874,-0.004485946,0.023343842,0.006031885,-0.052519509,-0.005464754,-0.100322301,-0.046162350,-0.007005681,0.502233873,-0.017030491,0.046762878,0.097318394,0.003327415,-0.037157428,-0.828093362,0.016450441,0.988520555,0.263458477,-0.016922851,-0.024602239,-0.008106594,0.059045993,0.049247032,-0.193337186,-0.211756576,0.008772989
7690,7.690000,step_3,0,7.691000,0.017444636,0.007801541,0.011706341,0.010994388,0.071867500,0.195360776,0.030730000,0.070889644,0.195000150,0.013316527,0.163132424,-0.192337808,0.040708944,0.164125619,-0.192218439,0.032971803,0.494148930,0.401592522,0.015644525,-0.099760453,0.032071675,0.053931782,0.000972160,0.077621210,-0.422777560,-0.091182474,0.996307075,-0.025077928,-0.049638156,-0.021586371,0.014714423,0.046082402,-0.004489968,0.023435271,0.006040846,-0.052580558,-0.005536271,-0.100569632,-0.046184673,-0.007009449,0.502735556,-0.017058694,0.046786165,0.097604187,0.003365765,-0.037179191,-0.827991249,0.016477345,0.988404066,0.263679054,-0.016900860,-0.024545027,-0.008031745,0.058943691,0.049080290,-0.193234826,-0.211854210,0.008626353
7700,7.700000,step_3,0,7.701000,0.017443624,0.007772742,0.011685185,0.010964681,0.071867500,0.195360776,0.030730000,0.070894181,0.194988814,0.013317524,0.163132424,-0.192337808,0.040708944,0.164125125,-0.192211249,0.033000893,0.494265701,0.401598162,0.015654879,-0.099612604,0.032068671,0.053952045,0.000976395,0.077061405,-0.422868006,-0.091283635,0.996615159,-0.025082571,-0.049647293,-0.021611745,0.014749225,0.046112422,-0.004493943,0.023526910,0.006049761,-0.052640770,-0.005607485,-0.100816388,-0.046206295,-0.007013146,0.503235562,-0.017086552,0.046808383,0.097888569,0.003397752,-0.037198458,-0.827897924,0.016491957,0.988295856,0.263893523,-0.016873182,-0.024487317,-0.007958919,0.058840675,0.048914409,-0.193132637,-0.211948677,0.008481421
7710,7.710000,step_3,0,7.711000,0.017442628,0.007744031,0.011659471,0.010936165,0.071867500,0.195360776,0.030730000,0.070898615,0.194977712,0.013318515,0.163132424,-0.192337808,0.040708944,0.164124538,-0.192204322,0.033029888,0.494425450,0.401447160,0.015671285,-0.099485439,0.032066116,0.053972180,0.000981649,0.076502499,-0.422959801,-0.091385257,0.996920687,-0.025087192,-0.049656209,-0.021636823,0.014784354,0.046141868,-0.004497917,0.023618688,0.006058673,-0.052700038,-0.005678329,-0.101062562,-0.046227241,-0.007016779,0.503733898,-0.017114070,0.046829569,0.098171557,0.003430912,-0.037228875,-0.827805300,0.016502809,0.988188215,0.264126541,-0.016838605,-0.024428864,-0.007888815,0.058737922,0.048748943,-0.193031829,-0.212039504,0.008338037
7720,7.720000,step_3,0,7.721000,0.017441649,0.007715405,0.011629497,0.010908754,0.071867500,0.195360776,0.030730000,0.070902935,0.194966890,0.013319497,0.163132424,-0.192337808,0.040708944,0.164123860,-0.192197646,0.033058788,0.494562258,0.401383385,0.015684440,-0.099345252,0.032063188,0.053994833,0.000988049,0.075942636,-0.423042239,-0.091485025,0.997222802,-0.025091805,-0.049664819,-0.021661628,0.014819833,0.046170623,-0.004501877,0.023710593,0.006067574,-0.052758177,-0.005748750,-0.101308147,-0.046247538,-0.007020350,0.504230566,-0.017141258,0.046849759,0.098453169,0.003466734,-0.037269666,-0.827710046,0.016514189,0.988077892,0.264376418,-0.016800089,-0.024369668,-0.007821336,0.058635883,0.048583715,-0.192932751,-0.212127062,0.008195991
7730,7.730000,step_3,0,7.731000,0.017440689,0.007686866,0.011597587,0.010882296,0.071867500,0.195360776,0.030730000,0.070907135,0.194956380,0.013320469,0.163132424,-0.192337808,0.040708944,0.164123096,-0.192191213,0.033087593,0.494666545,0.401455620,0.015692489,-0.099187366,0.032059755,0.054019803,0.000995069,0.075381913,-0.423113916,-0.091582622,0.997521618,-0.025096406,-0.049673155,-0.021686195,0.014855685,0.046198614,-0.004505801,0.023802639,0.006076438,-0.052815065,-0.005818729,-0.101553135,-0.046267211,-0.007023860,0.504725570,-0.017168126,0.046868986,0.098733418,0.003504230,-0.037315260,-0.827611930,0.016527263,0.987964668,0.264634631,-0.016760614,-0.024309809,-0.007756132,0.058534653,0.048418701,-0.192835315,-0.212211886,0.008055128
7740,7.740000,step_3,0,7.741000,0.017439745,0.007658410,0.011565774,0.010856669,0.071867500,0.195360776,0.030730000,0.070911214,0.194946188,0.013321429,0.163132424,-0.192337808,0.040708944,0.164122247,-0.192185013,0.033116306,0.494750014,0.401622525,0.015697019,-0.099017955,0.032055987,0.054046009,0.001002205,0.074820984,-0.423177195,-0.091678537,0.997817507,-0.025100987,-0.049681277,-0.021710549,0.014891918,0.046225820,-0.004509668,0.023894841,0.006085248,-0.052870662,-0.005888269,-0.101797520,-0.046286279,-0.007027307,0.505218912,-0.017194686,0.046887276,0.099012318,0.003542080,-0.037360730,-0.827511945,0.016541747,0.987849509,0.264893420,-0.016721897,-0.024249367,-0.007692883,0.058434168,0.048253933,-0.192739307,-0.212294383,0.007915365
7750,7.750000,step_3,0,7.751000,0.017438818,0.007630039,0.011535128,0.010831800,0.071867500,0.195360776,0.030730000,0.070915176,0.194936308,0.013322379,0.163132424,-0.192337808,0.040708944,0.164121318,-0.192179040,0.033144925,0.494825921,0.401827764,0.015700176,-0.098843893,0.032052084,0.054072453,0.001009175,0.074260423,-0.423234838,-0.091773352,0.998110775,-0.025105545,-0.049689232,-0.021734703,0.014928532,0.046252258,-0.004513471,0.023987211,0.006093996,-0.052924991,-0.005957384,-0.102041297,-0.046304761,-0.007030692,0.505710593,-0.017220944,0.046904652,0.099289880,0.003579431,-0.037403462,-0.827411092,0.016557031,0.987733398,0.265148604,-0.016684531,-0.024188397,-0.007631382,0.058334334,0.048089445,-0.192644546,-0.212374776,0.007776664
7760,7.760000,step_3,0,7.761000,0.017437906,0.007601750,0.011505917,0.010807650,0.071867500,0.195360776,0.030730000,0.070919025,0.194926727,0.013323318,0.163132424,-0.192337808,0.040708944,0.164120310,-0.192173287,0.033173453,0.494902366,0.402033299,0.015703408,-0.098669353,0.032048177,0.054098607,0.001015889,0.073700564,-0.423288702,-0.091867454,0.998401598,-0.025110077,-0.049697047,-0.021758663,0.014965518,0.046277960,-0.004517210,0.024079753,0.006102683,-0.052978095,-0.006026092,-0.102284460,-0.046322674,-0.007034016,0.506200619,-0.017246908,0.046921138,0.099566117,0.003615940,-0.037442793,-0.827309958,0.016572662,0.987616904,0.265399080,-0.016648504,-0.024126933,-0.007571527,0.058235082,0.047925260,-0.192550925,-0.212453161,0.007639009
7770,7.770000,step_3,0,7.771000,0.017437010,0.007573544,0.011478003,0.010784201,0.071867500,0.195360776,0.030730000,0.070922765,0.194917432,0.013324247,0.163132424,-0.192337808,0.040708944,0.164119227,-0.192167747,0.033201889,0.494982426,0.402223602,0.015707304,-0.098495909,0.032044314,0.054124330,0.001022353,0.073141550,-0.423339647,-0.091961017,0.998690051,-0.025114582,-0.049704734,-0.021782434,0.015002868,0.046302958,-0.004520887,0.024172470,0.006111312,-0.053030021,-0.006094407,-0.102527006,-0.046340033,-0.007037281,0.506688991,-0.017272583,0.046936754,0.099841040,0.003651577,-0.037479056,-0.827208730,0.016588426,0.987500208,0.265645330,-0.016613618,-0.024064997,-0.007513268,0.058136379,0.047761385,-0.192458397,-0.212529575,0.007502387
7780,7.780000,step_3,0,7.781000,0.017436126,0.007545420,0.011451150,0.010761440,0.071867500,0.195360776,0.030730000,0.070926400,0.194908410,0.013325167,0.163132424,-0.192337808,0.040708944,0.164118070,-0.192162413,0.033230234,0.495066319,0.402397757,0.015711895,-0.098323665,0.032040495,0.054149682,0.001028603,0.072583423,-0.423387895,-0.092054076,0.998976160,-0.025119060,-0.049712293,-0.021806017,0.015040573,0.046327278,-0.004524508,0.024265363,0.006119888,-0.053080806,-0.006162341,-0.102768929,-0.046356855,-0.007040488,0.507175713,-0.017297974,0.046951523,0.100114662,0.003686427,-0.037512829,-0.827107372,0.016604269,0.987383271,0.265888232,-0.016579687,-0.024002602,-0.007456579,0.058038215,0.047597823,-0.192366947,-0.212604040,0.007366784
7790,7.790000,step_3,0,7.791000,0.017435256,0.007517377,0.011425173,0.010739352,0.071867500,0.195360776,0.030730000,0.070929932,0.194899652,0.013326078,0.163132424,-0.192337808,0.040708944,0.164116843,-0.192157281,0.033258489,0.495153276,0.402560508,0.015716997,-0.098152227,0.032036703,0.054174771,0.001034671,0.072026191,-0.423433398,-0.092146608,0.999259934,-0.025123512,-0.049719725,-0.021829416,0.015078627,0.046350942,-0.004528075,0.024358432,0.006128413,-0.053130481,-0.006229906,-0.103010225,-0.046373153,-0.007043639,0.507660789,-0.017323087,0.046965465,0.100386994,0.003720584,-0.037544554,-0.827005777,0.016620209,0.987265987,0.266128468,-0.016546603,-0.023939765,-0.007401430,0.057940594,0.047434571,-0.192276567,-0.212676583,0.007232183
7800,7.800000,step_3,0,7.801000,0.017434399,0.007489414,0.011399974,0.010717921,0.071867500,0.195360776,0.030730000,0.070933366,0.194891152,0.013326980,0.163132424,-0.192337808,0.040708944,0.164115547,-0.192152342,0.033286653,0.495242533,0.402716692,0.015722425,-0.097981207,0.032032922,0.054199679,0.001040575,0.071469862,-0.423476073,-0.092238586,0.999541383,-0.025127940,-0.049727032,-0.021852634,0.015117022,0.046373969,-0.004531590,0.024451678,0.006136891,-0.053179072,-0.006297113,-0.103250890,-0.046388945,-0.007046735,0.508144221,-0.017347927,0.046978602,0.100658048,0.003754112,-0.037574465,-0.826903858,0.016636276,0.987148268,0.266366389,-0.016514316,-0.023876501,-0.007347789,0.057843518,0.047271628,-0.192187250,-0.212747245,0.007098567
7810,7.810000,step_3,0,7.811000,0.017433553,0.007461532,0.011375518,0.010697127,0.071867500,0.195360776,0.030730000,0.070936704,0.194882901,0.013327873,0.163132424,-0.192337808,0.040708944,0.164114185,-0.192147592,0.033314729,0.495333634,0.402869197,0.015728069,-0.097810378,0.032029140,0.054224448,0.001046324,0.070914453,-0.423515892,-0.092329990,0.999820522,-0.025132343,-0.049734214,-0.021875674,0.015155753,0.046396376,-0.004535055,0.024545102,0.006145323,-0.053226601,-0.006363971,-0.103490919,-0.046404243,-0.007049778,0.508626014,-0.017372501,0.046990953,0.100927834,0.003787046,-0.037602643,-0.826801566,0.016652490,0.987030066,0.266602112,-0.016482808,-0.023812826,-0.007295615,0.057746991,0.047108994,-0.192098983,-0.212816073,0.006965917
7820,7.820000,step_3,0,7.821000,0.017432718,0.007433728,0.011351796,0.010676953,0.071867500,0.195360776,0.030730000,0.070939948,0.194874893,0.013328758,0.163132424,-0.192337808,0.040708944,0.164112760,-0.192143025,0.033342715,0.495426392,0.403019051,0.015733886,-0.097639648,0.032025356,0.054249089,0.001051921,0.070359988,-0.423552890,-0.092420818,1.000097371,-0.025136722,-0.049741275,-0.021898540,0.015194813,0.046418178,-0.004538472,0.024638707,0.006153710,-0.053273092,-0.006430491,-0.103730309,-0.046419063,-0.007052769,0.509106169,-0.017396812,0.047002538,0.101196363,0.003819406,-0.037629101,-0.826698882,0.016668858,0.986911368,0.266835642,-0.016452070,-0.023748755,-0.007244866,0.057651014,0.046946666,-0.192011751,-0.212883114,0.006834213
7830,7.830000,step_3,0,7.831000,0.017431894,0.007406004,0.011328801,0.010657378,0.071867500,0.195360776,0.030730000,0.070943101,0.194867121,0.013329635,0.163132424,-0.192337808,0.040708944,0.164111272,-0.192138634,0.033370614,0.495520767,0.403166232,0.015739878,-0.097469004,0.032021570,0.054273599,0.001057369,0.069806496,-0.423587142,-0.092511076,1.000371953,-0.025141076,-0.049748219,-0.021921235,0.015234197,0.046439393,-0.004541840,0.024732493,0.006162054,-0.053318566,-0.006496683,-0.103969055,-0.046433418,-0.007055709,0.509584691,-0.017420866,0.047013377,0.101463646,0.003851204,-0.037653844,-0.826595807,0.016685379,0.986792172,0.267066971,-0.016422091,-0.023684305,-0.007195501,0.057555584,0.046784646,-0.191925534,-0.212948419,0.006703439
7840,7.840000,step_3,0,7.841000,0.017431080,0.007378359,0.011306524,0.010638385,0.071867500,0.195360776,0.030730000,0.070946167,0.194859578,0.013330503,0.163132424,-0.192337808,0.040708944,0.164109725,-0.192134415,0.033398424,0.495616764,0.403310392,0.015746056,-0.097298453,0.032017782,0.054297975,0.001062669,0.069254007,-0.423618742,-0.092600774,1.000644289,-0.025145407,-0.049755048,-0.021943763,0.015273900,0.046460036,-0.004545163,0.024826462,0.006170356,-0.053363048,-0.006562556,-0.104207154,-0.046447321,-0.007058601,0.510061582,-0.017444668,0.047023488,0.101729693,0.003882453,-0.037676891,-0.826492342,0.016702048,0.986672481,0.267296114,-0.016392857,-0.023619491,-0.007147478,0.057460700,0.046622933,-0.191840317,-0.213012034,0.006573576
7850,7.850000,step_3,0,7.851000,0.017430275,0.007350792,0.011284948,0.010619956,0.071867500,0.195360776,0.030730000,0.070949147,0.194852256,0.013331364,0.163132424,-0.192337808,0.040708944,0.164108121,-0.192130363,0.033426148,0.495714384,0.403451252,0.015752430,-0.097128001,0.032013993,0.054322214,0.001067824,0.068702550,-0.423647782,-0.092689922,1.000914403,-0.025149715,-0.049761767,-0.021966127,0.015313915,0.046480124,-0.004548440,0.024920616,0.006178618,-0.053406559,-0.006628120,-0.104444602,-0.046460786,-0.007061444,0.510536846,-0.017468224,0.047032891,0.101994516,0.003913168,-0.037698276,-0.826388486,0.016718861,0.986552296,0.267523110,-0.016364352,-0.023554328,-0.007100758,0.057366359,0.046461527,-0.191756079,-0.213074004,0.006444608
7860,7.860000,step_3,0,7.861000,0.017429480,0.007323302,0.011264052,0.010602074,0.071867500,0.195360776,0.030730000,0.070952044,0.194845150,0.013332218,0.163132424,-0.192337808,0.040708944,0.164106461,-0.192126471,0.033453784,0.495813614,0.403588717,0.015759002,-0.096957644,0.032010205,0.054346319,0.001072839,0.068152152,-0.423674348,-0.092778530,1.001182315,-0.025154000,-0.049768378,-0.021988329,0.015354238,0.046499672,-0.004551673,0.025014955,0.006186841,-0.053449123,-0.006693384,-0.104681397,-0.046473825,-0.007064240,0.511010486,-0.017491537,0.047041602,0.102258123,0.003943362,-0.037718043,-0.826284236,0.016735813,0.986431614,0.267748017,-0.016336557,-0.023488831,-0.007055304,0.057272559,0.046300430,-0.191672806,-0.213134373,0.006316519
7870,7.870000,step_3,0,7.871000,0.017428693,0.007295890,0.011243815,0.010584723,0.071867500,0.195360776,0.030730000,0.070954861,0.194838253,0.013333064,0.163132424,-0.192337808,0.040708944,0.164104747,-0.192122735,0.033481334,0.495914424,0.403722836,0.015765768,-0.096787373,0.032006415,0.054370294,0.001077715,0.067602838,-0.423698520,-0.092866605,1.001448047,-0.025158261,-0.049774885,-0.022010374,0.015394863,0.046518696,-0.004554864,0.025109482,0.006195026,-0.053490760,-0.006758357,-0.104917534,-0.046486450,-0.007066991,0.511482505,-0.017514612,0.047049640,0.102520524,0.003973052,-0.037736241,-0.826179584,0.016752900,0.986310428,0.267970895,-0.016309454,-0.023423013,-0.007011080,0.057179297,0.046139640,-0.191590480,-0.213193183,0.006189292
7880,7.880000,step_3,0,7.881000,0.017427914,0.007268555,0.011224214,0.010567887,0.071867500,0.195360776,0.030730000,0.070957600,0.194831559,0.013333902,0.163132424,-0.192337808,0.040708944,0.164102982,-0.192119151,0.033508798,0.496016781,0.403853727,0.015772724,-0.096617175,0.032002625,0.054394144,0.001082458,0.067054635,-0.423720373,-0.092954154,1.001711619,-0.025162500,-0.049781290,-0.022032264,0.015435786,0.046537210,-0.004558014,0.025204197,0.006203176,-0.053531491,-0.006823048,-0.105153011,-0.046498674,-0.007069697,0.511952907,-0.017537455,0.047057021,0.102781730,0.004002253,-0.037752915,-0.826074525,0.016770121,0.986188733,0.268191804,-0.016283027,-0.023356889,-0.006968050,0.057086572,0.045979158,-0.191509087,-0.213250474,0.006062913
7890,7.890000,step_3,0,7.891000,0.017427144,0.007241297,0.011205230,0.010551550,0.071867500,0.195360776,0.030730000,0.070960263,0.194825062,0.013334734,0.163132424,-0.192337808,0.040708944,0.164101167,-0.192115713,0.033536176,0.496120650,0.403981518,0.015779864,-0.096447035,0.031998834,0.054417873,0.001087070,0.066507564,-0.423739977,-0.093041186,1.001973052,-0.025166716,-0.049787596,-0.022054002,0.015477002,0.046555229,-0.004561124,0.025299101,0.006211291,-0.053571337,-0.006887466,-0.105387825,-0.046510507,-0.007072360,0.512421694,-0.017560068,0.047063762,0.103041750,0.004030980,-0.037768108,-0.825969050,0.016787472,0.986066521,0.268410801,-0.016257259,-0.023290471,-0.006926180,0.056994381,0.045818985,-0.191428609,-0.213306286,0.005937365
7900,7.900000,step_3,0,7.901000,0.017426380,0.007214116,0.011186845,0.010535699,0.071867500,0.195360776,0.030730000,0.070962853,0.194818756,0.013335560,0.163132424,-0.192337808,0.040708944,0.164099304,-0.192112418,0.033563469,0.496225996,0.404106326,0.015787181,-0.096276940,0.031995041,0.054441487,0.001091555,0.065961651,-0.423757401,-0.093127705,1.002232365,-0.025170910,-0.049793806,-0.022075590,0.015518505,0.046572765,-0.004564194,0.025394197,0.006219373,-0.053610318,-0.006951620,-0.105621972,-0.046521962,-0.007074981,0.512888870,-0.017582457,0.047069880,0.103300592,0.004059245,-0.037781860,-0.825863154,0.016804952,0.985943788,0.268627937,-0.016232133,-0.023223773,-0.006885437,0.056902721,0.045659121,-0.191349034,-0.213360658,0.005812635
7910,7.910000,step_3,0,7.911000,0.017425624,0.007187010,0.011169041,0.010520318,0.071867500,0.195360776,0.030730000,0.070965371,0.194812635,0.013336378,0.163132424,-0.192337808,0.040708944,0.164097394,-0.192109260,0.033590678,0.496332788,0.404228247,0.015794671,-0.096106878,0.031991245,0.054464989,0.001095916,0.065416916,-0.423772713,-0.093213720,1.002489579,-0.025175083,-0.049799922,-0.022097032,0.015560292,0.046589834,-0.004567227,0.025489484,0.006227423,-0.053648453,-0.007015517,-0.105855451,-0.046533049,-0.007077561,0.513354438,-0.017604626,0.047075389,0.103558267,0.004087064,-0.037794211,-0.825756829,0.016822557,0.985820527,0.268843262,-0.016207635,-0.023156808,-0.006845790,0.056811592,0.045499566,-0.191270345,-0.213413627,0.005688709
7920,7.920000,step_3,0,7.921000,0.017424874,0.007159980,0.011151800,0.010505393,0.071867500,0.195360776,0.030730000,0.070967819,0.194806695,0.013337191,0.163132424,-0.192337808,0.040708944,0.164095440,-0.192106236,0.033617802,0.496440996,0.404347365,0.015802330,-0.095936837,0.031987447,0.054488382,0.001100155,0.064873382,-0.423785977,-0.093299236,1.002744712,-0.025179233,-0.049805948,-0.022118331,0.015602357,0.046606447,-0.004570223,0.025584965,0.006235442,-0.053685762,-0.007079165,-0.106088258,-0.046543778,-0.007080100,0.513818402,-0.017626579,0.047080306,0.103814783,0.004114450,-0.037805197,-0.825650070,0.016840285,0.985696732,0.269056825,-0.016183749,-0.023089587,-0.006807206,0.056720990,0.045340321,-0.191192529,-0.213465231,0.005565572
7930,7.930000,step_3,0,7.931000,0.017424131,0.007133027,0.011135105,0.010490912,0.071867500,0.195360776,0.030730000,0.070970201,0.194800928,0.013337997,0.163132424,-0.192337808,0.040708944,0.164093442,-0.192103341,0.033644842,0.496550591,0.404463756,0.015810155,-0.095766806,0.031983647,0.054511671,0.001104276,0.064331069,-0.423797258,-0.093384259,1.002997783,-0.025183362,-0.049811885,-0.022139488,0.015644698,0.046622618,-0.004573184,0.025680641,0.006243431,-0.053722262,-0.007142573,-0.106320391,-0.046554160,-0.007082600,0.514280764,-0.017648319,0.047084646,0.104070149,0.004141415,-0.037814855,-0.825542871,0.016858133,0.985572400,0.269268672,-0.016160460,-0.023022123,-0.006769655,0.056630913,0.045181386,-0.191115572,-0.213515504,0.005443210
7940,7.940000,step_3,0,7.941000,0.017423394,0.007106148,0.011118942,0.010476860,0.071867500,0.195360776,0.030730000,0.070972517,0.194795332,0.013338798,0.163132424,-0.192337808,0.040708944,0.164091403,-0.192100571,0.033671798,0.496661544,0.404577494,0.015818141,-0.095596773,0.031979843,0.054534858,0.001108282,0.063789997,-0.423806616,-0.093468796,1.003248812,-0.025187469,-0.049817737,-0.022160506,0.015687309,0.046638359,-0.004576109,0.025776512,0.006251392,-0.053757972,-0.007205749,-0.106551848,-0.046564204,-0.007085062,0.514741528,-0.017669851,0.047088423,0.104324373,0.004167972,-0.037823219,-0.825435225,0.016876101,0.985447523,0.269478849,-0.016137754,-0.022954427,-0.006733108,0.056541359,0.045022762,-0.191039459,-0.213564482,0.005321612
7950,7.950000,step_3,0,7.951000,0.017422662,0.007079345,0.011103292,0.010463225,0.071867500,0.195360776,0.030730000,0.070974770,0.194789899,0.013339592,0.163132424,-0.192337808,0.040708944,0.164089324,-0.192097922,0.033698672,0.496773828,0.404688651,0.015826285,-0.095426728,0.031976036,0.054557948,0.001112175,0.063250185,-0.423814113,-0.093552853,1.003497816,-0.025191556,-0.049823504,-0.022181388,0.015730186,0.046653681,-0.004579001,0.025872581,0.006259326,-0.053792910,-0.007268699,-0.106782627,-0.046573921,-0.007087486,0.515200697,-0.017691178,0.047091652,0.104577465,0.004194133,-0.037830324,-0.825327128,0.016894185,0.985322098,0.269687402,-0.016115618,-0.022886510,-0.006697537,0.056452326,0.044864449,-0.190964178,-0.213612199,0.005200763
7960,7.960000,step_3,0,7.961000,0.017421936,0.007052616,0.011088142,0.010449995,0.071867500,0.195360776,0.030730000,0.070976961,0.194784627,0.013340381,0.163132424,-0.192337808,0.040708944,0.164087206,-0.192095392,0.033725462,0.496887416,0.404797300,0.015834583,-0.095256660,0.031972225,0.054580943,0.001115958,0.062711651,-0.423819806,-0.093636436,1.003744814,-0.025195621,-0.049829191,-0.022202136,0.015773326,0.046668597,-0.004581861,0.025968847,0.006267233,-0.053827092,-0.007331431,-0.107012725,-0.046583320,-0.007089874,0.515658274,-0.017712305,0.047094346,0.104829431,0.004219910,-0.037836203,-0.825218573,0.016912383,0.985196119,0.269894374,-0.016094036,-0.022818385,-0.006662914,0.056363810,0.044706449,-0.190889715,-0.213658687,0.005080651
7970,7.970000,step_3,0,7.971000,0.017421215,0.007025963,0.011073477,0.010437158,0.071867500,0.195360776,0.030730000,0.070979093,0.194779509,0.013341165,0.163132424,-0.192337808,0.040708944,0.164085052,-0.192092975,0.033752169,0.497002284,0.404903510,0.015843031,-0.095086560,0.031968410,0.054603847,0.001119634,0.062174414,-0.423823752,-0.093719551,1.003989824,-0.025199666,-0.049834798,-0.022222753,0.015816724,0.046683117,-0.004584688,0.026065313,0.006275116,-0.053860537,-0.007393953,-0.107242140,-0.046592410,-0.007092227,0.516114263,-0.017733233,0.047096519,0.105080282,0.004245314,-0.037840888,-0.825109555,0.016930693,0.985069580,0.270099807,-0.016072997,-0.022750060,-0.006629211,0.056275811,0.044548760,-0.190816057,-0.213703978,0.004961265
7980,7.980000,step_3,0,7.981000,0.017420499,0.006999384,0.011059281,0.010424701,0.071867500,0.195360776,0.030730000,0.070981167,0.194774542,0.013341943,0.163132424,-0.192337808,0.040708944,0.164082861,-0.192090668,0.033778795,0.497118406,0.405007352,0.015851627,-0.094916417,0.031964591,0.054626662,0.001123206,0.061638491,-0.423826005,-0.093802202,1.004232864,-0.025203690,-0.049840329,-0.022243240,0.015860378,0.046697254,-0.004587485,0.026161978,0.006282974,-0.053893259,-0.007456271,-0.107470871,-0.046601200,-0.007094545,0.516568666,-0.017753968,0.047098186,0.105330023,0.004270356,-0.037844411,-0.825000068,0.016949113,0.984942478,0.270303744,-0.016052487,-0.022681548,-0.006596403,0.056188325,0.044391385,-0.190743192,-0.213748104,0.004842592
7990,7.990000,step_3,0,7.991000,0.017419787,0.006972879,0.011045541,0.010412614,0.071867500,0.195360776,0.030730000,0.070983184,0.194769720,0.013342717,0.163132424,-0.192337808,0.040708944,0.164080636,-0.192088469,0.033805338,0.497235757,0.405108891,0.015860367,-0.094746222,0.031960767,0.054649392,0.001126676,0.061103899,-0.423826620,-0.093884396,1.004473951,-0.025207694,-0.049845785,-0.022263601,0.015904283,0.046711016,-0.004590251,0.026258846,0.006290809,-0.053925275,-0.007518393,-0.107698915,-0.046609699,-0.007096830,0.517021488,-0.017774513,0.047099358,0.105578664,0.004295048,-0.037846803,-0.824890107,0.016967641,0.984814807,0.270506225,-0.016032494,-0.022612857,-0.006564463,0.056101350,0.044234323,-0.190671107,-0.213791095,0.004724622
8000,8.000000,return_home,0,8.001000,0.020624212,0.023124454,0.011656374,0.011276410,0.071867500,0.215360776,0.012730000,0.070985719,0.194764555,0.013343399,0.163132424,-0.212337808,0.022708944,0.164080241,-0.192086252,0.033831735,0.497489680,0.388066304,0.016216241,-0.117536762,0.031366430,0.058579884,0.004498767,0.089229924,-0.409858718,-0.090805512,0.900899894,-0.025127812,-0.050253370,-0.032096677,0.015946991,0.046724210,-0.004593249,0.026351689,0.006296851,-0.053948309,-0.007564348,-0.107921585,-0.046618007,-0.007097870,0.517459484,-0.017795205,0.047097656,0.105777311,0.002873689,-0.038052660,-0.825039737,0.012759774,0.982915059,0.278999668,-0.000036168,-0.017857669,-0.006625969,0.057226199,0.030831279,-0.190934882,-0.216224904,-0.044294390
8010,8.010000,return_home,0,8.011000,0.020626926,0.023125967,0.010400081,0.009691725,0.071867500,0.215360776,0.012730000,0.070982644,0.194761981,0.013343812,0.163132424,-0.212337808,0.022708944,0.164062687,-0.192085063,0.033834198,0.487824464,0.381139533,0.016354632,-0.113531675,0.031497537,0.054041890,0.002381044,0.125586617,-0.409529699,-0.089754962,0.924667557,-0.024709925,-0.049203053,-0.027803878,0.015958878,0.046731165,-0.004596410,0.026362324,0.006300788,-0.053963630,-0.007565785,-0.107998749,-0.046623599,-0.007091350,0.517533210,-0.017810892,0.047102066,0.105776961,0.000704629,-0.038851822,-0.824767131,0.007411781,0.984391283,0.270165342,-0.009035847,-0.004009515,-0.005989675,0.056623475,-0.001296037,-0.191376620,-0.212681592,-0.026169503
8020,8.020000,return_home,0,8.021000,0.020625403,0.023123745,0.010213712,0.009700420,0.071867500,0.215360776,0.012730000,0.070980380,0.194763610,0.013344006,0.163132424,-0.212337808,0.022708944,0.164049916,-0.192086289,0.033832870,0.483061687,0.378834044,0.016991476,-0.111099082,0.032006320,0.054539078,0.002364816,0.134819910,-0.407029683,-0.089820615,0.932917661,-0.025271531,-0.049622325,-0.027710772,0.015965936,0.046728919,-0.004599957,0.026365256,0.006302577,-0.053970903,-0.007557888,-0.108029953,-0.046623193,-0.007084967,0.517531852,-0.017815942,0.047105232,0.105728853,0.000492703,-0.039809985,-0.824764681,0.007708863,0.984608100,0.273799785,-0.009520337,-0.002210080,-0.005402471,0.056930401,-0.000587077,-0.189880417,-0.214140850,-0.023093420
8030,8.030000,return_home,0,8.031000,0.020618824,0.023119416,0.009716339,0.009548040,0.071867500,0.215360776,0.012730000,0.070979680,0.194770227,0.013343992,0.163132424,-0.212337808,0.022708944,0.164045006,-0.192090844,0.033832568,0.484539929,0.370518700,0.017358331,-0.111880854,0.032079593,0.054640073,0.002275079,0.116332666,-0.400241150,-0.088334259,0.923328879,-0.025162602,-0.049655318,-0.026964371,0.015970006,0.046716573,-0.004603328,0.026369653,0.006304246,-0.053974355,-0.007556119,-0.108044450,-0.046616133,-0.007075937,0.517537025,-0.017820520,0.047104481,0.105715113,0.000156048,-0.040924277,-0.824842725,0.007719087,0.984276185,0.273959734,-0.009916279,-0.000547072,-0.004666263,0.057309479,-0.000651229,-0.189026071,-0.214331487,-0.020576469
8040,8.040000,return_home,0,8.041000,0.020606055,0.023111331,0.009096537,0.009194105,0.071867500,0.215360776,0.012730000,0.070980145,0.194782985,0.013343702,0.163132424,-0.212337808,0.022708944,0.164044169,-0.192099724,0.033831996,0.487086888,0.358089317,0.017763333,-0.113196157,0.032065745,0.054483808,0.002204846,0.097263842,-0.390861760,-0.086315035,0.912403978,-0.025117782,-0.049572562,-0.026588168,0.015970999,0.046691151,-0.004607163,0.026373464,0.006306259,-0.053968497,-0.007557977,-0.108044472,-0.046600206,-0.007062605,0.517534697,-0.017823536,0.047096727,0.105716071,-0.000113243,-0.042401894,-0.824884146,0.007625128,0.984080777,0.274965528,-0.010150151,0.000654246,-0.003647856,0.057770819,-0.001771326,-0.188699702,-0.215044590,-0.019941138
8050,8.050000,return_home,0,8.051000,0.020585209,0.023097824,0.008308492,0.008629756,0.071867500,0.215360776,0.012730000,0.070981330,0.194803791,0.013343092,0.163132424,-0.212337808,0.022708944,0.164044132,-0.192114315,0.033830480,0.488656517,0.344475889,0.018243826,-0.113997636,0.032071834,0.054482894,0.002165704,0.086131599,-0.380705298,-0.084135694,0.905090623,-0.025102644,-0.049559856,-0.026516381,0.015969883,0.046648587,-0.004611472,0.026376435,0.006308331,-0.053950385,-0.007561500,-0.108035880,-0.046572318,-0.007044149,0.517520166,-0.017824363,0.047079079,0.105716919,-0.000278840,-0.044312154,-0.824917557,0.007558770,0.984025596,0.276476952,-0.010267809,0.001260547,-0.002301910,0.058307960,-0.002994663,-0.188451612,-0.216211342,-0.020335416
8060,8.060000,return_home,0,8.061000,0.020554398,0.023077494,0.007372760,0.007906401,0.071867500,0.215360776,0.012730000,0.070982993,0.194834542,0.013342089,0.163132424,-0.212337808,0.022708944,0.164043149,-0.192136022,0.033827808,0.489045381,0.330977972,0.018741476,-0.114184460,0.032092824,0.054488600,0.002146560,0.082137132,-0.370624911,-0.081952518,0.901039728,-0.025089953,-0.049576179,-0.026598516,0.015967501,0.046584559,-0.004615924,0.026379042,0.006310022,-0.053914950,-0.007565887,-0.108023377,-0.046529156,-0.007020162,0.517494110,-0.017822008,0.047047837,0.105711404,-0.000379387,-0.046644621,-0.824907495,0.007549628,0.983968097,0.278404563,-0.010345792,0.001519562,-0.000628954,0.058874860,-0.004086638,-0.188097904,-0.217731004,-0.021094122
8070,8.070000,return_home,0,8.071000,0.020511864,0.023049139,0.006350037,0.007080534,0.071867500,0.215360776,0.012730000,0.070985085,0.194877001,0.013340619,0.163132424,-0.212337808,0.022708944,0.164040616,-0.192166155,0.033823906,0.488699335,0.318297176,0.019219998,-0.113991543,0.032115147,0.054547778,0.002133081,0.082094007,-0.360967283,-0.079852393,0.898619015,-0.025066801,-0.049625576,-0.026733027,0.015964246,0.046495088,-0.004620075,0.026381790,0.006310822,-0.053857692,-0.007571102,-0.108008971,-0.046467593,-0.006990484,0.517457581,-0.017815166,0.046999660,0.105697910,-0.000459607,-0.049351612,-0.824851576,0.007583666,0.983860219,0.280778985,-0.010434241,0.001683900,0.001342422,0.059453120,-0.005114884,-0.187593384,-0.219564650,-0.021908261
8080,8.080000,return_home,0,8.081000,0.020456086,0.023011713,0.005325531,0.006198718,0.071867500,0.215360776,0.012730000,0.070987660,0.194932684,0.013338612,0.163132424,-0.212337808,0.022708944,0.164036484,-0.192205873,0.033818706,0.488073728,0.306453744,0.019671085,-0.113656089,0.032133066,0.054650049,0.002116595,0.083424769,-0.351737366,-0.077854769,0.896533065,-0.025035055,-0.049703705,-0.026873295,0.015960150,0.046376746,-0.004623481,0.026384984,0.006310221,-0.053774750,-0.007577426,-0.107992746,-0.046384843,-0.006955071,0.517410611,-0.017802430,0.046931693,0.105676517,-0.000546611,-0.052375326,-0.824753139,0.007639085,0.983696725,0.283505721,-0.010550446,0.001893050,0.003576005,0.060035797,-0.006186032,-0.186947087,-0.221660310,-0.022693983
8090,8.090000,return_home,0,8.091000,0.020385784,0.022964301,0.004444027,0.005309129,0.071867500,0.215360776,0.012730000,0.070990799,0.195002870,0.013336013,0.163132424,-0.212337808,0.022708944,0.164030864,-0.192256184,0.033812110,0.487433036,0.295244632,0.020100710,-0.113315033,0.032146592,0.054787555,0.002094287,0.084798737,-0.342825946,-0.075947219,0.894139623,-0.024997541,-0.049807023,-0.027007681,0.015955080,0.046226653,-0.004625764,0.026388740,0.006307766,-0.053662879,-0.007585188,-0.107973957,-0.046278474,-0.006913899,0.517352377,-0.017782485,0.046841505,0.105647508,-0.000650099,-0.055665028,-0.824618466,0.007700774,0.983486937,0.286531661,-0.010692416,0.002190411,0.006037996,0.060622248,-0.007364494,-0.186175880,-0.223981802,-0.023465381
8100,8.100000,return_home,0,8.101000,0.020299877,0.022906090,0.003945560,0.004480869,0.071867500,0.215360776,0.012730000,0.070994577,0.195088636,0.013332773,0.163132424,-0.212337808,0.022708944,0.164023843,-0.192317970,0.033804007,0.486870740,0.284469718,0.020516722,-0.113016228,0.032157008,0.054955312,0.002066608,0.085813781,-0.334126374,-0.074110524,0.891269959,-0.024955382,-0.049932604,-0.027139408,0.015948863,0.046042377,-0.004626611,0.026393069,0.006303074,-0.053519348,-0.007594650,-0.107951730,-0.046146362,-0.006866949,0.517281669,-0.017754167,0.046726993,0.105610873,-0.000769811,-0.059179791,-0.824453676,0.007761922,0.983239998,0.289812736,-0.010852070,0.002570222,0.008699737,0.061213097,-0.008670373,-0.185296509,-0.226501325,-0.024257662
8110,8.110000,return_home,0,8.111000,0.020197451,0.022836368,0.004090612,0.003831735,0.071867500,0.215360776,0.012730000,0.070999048,0.195190893,0.013328857,0.163132424,-0.212337808,0.022708944,0.164015438,-0.192391999,0.033794281,0.486388113,0.274010400,0.020924028,-0.112759859,0.032165174,0.055148991,0.002034940,0.086519792,-0.325573596,-0.072331065,0.887978433,-0.024908891,-0.050077973,-0.027274556,0.015941352,0.045821855,-0.004625764,0.026397945,0.006295821,-0.053341798,-0.007606002,-0.107925349,-0.045986646,-0.006814197,0.517197229,-0.017716469,0.046586294,0.105566294,-0.000902042,-0.062885957,-0.824263067,0.007821029,0.982961867,0.293315390,-0.011022250,0.003012859,0.011536903,0.061808080,-0.010098597,-0.184323184,-0.229196869,-0.025096146
8120,8.120000,return_home,0,8.121000,0.020077735,0.022754511,0.004900804,0.003540427,0.071867500,0.215360776,0.012730000,0.071004251,0.195310411,0.013324237,0.163132424,-0.212337808,0.022708944,0.164005616,-0.192478947,0.033782828,0.485957470,0.263827374,0.021324458,-0.112531391,0.032171467,0.055365903,0.002000462,0.087087285,-0.317142312,-0.070603041,0.884373656,-0.024858134,-0.050241232,-0.027417296,0.015932440,0.045563336,-0.004622999,0.026403343,0.006285732,-0.053128169,-0.007619380,-0.107894282,-0.045797693,-0.006755634,0.517097909,-0.017668509,0.046417750,0.105513291,-0.001043120,-0.066753628,-0.824049550,0.007878747,0.982656433,0.297011740,-0.011198477,0.003501687,0.014527748,0.062405751,-0.011635614,-0.183267362,-0.232049099,-0.025991040
8130,8.130000,return_home,0,8.131000,0.019940091,0.022659983,0.006167975,0.003757295,0.071867500,0.215360776,0.012730000,0.071010212,0.195447828,0.013318895,0.163132424,-0.212337808,0.022708944,0.163994324,-0.192579396,0.033769553,0.485553842,0.253925839,0.021718057,-0.112317925,0.032176033,0.055603905,0.001963895,0.087655231,-0.308831153,-0.068926087,0.880543738,-0.024803194,-0.050420793,-0.027569204,0.015922049,0.045265360,-0.004618118,0.026409243,0.006272561,-0.052876672,-0.007634894,-0.107858127,-0.045578079,-0.006691269,0.516982698,-0.017609512,0.046219890,0.105451347,-0.001190471,-0.070754254,-0.823815317,0.007935990,0.982326644,0.300875117,-0.011378342,0.004027188,0.017651736,0.063003848,-0.013268234,-0.182138584,-0.235039318,-0.026942034
8140,8.140000,return_home,0,8.141000,0.019784010,0.022552338,0.007698816,0.004454560,0.071867500,0.215360776,0.012730000,0.071016952,0.195603652,0.013312819,0.163132424,-0.212337808,0.022708944,0.163981506,-0.192693843,0.033754379,0.485163553,0.244325084,0.022104274,-0.112112527,0.032178971,0.055860981,0.001925618,0.088296175,-0.300648301,-0.067302308,0.876541143,-0.024744226,-0.050615191,-0.027730109,0.015910123,0.044926750,-0.004610943,0.026415635,0.006256095,-0.052585783,-0.007652638,-0.107816543,-0.045326582,-0.006621140,0.516850701,-0.017538789,0.045991430,0.105379979,-0.001342504,-0.074859657,-0.823562370,0.007993249,0.981975208,0.304878735,-0.011560445,0.004585429,0.020888825,0.063599775,-0.014986365,-0.180945419,-0.238148742,-0.027944043
8150,8.150000,return_home,0,8.151000,0.019609110,0.022431218,0.009380262,0.005481155,0.071867500,0.215360776,0.012730000,0.071024484,0.195778265,0.013306008,0.163132424,-0.212337808,0.022708944,0.163967121,-0.192822697,0.033737238,0.484782082,0.235041999,0.022482604,-0.111913037,0.032180396,0.056135058,0.001885856,0.089032044,-0.292603110,-0.065734289,0.872392288,-0.024681446,-0.050822989,-0.027899075,0.015896617,0.044546609,-0.004601318,0.026422510,0.006236145,-0.052254249,-0.007672699,-0.107769211,-0.045042181,-0.006545312,0.516701108,-0.017455737,0.045731273,0.105298766,-0.001498169,-0.079041953,-0.823292781,0.008050559,0.981604881,0.308995510,-0.011743666,0.005175357,0.024219264,0.064190927,-0.016782717,-0.179696104,-0.241358486,-0.028990981
8160,8.160000,return_home,0,8.161000,0.019415135,0.022296349,0.011149307,0.006705059,0.071867500,0.215360776,0.012730000,0.071032820,0.195971923,0.013298467,0.163132424,-0.212337808,0.022708944,0.163951137,-0.192966285,0.033718075,0.484409542,0.226086426,0.022852768,-0.111719687,0.032180452,0.056423976,0.001844793,0.089859441,-0.284703001,-0.064224218,0.868111024,-0.024615104,-0.051042746,-0.028075027,0.015881495,0.044124315,-0.004589105,0.026429856,0.006212551,-0.051881086,-0.007695153,-0.107715815,-0.044724047,-0.006463875,0.516533171,-0.017359836,0.045438509,0.105207346,-0.001656615,-0.083273847,-0.823008728,0.008107685,0.981218503,0.313198499,-0.011926848,0.005796806,0.027623642,0.064774842,-0.018651659,-0.178398817,-0.244649792,-0.030077398
8170,8.170000,return_home,0,8.171000,0.019201949,0.022147541,0.012967647,0.008045778,0.071867500,0.215360776,0.012730000,0.071041964,0.196184763,0.013290210,0.163132424,-0.212337808,0.022708944,0.163933536,-0.193124850,0.033696847,0.484047343,0.217462658,0.023214667,-0.111533372,0.032179298,0.056725549,0.001802626,0.090767732,-0.276953344,-0.062773730,0.863707896,-0.024545457,-0.051273028,-0.028257009,0.015864731,0.043659516,-0.004574191,0.026437660,0.006185181,-0.051465575,-0.007720069,-0.107656043,-0.044371547,-0.006376946,0.516346194,-0.017250644,0.045112414,0.105105409,-0.001817012,-0.087528922,-0.822712440,0.008164295,0.980818953,0.317461373,-0.012108735,0.006449532,0.031083007,0.065349238,-0.020588256,-0.177061722,-0.248004259,-0.031198788
8180,8.180000,return_home,0,8.181000,0.018969533,0.021984686,0.014809242,0.009456578,0.071867500,0.215360776,0.012730000,0.071051919,0.196416802,0.013281258,0.163132424,-0.212337808,0.022708944,0.163914308,-0.193298555,0.033673521,0.483696637,0.209172438,0.023568269,-0.111354834,0.032177089,0.057037623,0.001759575,0.091747595,-0.269358364,-0.061384060,0.859194359,-0.024472768,-0.051512426,-0.028444234,0.015846306,0.043152119,-0.004556484,0.026445906,0.006153930,-0.051007259,-0.007747501,-0.107589586,-0.043984230,-0.006284665,0.516139531,-0.017127805,0.044752443,0.104992685,-0.001978502,-0.091781819,-0.822406135,0.008220057,0.980409078,0.321758687,-0.012288027,0.007132939,0.034578964,0.065911992,-0.022587742,-0.175692907,-0.251403990,-0.032351347
8190,8.190000,return_home,0,8.191000,0.018717982,0.021807758,0.016654574,0.010908570,0.071867500,0.215360776,0.012730000,0.071062680,0.196667950,0.013271639,0.163132424,-0.212337808,0.022708944,0.163893451,-0.193487486,0.033648071,0.483357957,0.201217184,0.023913531,-0.111184489,0.032173977,0.057358110,0.001715871,0.092793145,-0.261922027,-0.060056227,0.854583699,-0.024397296,-0.051759570,-0.028636030,0.015826209,0.042602277,-0.004535911,0.026454572,0.006118722,-0.050505926,-0.007777494,-0.107516143,-0.043561829,-0.006187191,0.515912582,-0.016991040,0.044358227,0.104868942,-0.002140215,-0.096008290,-0.822091971,0.008274676,0.979991645,0.326065978,-0.012463433,0.007846130,0.038093735,0.066461113,-0.024645316,-0.174300321,-0.254831649,-0.033531656
8200,8.200000,return_home,0,8.201000,0.018447495,0.021616804,0.018487891,0.012382187,0.071867500,0.215360776,0.012730000,0.071074241,0.196938006,0.013261389,0.163132424,-0.212337808,0.022708944,0.163870971,-0.193691655,0.033620485,0.483031384,0.193598945,0.024250365,-0.111022509,0.032170099,0.057685000,0.001671748,0.093901183,-0.254648532,-0.058791153,0.849890550,-0.024319300,-0.052013136,-0.028831796,0.015804440,0.042010379,-0.004512421,0.026463637,0.006079503,-0.049961606,-0.007810081,-0.107435422,-0.043104249,-0.006084707,0.515664796,-0.016840148,0.043929563,0.104733981,-0.002301289,-0.100185195,-0.821772027,0.008327889,0.979569324,0.330359758,-0.012633712,0.008588037,0.041610174,0.066994729,-0.026756114,-0.172891728,-0.258270475,-0.034736454
8210,8.210000,return_home,0,8.211000,0.018158374,0.021411948,0.020295808,0.013862964,0.071867500,0.215360776,0.012730000,0.071086589,0.197226671,0.013250546,0.163132424,-0.212337808,0.022708944,0.163846883,-0.193911001,0.033590757,0.482716798,0.186320451,0.024578631,-0.110868952,0.032165585,0.058016360,0.001627435,0.095069834,-0.247542449,-0.057589710,0.845130136,-0.024239044,-0.052271849,-0.029030953,0.015781006,0.041377041,-0.004485981,0.026473075,0.006036248,-0.049374556,-0.007845281,-0.107347144,-0.042611565,-0.005977413,0.515395671,-0.016675005,0.043466416,0.104587635,-0.002460889,-0.104290476,-0.821448297,0.008379460,0.979144674,0.334617477,-0.012797685,0.009357503,0.045111772,0.067511079,-0.028915223,-0.171474685,-0.261704280,-0.035962526
8220,8.220000,return_home,0,8.221000,0.017851018,0.021193388,0.022066551,0.015339422,0.071867500,0.215360776,0.012730000,0.071099708,0.197533547,0.013239159,0.163132424,-0.212337808,0.022708944,0.163821205,-0.194145395,0.033558893,0.482414050,0.179384764,0.024898157,-0.110723847,0.032160553,0.058350326,0.001583156,0.096297535,-0.240608651,-0.056452713,0.840317732,-0.024156795,-0.052534482,-0.029232934,0.015755923,0.040703095,-0.004456576,0.026482858,0.005988953,-0.048745257,-0.007883104,-0.107251040,-0.042084012,-0.005865528,0.515104754,-0.016495559,0.042968904,0.104429769,-0.002618215,-0.108303128,-0.821122696,0.008429169,0.978720154,0.338817487,-0.012954241,0.010153324,0.048582654,0.068008516,-0.031117692,-0.170056539,-0.265117442,-0.037206665
8230,8.230000,return_home,0,8.231000,0.017525918,0.020961389,0.023789537,0.016801948,0.071867500,0.215360776,0.012730000,0.071113579,0.197858145,0.013227278,0.163132424,-0.212337808,0.022708944,0.163793964,-0.194394642,0.033524905,0.482123038,0.172794895,0.025208748,-0.110587230,0.032155113,0.058685102,0.001539125,0.097582516,-0.233852172,-0.055380901,0.835468376,-0.024072828,-0.052799854,-0.029437175,0.015729215,0.039989574,-0.004424208,0.026492959,0.005937635,-0.048074398,-0.007923547,-0.107146855,-0.041521982,-0.005749286,0.514791643,-0.016301831,0.042437299,0.104260281,-0.002772504,-0.112203202,-0.820797054,0.008476811,0.978298117,0.342939034,-0.013102334,0.010974239,0.052007579,0.068485512,-0.033358515,-0.168644427,-0.268494914,-0.038465658
8240,8.240000,return_home,0,8.241000,0.017183650,0.020716285,0.025455129,0.018242186,0.071867500,0.215360776,0.012730000,0.071128179,0.198199889,0.013214958,0.163132424,-0.212337808,0.022708944,0.163765193,-0.194658485,0.033488814,0.481843717,0.166553532,0.025510204,-0.110459145,0.032149371,0.059018954,0.001495553,0.098922634,-0.227278072,-0.054374909,0.830596770,-0.023987428,-0.053066829,-0.029643109,0.015700912,0.039237708,-0.004388894,0.026503346,0.005882334,-0.047362872,-0.007966597,-0.107034347,-0.040926012,-0.005628940,0.514455985,-0.016093909,0.041872019,0.104079100,-0.002923029,-0.115971794,-0.820473123,0.008522192,0.977880814,0.346962263,-0.013240976,0.011818909,0.055371941,0.068940670,-0.035632597,-0.167245271,-0.271822232,-0.039736284
8250,8.250000,return_home,0,8.251000,0.016824875,0.020458475,0.027054486,0.019652686,0.071867500,0.215360776,0.012730000,0.071143481,0.198558122,0.013202259,0.163132424,-0.212337808,0.022708944,0.163734931,-0.194936602,0.033450649,0.481576085,0.160662880,0.025802318,-0.110339636,0.032143423,0.059350209,0.001452642,0.100315378,-0.220891326,-0.053435249,0.825717253,-0.023900888,-0.053334309,-0.029850172,0.015671053,0.038448910,-0.004350669,0.026513987,0.005823110,-0.046611766,-0.008012229,-0.106913286,-0.040296786,-0.005504752,0.514097479,-0.015871948,0.041273621,0.103886185,-0.003069093,-0.119591062,-0.820152575,0.008565136,0.977470392,0.350868236,-0.013369240,0.012685891,0.058661775,0.069372723,-0.037934710,-0.165865783,-0.275085533,-0.041015301
8260,8.260000,return_home,0,8.261000,0.016450330,0.020188421,0.028579471,0.021026694,0.071867500,0.215360776,0.012730000,0.071159454,0.198932109,0.013189240,0.163132424,-0.212337808,0.022708944,0.163703222,-0.195228620,0.033410449,0.481320168,0.155124601,0.026084887,-0.110228737,0.032137359,0.059677257,0.001410587,0.101757900,-0.214696757,-0.052562299,0.820843791,-0.023813510,-0.053601237,-0.030057796,0.015639683,0.037624765,-0.004309579,0.026524849,0.005760042,-0.045822350,-0.008060410,-0.106783458,-0.039635121,-0.005377003,0.513715879,-0.015636169,0.040642797,0.103681529,-0.003210035,-0.123044226,-0.819836999,0.008605480,0.977068895,0.354638946,-0.013486260,0.013573608,0.061863762,0.069780542,-0.040259446,-0.164512457,-0.278271578,-0.042299433
8270,8.270000,return_home,0,8.271000,0.016060824,0.019906644,0.030022595,0.022358022,0.071867500,0.215360776,0.012730000,0.071176066,0.199321041,0.013175968,0.163132424,-0.212337808,0.022708944,0.163670117,-0.195534106,0.033368257,0.481076008,0.149939780,0.026357712,-0.110126462,0.032131266,0.059998549,0.001369578,0.103247039,-0.208698978,-0.051756293,0.815989962,-0.023725610,-0.053866587,-0.030265406,0.015606855,0.036767019,-0.004265685,0.026535896,0.005693224,-0.044996070,-0.008111094,-0.106644667,-0.038941966,-0.005245980,0.513310991,-0.015386850,0.039980367,0.103465156,-0.003345223,-0.126315584,-0.819527903,0.008643081,0.976678261,0.358257340,-0.013591228,0.014480328,0.064965238,0.070163140,-0.042601173,-0.163191566,-0.281367775,-0.043585348
8280,8.280000,return_home,0,8.281000,0.015657235,0.019613723,0.031376974,0.023640967,0.071867500,0.215360776,0.012730000,0.071193281,0.199724045,0.013162505,0.163132424,-0.212337808,0.022708944,0.163635673,-0.195852577,0.033324123,0.480843656,0.145108908,0.026620598,-0.110032801,0.032125222,0.060312599,0.001329796,0.104779332,-0.202902359,-0.051017320,0.811168928,-0.023637511,-0.054129367,-0.030472421,0.015572627,0.035877573,-0.004219059,0.026547095,0.005622770,-0.044134536,-0.008164225,-0.106496734,-0.038218390,-0.005111983,0.512882683,-0.015124333,0.039287271,0.103237122,-0.003474059,-0.129390515,-0.819226714,0.008677812,0.976300323,0.361707337,-0.013683395,0.015404146,0.067954199,0.070519672,-0.044953998,-0.161909156,-0.284362205,-0.044869642
8290,8.290000,return_home,0,8.291000,0.015240502,0.019310293,0.032636305,0.024870257,0.071867500,0.215360776,0.012730000,0.071211060,0.200140182,0.013148918,0.163132424,-0.212337808,0.022708944,0.163599949,-0.196183502,0.033278107,0.480623167,0.140631868,0.026873357,-0.109947719,0.032119300,0.060617981,0.001291418,0.106350995,-0.197310993,-0.050345316,0.806393394,-0.023549549,-0.054388606,-0.030678247,0.015537062,0.034958464,-0.004169788,0.026558408,0.005548808,-0.043239516,-0.008219739,-0.106339501,-0.037465581,-0.004975320,0.512430879,-0.014849012,0.038564568,0.102997515,-0.003595975,-0.132255489,-0.818934777,0.008709567,0.975936811,0.364973852,-0.013762078,0.016342965,0.070819311,0.070849443,-0.047311734,-0.160671038,-0.287243649,-0.046148825
8300,8.300000,return_home,0,8.301000,0.014811622,0.018997038,0.033794850,0.026041013,0.071867500,0.215360776,0.012730000,0.071229363,0.200568457,0.013135272,0.163132424,-0.212337808,0.022708944,0.163563013,-0.196526302,0.033230271,0.480414603,0.136507914,0.027115811,-0.109871153,0.032113571,0.060913330,0.001254611,0.107957919,-0.191928678,-0.049740068,0.801675577,-0.023462070,-0.054643356,-0.030882277,0.015500232,0.034011862,-0.004117966,0.026569799,0.005471482,-0.042312922,-0.008277562,-0.106172829,-0.036684836,-0.004836306,0.511955571,-0.014561338,0.037813422,0.102746458,-0.003710435,-0.134898075,-0.818653362,0.008738258,0.975589351,0.368042810,-0.013826651,0.017294488,0.073549912,0.071151904,-0.049667879,-0.159482788,-0.290001615,-0.047419306
8310,8.310000,return_home,0,8.311000,0.014371646,0.018674695,0.034847421,0.027148723,0.071867500,0.215360776,0.012730000,0.071248146,0.201007824,0.013121632,0.163132424,-0.212337808,0.022708944,0.163524935,-0.196880356,0.033180685,0.480218026,0.132735665,0.027347793,-0.109803011,0.032108098,0.061197342,0.001219535,0.109595665,-0.186758893,-0.049201209,0.797027173,-0.023375427,-0.054892680,-0.031083888,0.015462211,0.033040053,-0.004063700,0.026581231,0.005390949,-0.041356799,-0.008337610,-0.105996608,-0.035877552,-0.004695261,0.511456814,-0.014261809,0.037035102,0.102484110,-0.003816936,-0.137306950,-0.818383659,0.008763816,0.975259466,0.370901172,-0.013876553,0.018256206,0.076136025,0.071426658,-0.052015597,-0.158349732,-0.292626366,-0.048677388
8320,8.320000,return_home,0,8.321000,0.013921669,0.018344047,0.035789379,0.028189230,0.071867500,0.215360776,0.012730000,0.071267364,0.201457188,0.013108061,0.163132424,-0.212337808,0.022708944,0.163485791,-0.197245004,0.033129426,0.480033493,0.129313088,0.027569145,-0.109743172,0.032102943,0.061468777,0.001186342,0.111259464,-0.181804794,-0.048728220,0.792459330,-0.023289983,-0.055135651,-0.031282442,0.015423080,0.032045433,-0.004007106,0.026592667,0.005307378,-0.040373323,-0.008399792,-0.105810750,-0.035045225,-0.004552511,0.510934736,-0.013950974,0.036230974,0.102210664,-0.003915010,-0.139471905,-0.818126789,0.008786192,0.974948582,0.373536949,-0.013911284,0.019225394,0.078568357,0.071673459,-0.054347716,-0.157276940,-0.295108942,-0.049919269
8330,8.330000,return_home,0,8.331000,0.013462830,0.018005918,0.036616620,0.029158714,0.071867500,0.215360776,0.012730000,0.071286969,0.201915411,0.013094620,0.163132424,-0.212337808,0.022708944,0.163445659,-0.197619547,0.033076573,0.479861060,0.126237497,0.027779727,-0.109691482,0.032098160,0.061726453,0.001155175,0.112944237,-0.177069201,-0.048320435,0.787982630,-0.023206105,-0.055371347,-0.031477282,0.015382924,0.031030492,-0.003948306,0.026604071,0.005220952,-0.039364780,-0.008464006,-0.105615199,-0.034189440,-0.004408384,0.510389536,-0.013629425,0.035402489,0.101926349,-0.004004219,-0.141383854,-0.817883798,0.008805356,0.974658025,0.375939222,-0.013930409,0.020199112,0.080838312,0.071892212,-0.056656731,-0.156269221,-0.297441181,-0.051141040
8340,8.340000,return_home,0,8.341000,0.012996306,0.017661175,0.037325582,0.030053687,0.071867500,0.215360776,0.012730000,0.071306913,0.202381321,0.013081368,0.163132424,-0.212337808,0.022708944,0.163404623,-0.198003252,0.033022213,0.479700771,0.123505542,0.027979413,-0.109647756,0.032093803,0.061969257,0.001126169,0.114644618,-0.172554600,-0.047977035,0.783607078,-0.023124163,-0.055598846,-0.031667740,0.015341834,0.029997805,-0.003887435,0.026615407,0.005131863,-0.038333561,-0.008530144,-0.105409926,-0.033311862,-0.004263210,0.509821492,-0.013297795,0.034551185,0.101631433,-0.004084163,-0.143034841,-0.817655664,0.008821296,0.974389026,0.378098157,-0.013933557,0.021174210,0.082937991,0.072082968,-0.058934823,-0.155331103,-0.299615733,-0.052338699
8350,8.350000,return_home,0,8.351000,0.012523306,0.017310723,0.037913236,0.030870985,0.071867500,0.215360776,0.012730000,0.071327146,0.202853709,0.013068360,0.163132424,-0.212337808,0.022708944,0.163362769,-0.198395356,0.032966434,0.479552655,0.121113206,0.028168093,-0.109611775,0.032089922,0.062196141,0.001099450,0.116354989,-0.168263142,-0.047697061,0.779342096,-0.023044527,-0.055817228,-0.031853133,0.015299902,0.028950022,-0.003824633,0.026626639,0.005040314,-0.037282153,-0.008598092,-0.105194936,-0.032414232,-0.004117318,0.509230962,-0.012956756,0.033678672,0.101326222,-0.004154476,-0.144418049,-0.817443297,0.008834021,0.974142717,0.380005017,-0.013920418,0.022147342,0.084860202,0.072245921,-0.061173885,-0.154466824,-0.301626059,-0.053508165
8360,8.360000,return_home,0,8.361000,0.012045063,0.016955502,0.038377090,0.031607768,0.071867500,0.215360776,0.012730000,0.071347615,0.203331345,0.013055648,0.163132424,-0.212337808,0.022708944,0.163320187,-0.198795067,0.032909333,0.479416725,0.119055793,0.028345678,-0.109583290,0.032086564,0.062406126,0.001075136,0.118069528,-0.164196649,-0.047479414,0.775196531,-0.022967561,-0.056025573,-0.032032768,0.015257226,0.027889854,-0.003760046,0.026637733,0.004946518,-0.036213122,-0.008667724,-0.104970270,-0.031498359,-0.003971039,0.508618384,-0.012607016,0.032786630,0.101011060,-0.004214826,-0.145527804,-0.817247538,0.008843554,0.973920133,0.381652173,-0.013890752,0.023114976,0.086598458,0.072381402,-0.063365563,-0.153680313,-0.303466431,-0.054645298
8370,8.370000,return_home,0,8.371000,0.011562834,0.016596480,0.038715187,0.032261512,0.071867500,0.215360776,0.012730000,0.071368268,0.203812973,0.013043278,0.163132424,-0.212337808,0.022708944,0.163276970,-0.199201567,0.032851006,0.479292970,0.117327908,0.028512098,-0.109562016,0.032083773,0.062598311,0.001053332,0.119782258,-0.160356617,-0.047322859,0.771178657,-0.022893623,-0.056222969,-0.032205950,0.015213908,0.026820062,-0.003693828,0.026648654,0.004850697,-0.035129108,-0.008738914,-0.104736004,-0.030566112,-0.003824697,0.507984282,-0.012249313,0.031876801,0.100686332,-0.004264923,-0.146359581,-0.817069158,0.008849940,0.973722213,0.383033108,-0.013844378,0.024073425,0.088146988,0.072489865,-0.065501312,-0.152975172,-0.305131914,-0.055745924
8380,8.380000,return_home,0,8.381000,0.011077893,0.016234656,0.038926106,0.032830015,0.071867500,0.215360776,0.012730000,0.071389051,0.204297321,0.013031294,0.163132424,-0.212337808,0.022708944,0.163233214,-0.199614019,0.032791557,0.479181353,0.115923434,0.028667309,-0.109547638,0.032081591,0.062771873,0.001034137,0.121487102,-0.156744216,-0.047226032,0.767296193,-0.022823055,-0.056408518,-0.032371978,0.015170050,0.025743449,-0.003626141,0.026659370,0.004753078,-0.034032809,-0.008811524,-0.104492250,-0.029619415,-0.003678618,0.507329266,-0.011884412,0.030950982,0.100352460,-0.004304510,-0.146910009,-0.816908862,0.008853237,0.973549796,0.384142422,-0.013781186,0.025018870,0.089500731,0.072571877,-0.067572453,-0.152354649,-0.306618330,-0.056805867
8390,8.390000,return_home,0,8.391000,0.010591523,0.015871051,0.039008964,0.033311391,0.071867500,0.215360776,0.012730000,0.071409910,0.204783110,0.013019733,0.163132424,-0.212337808,0.022708944,0.163189017,-0.200031564,0.032731090,0.479081804,0.114835493,0.028811291,-0.109539806,0.032080057,0.062926073,0.001017637,0.123177953,-0.153360290,-0.047187446,0.763556323,-0.022756179,-0.056581347,-0.032530159,0.015125760,0.024662841,-0.003557148,0.026669851,0.004653898,-0.032926975,-0.008885413,-0.104239162,-0.028660237,-0.003533120,0.506654034,-0.011513105,0.030011018,0.100009909,-0.004333374,-0.147176875,-0.816767283,0.008853521,0.973403618,0.384975832,-0.013701128,0.025947394,0.090655346,0.072628102,-0.069570250,-0.151821618,-0.307922222,-0.057820982
8400,8.400000,return_home,0,8.401000,0.010105013,0.015506706,0.038963415,0.033704071,0.071867500,0.215360776,0.012730000,0.071430790,0.205269050,0.013008629,0.163132424,-0.212337808,0.022708944,0.163144477,-0.200453328,0.032669712,0.478994214,0.114056401,0.028944055,-0.109538140,0.032079210,0.063060264,0.001003910,0.124848730,-0.150205354,-0.047205492,0.759965710,-0.022693296,-0.056740621,-0.032679810,0.015081146,0.023581084,-0.003487021,0.026680065,0.004553399,-0.031814391,-0.008960436,-0.103976930,-0.027690587,-0.003388517,0.505959371,-0.011136204,0.029058797,0.099659177,-0.004351339,-0.147159126,-0.816644983,0.008850881,0.973284315,0.385530178,-0.013604222,0.026855018,0.091607205,0.072659280,-0.071485988,-0.151378550,-0.309040798,-0.058787193
8410,8.410000,return_home,0,8.411000,0.009619654,0.015142677,0.038789650,0.034006808,0.071867500,0.215360776,0.012730000,0.071451636,0.205753853,0.012998009,0.163132424,-0.212337808,0.022708944,0.163099696,-0.200878424,0.032607535,0.478918434,0.113577606,0.029065646,-0.109542229,0.032079084,0.063173888,0.000993022,0.126493451,-0.147279574,-0.047278449,0.756530528,-0.022634673,-0.056885562,-0.032820265,0.015036318,0.022501027,-0.003415934,0.026689986,0.004451828,-0.030697868,-0.009036443,-0.103705787,-0.026712506,-0.003245117,0.505246146,-0.010754537,0.028096240,0.099300806,-0.004358275,-0.146856871,-0.816542446,0.008845422,0.973192413,0.385803419,-0.013490555,0.027737744,0.092353398,0.072666212,-0.073311061,-0.151027488,-0.309971874,-0.059700531
8420,8.420000,return_home,0,8.421000,0.009136731,0.014780031,0.038488402,0.034218675,0.071867500,0.215360776,0.012730000,0.071472394,0.206236235,0.012987895,0.163132424,-0.212337808,0.022708944,0.163054777,-0.201305955,0.032544670,0.478854265,0.113389620,0.029176144,-0.109551632,0.032079714,0.063266489,0.000985027,0.128106292,-0.144582756,-0.047404482,0.753256478,-0.022580545,-0.057015458,-0.032950881,0.014991388,0.021425510,-0.003344066,0.026699587,0.004349437,-0.029580233,-0.009113278,-0.103426004,-0.025728060,-0.003103219,0.504515316,-0.010368947,0.027125299,0.098935369,-0.004354091,-0.146271386,-0.816460085,0.008837261,0.973128332,0.385794635,-0.013360277,0.028591595,0.092891729,0.072649736,-0.075037059,-0.150770023,-0.310713809,-0.060557175
8430,8.430000,return_home,0,8.431000,0.008657521,0.014419840,0.038060940,0.034339066,0.071867500,0.215360776,0.012730000,0.071493007,0.206714924,0.012978305,0.163132424,-0.212337808,0.022708944,0.163009822,-0.201735017,0.032481230,0.478801456,0.113481934,0.029275671,-0.109565879,0.032081133,0.063337706,0.000979970,0.129681651,-0.142114311,-0.047581647,0.750148812,-0.022531106,-0.057129688,-0.033071049,0.014946469,0.020357357,-0.003271600,0.026708844,0.004246482,-0.028464316,-0.009190785,-0.103137892,-0.024739333,-0.002963116,0.503767920,-0.009980285,0.026147947,0.098563476,-0.004338743,-0.145405108,-0.816398232,0.008826527,0.973092380,0.385504035,-0.013213607,0.029412659,0.093220713,0.072610708,-0.076655863,-0.150607271,-0.311265441,-0.061353493
8440,8.440000,return_home,0,8.441000,0.008183282,0.014063176,0.037509077,0.034367697,0.071867500,0.215360776,0.012730000,0.071513422,0.207188659,0.012969248,0.163132424,-0.212337808,0.022708944,0.162964934,-0.202164702,0.032417331,0.478759698,0.113842918,0.029364396,-0.109584471,0.032083372,0.063387278,0.000977883,0.131214203,-0.139873222,-0.047807891,0.747212351,-0.022486506,-0.057227733,-0.033180193,0.014901673,0.019299358,-0.003198721,0.026717734,0.004143222,-0.027352936,-0.009268803,-0.102841800,-0.023748420,-0.002825092,0.503005075,-0.009589409,0.025166175,0.098185768,-0.004312232,-0.144261642,-0.816357139,0.008813360,0.973084755,0.384932959,-0.013050830,0.030197135,0.093339573,0.072549989,-0.078159734,-0.150539856,-0.311626037,-0.062086080
8450,8.450000,return_home,0,8.451000,0.007715255,0.013711103,0.036835163,0.034304609,0.071867500,0.215360776,0.012730000,0.071533586,0.207656204,0.012960733,0.163132424,-0.212337808,0.022708944,0.162920218,-0.202594101,0.032353086,0.478728616,0.114459721,0.029442538,-0.109606883,0.032086461,0.063415045,0.000978786,0.132698957,-0.137858003,-0.048081055,0.744451501,-0.022446851,-0.057309187,-0.033277785,0.014857114,0.018254263,-0.003125617,0.026726238,0.004039917,-0.026248895,-0.009347170,-0.102538115,-0.022757419,-0.002689421,0.502227972,-0.009197180,0.024181983,0.097802916,-0.004274607,-0.142845755,-0.816336981,0.008797911,0.973105538,0.384083883,-0.012872298,0.030941373,0.093248238,0.072468422,-0.079541404,-0.150567903,-0.311795243,-0.062751802
8460,8.460000,return_home,0,8.461000,0.007254654,0.013364673,0.036042092,0.034150166,0.071867500,0.215360776,0.012730000,0.071553444,0.208116347,0.012952759,0.163132424,-0.212337808,0.022708944,0.162875776,-0.203022306,0.032288612,0.478707765,0.115318151,0.029510371,-0.109632564,0.032090429,0.063420940,0.000982686,0.134131295,-0.136066645,-0.048398866,0.741870262,-0.022412198,-0.057373768,-0.033363345,0.014812904,0.017224766,-0.003052476,0.026734336,0.003936829,-0.025154959,-0.009425724,-0.102227258,-0.021768426,-0.002556368,0.501437873,-0.008804457,0.023197377,0.097415617,-0.004225964,-0.141163381,-0.816337848,0.008780337,0.973154697,0.382960436,-0.012678427,0.031641920,0.092947336,0.072366829,-0.080794162,-0.150691034,-0.311773054,-0.063347825
8470,8.470000,return_home,0,8.471000,0.006802662,0.013024916,0.035133301,0.033905055,0.071867500,0.215360776,0.012730000,0.071572947,0.208567905,0.012945323,0.163132424,-0.212337808,0.022708944,0.162831711,-0.203448417,0.032224023,0.478696625,0.116402546,0.029568232,-0.109660938,0.032095303,0.063404993,0.000989581,0.135507017,-0.134496565,-0.048758942,0.739472237,-0.022382560,-0.057421320,-0.033436451,0.014769155,0.016213499,-0.002979490,0.026742015,0.003834220,-0.024073853,-0.009504300,-0.101909685,-0.020783527,-0.002426189,0.500636104,-0.008412093,0.022214359,0.097024591,-0.004166450,-0.139221613,-0.816359749,0.008760806,0.973232085,0.381567403,-0.012469704,0.032295559,0.092438187,0.072246004,-0.081911932,-0.150908375,-0.311559805,-0.063871655
8480,8.480000,return_home,0,8.481000,0.006360426,0.012692833,0.034112768,0.033570288,0.071867500,0.215360776,0.012730000,0.071592043,0.209009736,0.012938416,0.163132424,-0.212337808,0.022708944,0.162788123,-0.203871537,0.032159432,0.478694595,0.117695643,0.029616524,-0.109691404,0.032101110,0.063367321,0.000999451,0.136822369,-0.133144546,-0.049158782,0.737260632,-0.022357902,-0.057451810,-0.033496744,0.014725976,0.015223011,-0.002906850,0.026749259,0.003732351,-0.023008245,-0.009582735,-0.101585882,-0.019804790,-0.002299126,0.499824047,-0.008020934,0.021234926,0.096630578,-0.004096262,-0.137028708,-0.816402612,0.008739490,0.973337437,0.379910737,-0.012246678,0.032899343,0.091722802,0.072106709,-0.082889349,-0.151218572,-0.311156176,-0.064321171
8490,8.490000,return_home,0,8.491000,0.005929051,0.012369387,0.032985023,0.033147196,0.071867500,0.215360776,0.012730000,0.071610684,0.209440735,0.012932025,0.163132424,-0.212337808,0.022708944,0.162745113,-0.204290784,0.032094951,0.478700987,0.119178433,0.029655723,-0.109723341,0.032107877,0.063308130,0.001012269,0.138074076,-0.132006679,-0.049595768,0.735238250,-0.022338149,-0.057465326,-0.033543931,0.014683475,0.014255767,-0.002834748,0.026756058,0.003631483,-0.021960735,-0.009660866,-0.101256362,-0.018834260,-0.002175414,0.499003131,-0.007631815,0.020261060,0.096234330,-0.004015647,-0.134594078,-0.816466279,0.008716571,0.973470371,0.377997573,-0.012009968,0.033450631,0.090803872,0.071949685,-0.083721824,-0.151619816,-0.310563216,-0.064694647
8500,8.500000,return_home,0,8.501000,0.005509597,0.012055495,0.031755144,0.032637433,0.071867500,0.215360776,0.012730000,0.071628823,0.209859847,0.012926133,0.163132424,-0.212337808,0.022708944,0.162702778,-0.204705287,0.032030691,0.478715017,0.120830011,0.029686385,-0.109756102,0.032115628,0.063227706,0.001027989,0.139259358,-0.131078304,-0.050067158,0.733407482,-0.022323187,-0.057462059,-0.033577793,0.014641759,0.013314128,-0.002763374,0.026762403,0.003531871,-0.020933845,-0.009738532,-0.100921663,-0.017873952,-0.002055274,0.498174829,-0.007245555,0.019294724,0.095836615,-0.003924909,-0.131928295,-0.816550509,0.008692232,0.973630390,0.375836229,-0.011760255,0.033947117,0.089684767,0.071775655,-0.084405601,-0.152109875,-0.309782383,-0.064990783
8510,8.510000,return_home,0,8.511000,0.005103069,0.011752013,0.030428769,0.032042974,0.071867500,0.215360776,0.012730000,0.071646415,0.210266067,0.012920721,0.163132424,-0.212337808,0.022708944,0.162661213,-0.205114193,0.031966760,0.478735806,0.122627423,0.029709152,-0.109789020,0.032124388,0.063126419,0.001046556,0.140375947,-0.130353949,-0.050570080,0.731770293,-0.022312869,-0.057442298,-0.033598184,0.014600928,0.012400346,-0.002692917,0.026768288,0.003433770,-0.019930004,-0.009815575,-0.100582345,-0.016925844,-0.001938914,0.497340646,-0.006862956,0.018337854,0.095438204,-0.003824402,-0.129043081,-0.816654975,0.008666663,0.973816874,0.373436214,-0.011498287,0.034386855,0.088369525,0.071585344,-0.084937810,-0.152686130,-0.308815595,-0.065208726
8520,8.520000,return_home,0,8.521000,0.004710419,0.011459734,0.029012103,0.031366115,0.071867500,0.215360776,0.012730000,0.071663418,0.210658448,0.012915765,0.163132424,-0.212337808,0.022708944,0.162620512,-0.205516667,0.031903261,0.478762368,0.124545508,0.029724755,-0.109821406,0.032134179,0.063004711,0.001067900,0.141422097,-0.129827272,-0.051101535,0.730328203,-0.022307019,-0.057406404,-0.033605042,0.014561082,0.011516547,-0.002623563,0.026773709,0.003337427,-0.018951538,-0.009891841,-0.100238983,-0.015991870,-0.001826532,0.496502109,-0.006484800,0.017392356,0.095039870,-0.003714537,-0.125951310,-0.816779263,0.008640056,0.974029088,0.370808235,-0.011224877,0.034768284,0.086862848,0.071379486,-0.085316507,-0.153345617,-0.307665288,-0.065348085
8530,8.530000,return_home,0,8.531000,0.004332535,0.011179368,0.027511933,0.030609470,0.071867500,0.215360776,0.012730000,0.071679793,0.211036105,0.012911240,0.163132424,-0.212337808,0.022708944,0.162580763,-0.205911897,0.031840296,0.478793609,0.126556734,0.029734027,-0.109852549,0.032145025,0.062863103,0.001091936,0.142396591,-0.129491004,-0.051658383,0.729082260,-0.022305442,-0.057354803,-0.033598382,0.014522315,0.010664722,-0.002555498,0.026778665,0.003243085,-0.018000660,-0.009967177,-0.099892167,-0.015073912,-0.001718311,0.495660761,-0.006111845,0.016460096,0.094642384,-0.003595779,-0.122667002,-0.816922872,0.008612609,0.974266171,0.367964192,-0.010940901,0.035090240,0.085170095,0.071158850,-0.085540706,-0.154085066,-0.306334476,-0.065408946
8540,8.540000,return_home,0,8.541000,0.003970238,0.010911540,0.025935653,0.029775979,0.071867500,0.215360776,0.012730000,0.071695502,0.211398222,0.012907116,0.163132424,-0.212337808,0.022708944,0.162542053,-0.206299095,0.031777963,0.478828317,0.128631039,0.029737905,-0.109881717,0.032156947,0.062702192,0.001118567,0.143298737,-0.129336887,-0.052237350,0.728033013,-0.022307922,-0.057287963,-0.033578306,0.014484715,0.009846716,-0.002488900,0.026783157,0.003150979,-0.017079455,-0.010041437,-0.099542497,-0.014173799,-0.001614421,0.494818146,-0.005744824,0.015542897,0.094246509,-0.003468650,-0.119205322,-0.817085208,0.008584518,0.974527142,0.364917180,-0.010647297,0.035351974,0.083297276,0.070924249,-0.085610402,-0.154900951,-0.304826808,-0.065391881
8550,8.550000,return_home,0,8.551000,0.003624277,0.010656774,0.024291290,0.028868907,0.071867500,0.215360776,0.012730000,0.071710512,0.211744053,0.012903366,0.163132424,-0.212337808,0.022708944,0.162504465,-0.206677503,0.031716355,0.478865162,0.130735669,0.029737439,-0.109908156,0.032169968,0.062522646,0.001147681,0.144128365,-0.129355617,-0.052835014,0.727180478,-0.022314235,-0.057206381,-0.033545000,0.014448368,0.009064218,-0.002423946,0.026787187,0.003061336,-0.016189869,-0.010114482,-0.099190576,-0.013293293,-0.001515016,0.493975807,-0.005384443,0.014642530,0.093852996,-0.003333728,-0.115582575,-0.817265590,0.008555987,0.974810899,0.361681485,-0.010345066,0.035553159,0.081251043,0.070676560,-0.085526586,-0.155789521,-0.303146615,-0.065297953
8560,8.560000,return_home,0,8.561000,0.003295325,0.010415487,0.022587556,0.027891856,0.071867500,0.215360776,0.012730000,0.071724792,0.212072933,0.012899958,0.163132424,-0.212337808,0.022708944,0.162468078,-0.207046392,0.031655560,0.478902685,0.132835020,0.029733798,-0.109931088,0.032184109,0.062325212,0.001179151,0.144885820,-0.129536782,-0.053447805,0.726524099,-0.022324150,-0.057110574,-0.033498734,0.014413352,0.008318742,-0.002360805,0.026790762,0.002974374,-0.015333698,-0.010186178,-0.098837010,-0.012434088,-0.001420237,0.493135266,-0.005031378,0.013760708,0.093462579,-0.003191648,-0.111816208,-0.817463243,0.008527217,0.975116211,0.358272582,-0.010035271,0.035693894,0.079038688,0.070416736,-0.085291255,-0.156746843,-0.301298952,-0.065128715
8570,8.570000,return_home,0,8.571000,0.002983970,0.010187980,0.020833920,0.026848769,0.071867500,0.215360776,0.012730000,0.071738316,0.212384277,0.012896862,0.163132424,-0.212337808,0.022708944,0.162432964,-0.207405067,0.031595662,0.478939299,0.134890490,0.029728276,-0.109949712,0.032199389,0.062110712,0.001212838,0.145571945,-0.129868795,-0.054072000,0.726062707,-0.022337431,-0.057001069,-0.033439863,0.014379737,0.007611628,-0.002299640,0.026793890,0.002890298,-0.014512579,-0.010256398,-0.098482401,-0.011597802,-0.001330209,0.492298023,-0.004686271,0.012899080,0.093075969,-0.003043104,-0.107924802,-0.817677299,0.008498415,0.975441728,0.354707129,-0.009719031,0.035774707,0.076668132,0.070145821,-0.084907401,-0.157768829,-0.299289629,-0.064886206
8580,8.580000,return_home,0,8.581000,0.002690717,0.009974430,0.019040725,0.025743948,0.071867500,0.215360776,0.012730000,0.071751060,0.212677590,0.012894047,0.163132424,-0.212337808,0.022708944,0.162399195,-0.207752867,0.031536738,0.478973276,0.136860334,0.029722300,-0.109963198,0.032215830,0.061880044,0.001248586,0.146188063,-0.130338822,-0.054703715,0.725794472,-0.022353845,-0.056878396,-0.033368825,0.014347588,0.006944018,-0.002240607,0.026796581,0.002809303,-0.013727973,-0.010325023,-0.098127341,-0.010785970,-0.001245038,0.491465542,-0.004349736,0.012059226,0.092693850,-0.002888844,-0.103928075,-0.817906799,0.008469788,0.975785972,0.351002965,-0.009397529,0.035796547,0.074147921,0.069864955,-0.084379006,-0.158851268,-0.297125226,-0.064572944
8590,8.590000,return_home,0,8.591000,0.002415975,0.009774890,0.017219369,0.024582073,0.071867500,0.215360776,0.012730000,0.071763007,0.212952469,0.012891482,0.163132424,-0.212337808,0.022708944,0.162366832,-0.208089174,0.031478862,0.479002753,0.138699529,0.029717433,-0.109970693,0.032233452,0.061634188,0.001286226,0.146735948,-0.130932712,-0.055338898,0.725716854,-0.022373161,-0.056743086,-0.033286137,0.014316962,0.006316854,-0.002183853,0.026798849,0.002731571,-0.012981155,-0.010391946,-0.097772414,-0.010000040,-0.001164816,0.490639240,-0.004022346,0.011242647,0.092316876,-0.002729676,-0.099846882,-0.818150693,0.008441546,0.976147347,0.347179111,-0.009072000,0.035760781,0.071487221,0.069575384,-0.083711018,-0.159989846,-0.294813100,-0.064191905
8600,8.600000,return_home,0,8.601000,0.002160060,0.009589285,0.015382621,0.023368234,0.071867500,0.215360776,0.012730000,0.071774141,0.213208610,0.012889138,0.163132424,-0.212337808,0.022708944,0.162335937,-0.208413410,0.031422100,0.479025717,0.140359658,0.029715383,-0.109971312,0.032252276,0.061374201,0.001325574,0.147217803,-0.131634918,-0.055973320,0.725826546,-0.022395154,-0.056595672,-0.033192391,0.014287907,0.005730862,-0.002129517,0.026800707,0.002657267,-0.012273207,-0.010457068,-0.097418185,-0.009241364,-0.001089614,0.489820481,-0.003704641,0.010450762,0.091945666,-0.002566464,-0.095703215,-0.818407842,0.008413903,0.976524135,0.343255764,-0.008743737,0.035669176,0.068695809,0.069278465,-0.082909321,-0.161180164,-0.292361384,-0.063746513
8610,8.610000,return_home,0,8.611000,0.001923181,0.009417411,0.013545159,0.022107970,0.071867500,0.215360776,0.012730000,0.071784452,0.213445813,0.012886987,0.163132424,-0.212337808,0.022708944,0.162306560,-0.208725039,0.031366512,0.479040009,0.141788801,0.029718006,-0.109964138,0.032272322,0.061101223,0.001366432,0.147636216,-0.132428413,-0.056602566,0.726119414,-0.022419603,-0.056436691,-0.033088256,0.014260461,0.005186541,-0.002077725,0.026802173,0.002586542,-0.011604999,-0.010520300,-0.097065201,-0.008511192,-0.001019486,0.489010562,-0.003397124,0.009684898,0.091580798,-0.002400130,-0.091520205,-0.818677020,0.008387074,0.976914499,0.339254306,-0.008414090,0.035523888,0.065784072,0.068975669,-0.081980698,-0.162417750,-0.289778977,-0.063240609
8620,8.620000,return_home,0,8.621000,0.001705444,0.009258946,0.011724561,0.020807324,0.071867500,0.215360776,0.012730000,0.071793937,0.213663984,0.012885003,0.163132424,-0.212337808,0.022708944,0.162278751,-0.209023577,0.031312152,0.479043313,0.142931445,0.029727311,-0.109948217,0.032293612,0.060816477,0.001408587,0.147994124,-0.133294609,-0.057222028,0.726590438,-0.022446295,-0.056266687,-0.032974465,0.014234656,0.004684154,-0.002028594,0.026803267,0.002519529,-0.010977184,-0.010581566,-0.096713984,-0.007810670,-0.000954465,0.488210712,-0.003100256,0.008946287,0.091222807,-0.002231650,-0.087322125,-0.818956919,0.008361282,0.977316491,0.335197301,-0.008084456,0.035327436,0.062763000,0.068668585,-0.080932781,-0.163698070,-0.287075528,-0.062678428
8630,8.630000,return_home,0,8.631000,0.001506841,0.009113451,0.009943227,0.019472932,0.071867500,0.215360776,0.012730000,0.071802594,0.213863145,0.012883161,0.163132424,-0.212337808,0.022708944,0.162252549,-0.209308587,0.031259068,0.479033158,0.143728408,0.029745465,-0.109922559,0.032316168,0.060521268,0.001451811,0.148294766,-0.134213271,-0.057826888,0.727233641,-0.022475025,-0.056086217,-0.032851814,0.014210509,0.004223712,-0.001982226,0.026804011,0.002456341,-0.010390179,-0.010640804,-0.096365031,-0.007140828,-0.000894566,0.487422074,-0.002814460,0.008236060,0.090872181,-0.002062060,-0.083134391,-0.819246150,0.008336751,0.977728052,0.331108505,-0.007756288,0.035082680,0.059644183,0.068358914,-0.079773999,-0.165016529,-0.284261419,-0.062064567
8640,8.640000,return_home,0,8.641000,0.001327243,0.008980385,0.008232305,0.018112134,0.071867500,0.215360776,0.012730000,0.071810429,0.214043437,0.012881440,0.163132424,-0.212337808,0.022708944,0.162227989,-0.209579684,0.031207300,0.479006911,0.144116773,0.029774795,-0.109886130,0.032340013,0.060216986,0.001495862,0.148541637,-0.135162434,-0.058412110,0.728042022,-0.022505590,-0.055895858,-0.032721155,0.014188031,0.003804968,-0.001938714,0.026804428,0.002397074,-0.009844161,-0.010697964,-0.096018805,-0.006502578,-0.000839780,0.486645707,-0.002540116,0.007555236,0.090529358,-0.001892447,-0.078983574,-0.819543252,0.008313715,0.978147018,0.327012873,-0.007431086,0.034792794,0.056439811,0.068048480,-0.078513516,-0.166368478,-0.281347746,-0.061403948
8650,8.650000,return_home,0,8.651000,0.001166399,0.008859117,0.006640180,0.016733153,0.071867500,0.215360776,0.012730000,0.071817453,0.214205122,0.012879819,0.163132424,-0.212337808,0.022708944,0.162205097,-0.209836540,0.031156883,0.478961773,0.144029851,0.029817791,-0.109837850,0.032365173,0.059905107,0.001540483,0.148738432,-0.136118316,-0.058972431,0.729007487,-0.022537798,-0.055696208,-0.032583390,0.014167219,0.003427402,-0.001898133,0.026804545,0.002341800,-0.009339050,-0.010753011,-0.095675740,-0.005896709,-0.000790077,0.485882570,-0.002277564,0.006904720,0.090194724,-0.001723955,-0.074897397,-0.819846691,0.008292412,0.978571125,0.322936565,-0.007110398,0.034461231,0.053162669,0.067739220,-0.077161158,-0.167749212,-0.278346295,-0.060701784
8660,8.660000,return_home,0,8.661000,0.001023923,0.008748941,0.005250773,0.015345354,0.071867500,0.215360776,0.012730000,0.071823683,0.214348594,0.012878282,0.163132424,-0.212337808,0.022708944,0.162183895,-0.210078886,0.031107844,0.478894780,0.143397136,0.029877112,-0.109776589,0.032391673,0.059587194,0.001585402,0.148888997,-0.137055240,-0.059502344,0.730120775,-0.022571457,-0.055487896,-0.032439461,0.014148058,0.003090210,-0.001860544,0.026804391,0.002290570,-0.008874498,-0.010805925,-0.095336230,-0.005323876,-0.000745405,0.485133525,-0.002027097,0.006285297,0.089868607,-0.001557781,-0.070904746,-0.820154869,0.008273091,0.978998013,0.318906962,-0.006795818,0.034091689,0.049826139,0.067433191,-0.075727346,-0.169153965,-0.275269535,-0.059963539
8670,8.670000,return_home,0,8.671000,0.000899290,0.008649091,0.004215306,0.013959632,0.071867500,0.215360776,0.012730000,0.071829143,0.214474381,0.012876816,0.163132424,-0.212337808,0.022708944,0.162164395,-0.210306512,0.031060203,0.478802794,0.142144286,0.029955582,-0.109701160,0.032419541,0.059264895,0.001630332,0.148997277,-0.137945556,-0.059996090,0.731371388,-0.022606379,-0.055271587,-0.032290348,0.014130522,0.002792293,-0.001825992,0.026803995,0.002243412,-0.008449876,-0.010856703,-0.095000634,-0.004784597,-0.000705687,0.484399322,-0.001788965,0.005697622,0.089551281,-0.001395174,-0.067035675,-0.820466127,0.008256011,0.979425230,0.314952671,-0.006488984,0.033688081,0.046444200,0.067132567,-0.074223018,-0.170577909,-0.272130593,-0.059194888
8680,8.680000,return_home,0,8.681000,0.000791820,0.008558762,0.003751830,0.012589019,0.071867500,0.215360776,0.012730000,0.071833860,0.214583150,0.012875410,0.163132424,-0.212337808,0.022708944,0.162146603,-0.210519272,0.031013972,0.478682506,0.140193105,0.030056200,-0.109610320,0.032448809,0.058939947,0.001674974,0.149067266,-0.138759573,-0.060447647,0.732747527,-0.022642380,-0.055047983,-0.032137056,0.014114571,0.002532245,-0.001794507,0.026803391,0.002200328,-0.008064264,-0.010905360,-0.094669270,-0.004279251,-0.000670822,0.483680603,-0.001563373,0.005142217,0.089242956,-0.001237437,-0.063321412,-0.820778745,0.008241440,0.979850234,0.311103536,-0.006191574,0.033254493,0.043031430,0.066839638,-0.072659555,-0.172016143,-0.268943248,-0.058401681
8690,8.690000,return_home,0,8.691000,0.000700673,0.008477129,0.003964830,0.011249622,0.071867500,0.215360776,0.012730000,0.071837872,0.214675712,0.012874054,0.163132424,-0.212337808,0.022708944,0.162130515,-0.210717087,0.030969159,0.478530426,0.137461529,0.030182133,-0.109502756,0.032479509,0.058614176,0.001719012,0.149102960,-0.139465485,-0.060850719,0.734236024,-0.022679274,-0.054817829,-0.031980613,0.014100153,0.002308340,-0.001766098,0.026802614,0.002161296,-0.007716437,-0.010951927,-0.094342412,-0.003808062,-0.000640683,0.482977892,-0.001350477,0.004619465,0.088943787,-0.001085921,-0.059794365,-0.821090949,0.008229661,0.980270398,0.307390654,-0.005905308,0.032795149,0.039603012,0.066556812,-0.071048702,-0.173463691,-0.265721925,-0.057589905
8700,8.700000,return_home,0,8.701000,0.000624838,0.008403359,0.004666801,0.009962078,0.071867500,0.215360776,0.012730000,0.071841219,0.214753029,0.012872743,0.163132424,-0.212337808,0.022708944,0.162116121,-0.210899946,0.030925763,0.478342887,0.133863608,0.030336726,-0.109377091,0.032511678,0.058289497,0.001762117,0.149108324,-0.140029317,-0.061198728,0.735822285,-0.022716874,-0.054581917,-0.031822061,0.014087199,0.002118523,-0.001740760,0.026801703,0.002126264,-0.007404853,-0.010996458,-0.094020294,-0.003371105,-0.000615119,0.482291592,-0.001150385,0.004129601,0.088653862,-0.000942029,-0.056488127,-0.821400907,0.008220971,0.980683012,0.303846377,-0.005631941,0.032314380,0.036174733,0.066286615,-0.069402503,-0.174915489,-0.262481683,-0.056765653
8710,8.710000,return_home,0,8.711000,0.000563127,0.008336631,0.005586248,0.008753748,0.071867500,0.215360776,0.012730000,0.071843952,0.214816219,0.012871475,0.163132424,-0.212337808,0.022708944,0.162103401,-0.211067910,0.030883777,0.478116040,0.129309492,0.030523498,-0.109231870,0.032545353,0.057967914,0.001803943,0.149087262,-0.140414869,-0.061484804,0.737490242,-0.022754992,-0.054341087,-0.031662452,0.014075629,0.001960395,-0.001718465,0.026800696,0.002095154,-0.007127639,-0.011039022,-0.093703105,-0.002968289,-0.000593949,0.481621989,-0.000963157,0.003672707,0.088373212,-0.000807212,-0.053437482,-0.821706735,0.008215681,0.981085278,0.300504325,-0.005373265,0.031816589,0.032762992,0.066031690,-0.067733237,-0.176366376,-0.259238224,-0.055935091
8720,8.720000,return_home,0,8.721000,0.000514174,0.008276151,0.006546315,0.007661688,0.071867500,0.215360776,0.012730000,0.071846128,0.214866561,0.012870247,0.163132424,-0.212337808,0.022708944,0.162092329,-0.211221117,0.030843185,0.477845849,0.123705398,0.030746148,-0.109065561,0.032580578,0.057651524,0.001844133,0.149043596,-0.140583668,-0.061701780,0.739222312,-0.022793434,-0.054096227,-0.031502843,0.014065345,0.001831204,-0.001699169,0.026799637,0.002067860,-0.006882582,-0.011079714,-0.093390990,-0.002599357,-0.000576966,0.480969239,-0.000788800,0.003248709,0.088101801,-0.000682969,-0.050678407,-0.822006489,0.008214121,0.981474310,0.297399393,-0.005131106,0.031306225,0.029384809,0.065794797,-0.066053358,-0.177811087,-0.256007885,-0.055104441
8730,8.730000,return_home,0,8.731000,0.000476450,0.008221162,0.007450574,0.006735559,0.071867500,0.215360776,0.012730000,0.071847810,0.214905497,0.012869062,0.163132424,-0.212337808,0.022708944,0.162082867,-0.211359778,0.030803967,0.477528089,0.116953577,0.031008554,-0.108876548,0.032617398,0.057342513,0.001882315,0.148981062,-0.140494924,-0.061842183,0.740999361,-0.022832000,-0.053848279,-0.031344292,0.014056236,0.001727829,-0.001682804,0.026798571,0.002044245,-0.006667112,-0.011118648,-0.093084049,-0.002263881,-0.000563934,0.480333377,-0.000627268,0.002857363,0.087839533,-0.000570847,-0.048248076,-0.822298161,0.008216636,0.981847135,0.294567752,-0.004907320,0.030787760,0.026057827,0.065578814,-0.064375457,-0.179244234,-0.252807650,-0.054279962
8740,8.740000,return_home,0,8.741000,0.000448274,0.008170957,0.008242653,0.006036838,0.071867500,0.215360776,0.012730000,0.071849069,0.214934646,0.012867921,0.163132424,-0.212337808,0.022708944,0.162074969,-0.211484188,0.030766094,0.477158345,0.108952253,0.031314778,-0.108663127,0.032655862,0.057043159,0.001918101,0.148903314,-0.140105495,-0.061898232,0.742800690,-0.022870482,-0.053598236,-0.031187856,0.014048173,0.001646774,-0.001669285,0.026797546,0.002024139,-0.006478291,-0.011155962,-0.092782337,-0.001961249,-0.000554587,0.479714310,-0.000478463,0.002498256,0.087586248,-0.000472440,-0.046184861,-0.822579679,0.008223593,0.982200678,0.292046854,-0.004703792,0.030265674,0.022800323,0.065386739,-0.062712230,-0.180660301,-0.249655149,-0.053467944
8750,8.750000,return_home,0,8.751000,0.000427828,0.008124885,0.008884652,0.005626492,0.071867500,0.215360776,0.012730000,0.071849987,0.214955797,0.012866830,0.163132424,-0.212337808,0.022708944,0.162068580,-0.211594722,0.030729531,0.476732007,0.099595553,0.031669071,-0.108423505,0.032696023,0.056755834,0.001951090,0.148813941,-0.139369857,-0.061861834,0.744604019,-0.022908664,-0.053347145,-0.031034592,0.014041011,0.001584151,-0.001658501,0.026796612,0.002007342,-0.006312800,-0.011191818,-0.092485865,-0.001690664,-0.000548629,0.479111817,-0.000342228,0.002170796,0.087341723,-0.000389388,-0.044528330,-0.822848891,0.008235376,0.982531763,0.289875430,-0.004522436,0.029744440,0.019631213,0.065221684,-0.061076458,-0.182053631,-0.246568672,-0.052674704
8760,8.760000,return_home,0,8.761000,0.000413426,0.008082355,0.009372923,0.005536577,0.071867500,0.215360776,0.012730000,0.071850630,0.214970650,0.012865789,0.163132424,-0.212337808,0.022708944,0.162063636,-0.211691844,0.030694236,0.476127165,0.088123624,0.032105775,-0.108071048,0.032747077,0.056450759,0.002031097,0.148716497,-0.138240073,-0.061724577,0.746385496,-0.022946318,-0.053096104,-0.030885556,0.014034588,0.001536218,-0.001649906,0.026795761,0.001993181,-0.006166967,-0.011226394,-0.092194598,-0.001451139,-0.000545732,0.478525548,-0.000218350,0.001874204,0.087105673,-0.000321998,-0.043197476,-0.823127647,0.008239489,0.982845898,0.287576992,-0.004268752,0.029228526,0.016570065,0.065086879,-0.059481007,-0.183418412,-0.243567171,-0.051906595
8770,8.770000,return_home,0,8.771000,0.000403023,0.008042842,0.009626141,0.005744156,0.071867500,0.215360776,0.012730000,0.071851110,0.214981323,0.012864813,0.163132424,-0.212337808,0.022708944,0.162060060,-0.211776104,0.030660160,0.475603416,0.074312955,0.032596520,-0.107810252,0.032781063,0.055994626,0.002011799,0.148614544,-0.136665768,-0.061477736,0.748119701,-0.022983204,-0.052846268,-0.030741804,0.014028775,0.001498495,-0.001644278,0.026795161,0.001982442,-0.006037923,-0.011259816,-0.091908458,-0.001241484,-0.000545538,0.477955025,-0.000106555,0.001607511,0.086877749,-0.000270527,-0.042481585,-0.823362260,0.008277340,0.983128949,0.286174815,-0.004225548,0.028722398,0.013637101,0.064985670,-0.057938840,-0.184748666,-0.240670275,-0.051170021
8780,8.780000,return_home,0,8.781000,0.000393931,0.008005882,0.009704946,0.006178259,0.071867500,0.215360776,0.012730000,0.071851542,0.214990642,0.012863895,0.163132424,-0.212337808,0.022708944,0.162057769,-0.211848145,0.030627245,0.475150880,0.064061158,0.033003370,-0.107574103,0.032822055,0.056081311,0.002024690,0.148511696,-0.134594110,-0.061112265,0.749779672,-0.023019068,-0.052598845,-0.030604400,0.014023312,0.001464573,-0.001641021,0.026794859,0.001974236,-0.005918245,-0.011292543,-0.091627321,-0.001060304,-0.000547654,0.477399640,-0.000006509,0.001369548,0.086657540,-0.000246937,-0.042333898,-0.823541653,0.008302026,0.983340365,0.286246956,-0.004142404,0.028230526,0.010853211,0.064921520,-0.056463043,-0.186038241,-0.237898294,-0.050471461
8790,8.790000,return_home,0,8.791000,0.000384784,0.007971075,0.009658465,0.006752978,0.071867500,0.215360776,0.012730000,0.071851980,0.215000039,0.012862992,0.163132424,-0.212337808,0.022708944,0.162056666,-0.211908705,0.030595429,0.475003683,0.060871500,0.033126407,-0.107497462,0.032833535,0.056037664,0.002034661,0.148411684,-0.131969787,-0.060618801,0.751336933,-0.023053642,-0.052355098,-0.030474414,0.014017989,0.001430636,-0.001638610,0.026794713,0.001966950,-0.005799745,-0.011324799,-0.091351019,-0.000905993,-0.000551654,0.476858650,0.000082191,0.001158940,0.086444570,-0.000238638,-0.042415153,-0.823577015,0.008310798,0.983386140,0.286138381,-0.004064475,0.027757411,0.008239955,0.064898005,-0.055066864,-0.187280798,-0.235272230,-0.049817496
8800,8.800000,return_home,0,8.801000,0.000375205,0.007938076,0.009617409,0.007393093,0.071867500,0.215360776,0.012730000,0.071852435,0.215009917,0.012862096,0.163132424,-0.212337808,0.022708944,0.162056645,-0.211958618,0.030564640,0.475001477,0.061674418,0.033100826,-0.107496810,0.032831771,0.056053849,0.002043464,0.148318418,-0.128734986,-0.059987663,0.752761530,-0.023086639,-0.052116345,-0.030352934,0.014012720,0.001395695,-0.001636179,0.026794600,0.001959687,-0.005680634,-0.011356576,-0.091079336,-0.000776723,-0.000557078,0.476331181,0.000160010,0.000974100,0.086238298,-0.000234256,-0.042507679,-0.823552053,0.008310716,0.983371814,0.286203901,-0.003983847,0.027307600,0.005819575,0.064918815,-0.053763772,-0.188469803,-0.232813786,-0.049214843
8810,8.810000,return_home,0,8.811000,0.000365368,0.007906590,0.009603225,0.008041232,0.071867500,0.215360776,0.012730000,0.071852898,0.215020094,0.012861211,0.163132424,-0.212337808,0.022708944,0.162057588,-0.211998820,0.030534797,0.475028845,0.063489027,0.033038024,-0.107511238,0.032827154,0.056083313,0.002052908,0.148236062,-0.124829370,-0.059208857,0.754022072,-0.023117757,-0.051883959,-0.030241069,0.014007499,0.001360215,-0.001633443,0.026794468,0.001952171,-0.005561741,-0.011387826,-0.090812015,-0.000670442,-0.000563432,0.475816223,0.000227483,0.000813221,0.086038120,-0.000228580,-0.042525728,-0.823521195,0.008307930,0.983353757,0.286133772,-0.003898897,0.026885726,0.003614997,0.064987754,-0.052567520,-0.189598519,-0.230545368,-0.048670400
8820,8.820000,return_home,0,8.821000,0.000355582,0.007876366,0.009616577,0.008655229,0.071867500,0.215360776,0.012730000,0.071853356,0.215030246,0.012860339,0.163132424,-0.212337808,0.022708944,0.162059365,-0.212030350,0.030505812,0.475037900,0.064807897,0.032993149,-0.107515677,0.032824482,0.056092095,0.002063115,0.148169113,-0.120190058,-0.058272074,0.755085782,-0.023146674,-0.051659369,-0.030139958,0.014002346,0.001324973,-0.001630463,0.026794309,0.001944484,-0.005444216,-0.011418514,-0.090548747,-0.000584864,-0.000570184,0.475312626,0.000285220,0.000674269,0.085843361,-0.000220665,-0.042471431,-0.823503202,0.008305490,0.983350924,0.285948879,-0.003811981,0.026496537,0.001649838,0.065108738,-0.051492227,-0.190660002,-0.228490097,-0.048191289
8830,8.830000,return_home,0,8.831000,0.000346061,0.007847187,0.009645651,0.009203577,0.071867500,0.215360776,0.012730000,0.071853805,0.215040145,0.012859483,0.163132424,-0.212337808,0.022708944,0.162061834,-0.212054353,0.030477589,0.475021991,0.065318079,0.032978382,-0.107506818,0.032824619,0.056087899,0.002073723,0.148122485,-0.114751601,-0.057166701,0.755918545,-0.023173049,-0.051444058,-0.030050777,0.013997281,0.001290523,-0.001627395,0.026794132,0.001936797,-0.005328934,-0.011448629,-0.090289179,-0.000517462,-0.000576766,0.474819094,0.000333899,0.000554975,0.085653280,-0.000211281,-0.042376869,-0.823500711,0.008304192,0.983364679,0.285703780,-0.003725348,0.026144947,-0.000051591,0.065285795,-0.050552463,-0.191647094,-0.226671807,-0.047784910
8840,8.840000,return_home,0,8.841000,0.000336896,0.007818862,0.009679038,0.009661760,0.071867500,0.215360776,0.012730000,0.071854241,0.215049691,0.012858645,0.163132424,-0.212337808,0.022708944,0.162064843,-0.212072085,0.030450020,0.474990186,0.065241447,0.032985313,-0.107489557,0.032826638,0.056075168,0.002084362,0.148101601,-0.108445954,-0.055881818,0.756484966,-0.023196521,-0.051239568,-0.029974752,0.013992312,0.001257097,-0.001624362,0.026793946,0.001929240,-0.005216252,-0.011478177,-0.090032904,-0.000465463,-0.000582575,0.474334186,0.000374280,0.000452831,0.085467060,-0.000201388,-0.042271318,-0.823507752,0.008303784,0.983388049,0.285441055,-0.003640295,0.025836076,-0.001464283,0.065523061,-0.049763361,-0.192552424,-0.225115048,-0.047458991
8850,8.850000,return_home,0,8.851000,0.000328092,0.007791212,0.009710638,0.010009823,0.071867500,0.215360776,0.012730000,0.071854666,0.215058880,0.012857824,0.163132424,-0.212337808,0.022708944,0.162068225,-0.212084913,0.030422990,0.474952471,0.064906218,0.033001758,-0.107469217,0.032829414,0.056059982,0.002094815,0.148112501,-0.101202450,-0.054406210,0.756748436,-0.023216706,-0.051047493,-0.029913165,0.013987442,0.001224707,-0.001621424,0.026793760,0.001921871,-0.005106179,-0.011507171,-0.089779465,-0.000425839,-0.000586966,0.473856303,0.000407199,0.000365079,0.085283812,-0.000191587,-0.042170876,-0.823518168,0.008303802,0.983414411,0.285187525,-0.003557238,0.025575315,-0.002562537,0.065824784,-0.049140727,-0.193368406,-0.223845088,-0.047221656
8860,8.860000,return_home,0,8.861000,0.000319617,0.007764068,0.009738651,0.010230910,0.071867500,0.215360776,0.012730000,0.071855078,0.215067746,0.012857019,0.163132424,-0.212337808,0.022708944,0.162071800,-0.212094321,0.030396371,0.474914789,0.064540120,0.033019259,-0.107448944,0.032832209,0.056045612,0.002105012,0.148161952,-0.092947774,-0.052728374,0.756671195,-0.023233201,-0.050869484,-0.029867366,0.013982667,0.001193268,-0.001618593,0.026793574,0.001914699,-0.004998572,-0.011535624,-0.089528348,-0.000395303,-0.000589259,0.473383687,0.000433574,0.000288705,0.085102567,-0.000182103,-0.042080129,-0.823528276,0.008303917,0.983439951,0.284950456,-0.003476113,0.025368380,-0.003319955,0.066195315,-0.048701178,-0.194087242,-0.222887904,-0.047081491
8870,8.870000,return_home,0,8.871000,0.000311434,0.007737259,0.009763623,0.010320715,0.071867500,0.215360776,0.012730000,0.071855481,0.215076324,0.012856230,0.163132424,-0.212337808,0.022708944,0.162075382,-0.212101888,0.030370026,0.474879244,0.064239650,0.033034231,-0.107429841,0.032834730,0.056032957,0.002114960,0.148324690,-0.084242008,-0.050968102,0.756297317,-0.023241949,-0.050742298,-0.029846625,0.013977985,0.001162688,-0.001615856,0.026793390,0.001907707,-0.004893273,-0.011563550,-0.089278985,-0.000370298,-0.000588761,0.472914418,0.000454442,0.000220177,0.084922222,-0.000172948,-0.041997604,-0.823536804,0.008303985,0.983463446,0.284727668,-0.003396726,0.025218676,-0.003710458,0.066621027,-0.048454390,-0.194677880,-0.222386343,-0.047066443
8880,8.880000,return_home,0,8.881000,0.000303521,0.007710643,0.009786720,0.010326518,0.071867500,0.215360776,0.012730000,0.071855874,0.215084641,0.012855457,0.163132424,-0.212337808,0.022708944,0.162078871,-0.212108890,0.030343840,0.474845833,0.064013994,0.033046332,-0.107411896,0.032836967,0.056021754,0.002124689,0.148952763,-0.079637683,-0.050032116,0.756147690,-0.023244457,-0.050688563,-0.029853038,0.013973392,0.001132903,-0.001613198,0.026793207,0.001900879,-0.004790164,-0.011590958,-0.089030988,-0.000347378,-0.000585904,0.472447165,0.000471919,0.000154243,0.084741580,-0.000164060,-0.041920242,-0.823543886,0.008303982,0.983485122,0.284514390,-0.003318910,0.025085338,-0.003804860,0.066912808,-0.048265368,-0.195002076,-0.222307267,-0.047122072
8890,8.890000,return_home,0,8.891000,0.000295862,0.007684187,0.009808850,0.010305866,0.071867500,0.215360776,0.012730000,0.071856257,0.215092712,0.012854698,0.163132424,-0.212337808,0.022708944,0.162082284,-0.212115947,0.030317802,0.474813895,0.063837115,0.033056532,-0.107394747,0.032839017,0.056011399,0.002134225,0.149755607,-0.078587098,-0.049806608,0.756112199,-0.023241344,-0.050686725,-0.029857369,0.013968886,0.001103873,-0.001610608,0.026793024,0.001894198,-0.004689173,-0.011617859,-0.088784336,-0.000324614,-0.000582153,0.471981941,0.000488287,0.000088657,0.084560605,-0.000155380,-0.041845670,-0.823550105,0.008303930,0.983505634,0.284306849,-0.003242570,0.024951618,-0.003786650,0.067078482,-0.048056118,-0.195151861,-0.222339890,-0.047152851
8900,8.900000,return_home,0,8.901000,0.000288450,0.007657890,0.009830461,0.010289631,0.071867500,0.215360776,0.012730000,0.071856631,0.215100544,0.012853954,0.163132424,-0.212337808,0.022708944,0.162085661,-0.212123163,0.030291918,0.474782846,0.063681189,0.033065865,-0.107378084,0.032840972,0.056001427,0.002143582,0.150517093,-0.079123007,-0.049897052,0.756061849,-0.023237033,-0.050699207,-0.029857003,0.013964466,0.001075580,-0.001608080,0.026792841,0.001887660,-0.004590253,-0.011644262,-0.088538993,-0.000301557,-0.000578410,0.471518879,0.000504582,0.000023244,0.084379533,-0.000146874,-0.041772726,-0.823555962,0.008303858,0.983525519,0.284103181,-0.003167659,0.024824133,-0.003766089,0.067182807,-0.047840690,-0.195245923,-0.222341341,-0.047164126
8910,8.910000,return_home,0,8.911000,0.000281280,0.007631757,0.009851653,0.010286967,0.071867500,0.215360776,0.012730000,0.071856997,0.215108142,0.012853225,0.163132424,-0.212337808,0.022708944,0.162089027,-0.212130419,0.030266193,0.474752377,0.063529329,0.033074962,-0.107361740,0.032842888,0.055991610,0.002152768,0.151194043,-0.079951429,-0.050045212,0.755969812,-0.023233388,-0.050709276,-0.029853991,0.013960130,0.001048009,-0.001605611,0.026792657,0.001881259,-0.004493370,-0.011670176,-0.088294891,-0.000278437,-0.000575009,0.471057981,0.000520996,-0.000041499,0.084198491,-0.000138531,-0.041701146,-0.823561723,0.008303783,0.983545056,0.283902932,-0.003094156,0.024703276,-0.003781152,0.067272372,-0.047628654,-0.195344084,-0.222285016,-0.047167413
8920,8.920000,return_home,0,8.921000,0.000274347,0.007605789,0.009872372,0.010295418,0.071867500,0.215360776,0.012730000,0.071857353,0.215115512,0.012852509,0.163132424,-0.212337808,0.022708944,0.162092391,-0.212137570,0.030240628,0.474722395,0.063375572,0.033084046,-0.107345666,0.032844783,0.055981899,0.002161783,0.151810137,-0.080514619,-0.050139900,0.755847413,-0.023230504,-0.050712466,-0.029849982,0.013955876,0.001021145,-0.001603201,0.026792473,0.001874994,-0.004398486,-0.011695609,-0.088051975,-0.000255623,-0.000571958,0.470599198,0.000537357,-0.000105046,0.084017520,-0.000130347,-0.041631071,-0.823567457,0.008303712,0.983564315,0.283706308,-0.003022044,0.024586549,-0.003830182,0.067369077,-0.047421577,-0.195464914,-0.222184391,-0.047168568
8930,8.930000,return_home,0,8.931000,0.000267644,0.007579990,0.009892535,0.010309613,0.071867500,0.215360776,0.012730000,0.071857701,0.215122657,0.012851807,0.163132424,-0.212337808,0.022708944,0.162095756,-0.212144523,0.030215221,0.474692910,0.063220314,0.033093104,-0.107329868,0.032846655,0.055972328,0.002170630,0.152396931,-0.080725744,-0.050164055,0.755710863,-0.023228183,-0.050709814,-0.029845763,0.013951702,0.000994973,-0.001600849,0.026792289,0.001868864,-0.004305565,-0.011720572,-0.087810218,-0.000233377,-0.000569149,0.470142487,0.000553445,-0.000167084,0.083836626,-0.000122323,-0.041562707,-0.823573140,0.008303644,0.983583268,0.283513620,-0.002951304,0.024471794,-0.003898536,0.067477636,-0.047218260,-0.195605415,-0.222062881,-0.047169434
8940,8.940000,return_home,0,8.941000,0.000261166,0.007554356,0.009912096,0.010325279,0.071867500,0.215360776,0.012730000,0.071858041,0.215129587,0.012851119,0.163132424,-0.212337808,0.022708944,0.162099118,-0.212151239,0.030189971,0.474663953,0.063066015,0.033102049,-0.107314362,0.032848496,0.055962943,0.002179312,0.152974595,-0.080694409,-0.050139698,0.755570638,-0.023226129,-0.050704101,-0.029841575,0.013947607,0.000969473,-0.001598556,0.026792105,0.001862865,-0.004214565,-0.011745071,-0.087569607,-0.000211814,-0.000566475,0.469687818,0.000569111,-0.000227510,0.083655807,-0.000114458,-0.041496177,-0.823578723,0.008303578,0.983601866,0.283325048,-0.002881913,0.024357929,-0.003972875,0.067595066,-0.047017375,-0.195756293,-0.221938159,-0.047170058
8950,8.950000,return_home,0,8.951000,0.000254906,0.007528887,0.009931043,0.010340188,0.071867500,0.215360776,0.012730000,0.071858372,0.215136306,0.012850444,0.163132424,-0.212337808,0.022708944,0.162102477,-0.212157718,0.030164875,0.474635544,0.062914803,0.033110801,-0.107299160,0.032850299,0.055953774,0.002187829,0.153551529,-0.080554734,-0.050093597,0.755431138,-0.023224134,-0.050697552,-0.029837410,0.013943590,0.000944629,-0.001596319,0.026791921,0.001856995,-0.004125445,-0.011769117,-0.087330134,-0.000190948,-0.000563871,0.469235170,0.000584295,-0.000286347,0.083475065,-0.000106752,-0.041431498,-0.823584171,0.008303513,0.983620079,0.283140611,-0.002813844,0.024244648,-0.004045557,0.067716892,-0.046818153,-0.195909772,-0.221818869,-0.047169998
8960,8.960000,return_home,0,8.961000,0.000248856,0.007503580,0.009949395,0.010353690,0.071867500,0.215360776,0.012730000,0.071858696,0.215142821,0.012849782,0.163132424,-0.212337808,0.022708944,0.162105830,-0.212163974,0.030139932,0.474607688,0.062767749,0.033119325,-0.107284262,0.032852061,0.055944828,0.002196186,0.154129278,-0.080396709,-0.050043652,0.755293198,-0.023222103,-0.050691338,-0.029833195,0.013939649,0.000920421,-0.001594137,0.026791737,0.001851252,-0.004038163,-0.011792717,-0.087091794,-0.000170744,-0.000561312,0.468784530,0.000598996,-0.000343664,0.083294405,-0.000099200,-0.041368622,-0.823589471,0.008303447,0.983637897,0.282960226,-0.002747072,0.024131992,-0.004113916,0.067839882,-0.046620310,-0.196061652,-0.221707165,-0.047168880
8970,8.970000,return_home,0,8.971000,0.000243011,0.007478432,0.009967176,0.010365936,0.071867500,0.215360776,0.012730000,0.071859012,0.215149140,0.012849133,0.163132424,-0.212337808,0.022708944,0.162109176,-0.212170026,0.030115141,0.474580374,0.062625057,0.033127613,-0.107269664,0.032853783,0.055936103,0.002204385,0.154706823,-0.080259830,-0.049997689,0.755156298,-0.023220014,-0.050685802,-0.029828874,0.013935782,0.000896833,-0.001592009,0.026791553,0.001845631,-0.003952679,-0.011815880,-0.086854580,-0.000151158,-0.000558793,0.468335883,0.000613238,-0.000399535,0.083113836,-0.000091799,-0.041307478,-0.823594625,0.008303380,0.983655327,0.282783767,-0.002681571,0.024020084,-0.004178065,0.067962495,-0.046423813,-0.196210629,-0.221602083,-0.047166523
8980,8.980000,return_home,0,8.981000,0.000237364,0.007453441,0.009984412,0.010377303,0.071867500,0.215360776,0.012730000,0.071859320,0.215155268,0.012848496,0.163132424,-0.212337808,0.022708944,0.162112516,-0.212175885,0.030090498,0.474553589,0.062486492,0.033135678,-0.107255359,0.032855466,0.055927587,0.002212431,0.155282864,-0.080150700,-0.049957002,0.755019756,-0.023217878,-0.050680870,-0.029824421,0.013931988,0.000873846,-0.001589932,0.026791369,0.001840131,-0.003868954,-0.011838614,-0.086618483,-0.000132154,-0.000556322,0.467889215,0.000627047,-0.000454016,0.082933366,-0.000084547,-0.041247997,-0.823599640,0.008303312,0.983672382,0.282611114,-0.002617315,0.023909012,-0.004239046,0.068084374,-0.046228708,-0.196356914,-0.221501936,-0.047162889
8990,8.990000,return_home,0,8.991000,0.000231910,0.007428605,0.010001124,0.010388101,0.071867500,0.215360776,0.012730000,0.071859621,0.215161211,0.012847872,0.163132424,-0.212337808,0.022708944,0.162115848,-0.212181561,0.030066003,0.474527320,0.062351716,0.033143532,-0.107241338,0.032857112,0.055919272,0.002220324,0.155856581,-0.080061971,-0.049920130,0.754883128,-0.023215715,-0.050676350,-0.029819829,0.013928265,0.000851446,-0.001587907,0.026791186,0.001834748,-0.003786951,-0.011860927,-0.086383495,-0.000113705,-0.000553903,0.467444513,0.000640445,-0.000507149,0.082753007,-0.000077439,-0.041190120,-0.823604524,0.008303245,0.983689075,0.282442160,-0.002554281,0.023798816,-0.004297831,0.068205709,-0.046035040,-0.196501170,-0.221405420,-0.047158010
9000,9.000000,return_home,0,9.001000,0.000226642,0.007403921,0.010017329,0.010398502,0.071867500,0.215360776,0.012730000,0.071859915,0.215166974,0.012847259,0.163132424,-0.212337808,0.022708944,0.162119173,-0.212187060,0.030041655,0.474501556,0.062220459,0.033151188,-0.107227596,0.032858721,0.055911150,0.002228070,0.156427637,-0.079984336,-0.049885234,0.754746226,-0.023213540,-0.050672081,-0.029815102,0.013924613,0.000829615,-0.001585930,0.026791002,0.001829481,-0.003706632,-0.011882826,-0.086149607,-0.000095794,-0.000551538,0.467001760,0.000653449,-0.000558967,0.082572766,-0.000070472,-0.041133796,-0.823609283,0.008303177,0.983705417,0.282276815,-0.002492446,0.023689501,-0.004355008,0.068326797,-0.045842826,-0.196643969,-0.221311843,-0.047151934
9010,9.010000,return_home,0,9.011000,0.000221555,0.007379389,0.010033043,0.010408568,0.071867500,0.215360776,0.012730000,0.071860202,0.215172563,0.012846658,0.163132424,-0.212337808,0.022708944,0.162122490,-0.212192387,0.030017451,0.474476285,0.062092547,0.033158654,-0.107214125,0.032860296,0.055903215,0.002235670,0.156995979,-0.079911425,-0.049851064,0.754609010,-0.023211359,-0.050667977,-0.029810247,0.013921029,0.000808339,-0.001584001,0.026790818,0.001824325,-0.003627963,-0.011904320,-0.085916810,-0.000078406,-0.000549229,0.466560944,0.000666070,-0.000609498,0.082392653,-0.000063644,-0.041078983,-0.823613923,0.008303108,0.983721417,0.282114998,-0.002431785,0.023581059,-0.004410818,0.068447859,-0.045652063,-0.196785635,-0.221220969,-0.047144706
9020,9.020000,return_home,0,9.021000,0.000216643,0.007355007,0.010048280,0.010418303,0.071867500,0.215360776,0.012730000,0.071860482,0.215177984,0.012846069,0.163132424,-0.212337808,0.022708944,0.162125799,-0.212197548,0.029993390,0.474451498,0.061967877,0.033165935,-0.107200922,0.032861837,0.055895464,0.002243127,0.157561658,-0.079840341,-0.049817058,0.754471500,-0.023209174,-0.050664007,-0.029805270,0.013917513,0.000787603,-0.001582119,0.026790635,0.001819279,-0.003550906,-0.011925415,-0.085685095,-0.000061528,-0.000546973,0.466122048,0.000678316,-0.000658769,0.082212677,-0.000056952,-0.041025641,-0.823618446,0.008303040,0.983737083,0.281956634,-0.002372276,0.023473478,-0.004465305,0.068568997,-0.045462737,-0.196926295,-0.221132782,-0.047136362
9030,9.030000,return_home,0,9.031000,0.000211902,0.007330771,0.010063053,0.010427696,0.071867500,0.215360776,0.012730000,0.071860755,0.215183241,0.012845491,0.163132424,-0.212337808,0.022708944,0.162129099,-0.212202546,0.029969470,0.474427186,0.061846374,0.033173036,-0.107187980,0.032863345,0.055887892,0.002250444,0.158124738,-0.079770484,-0.049783108,0.754333728,-0.023206987,-0.050660174,-0.029800174,0.013914062,0.000767393,-0.001580283,0.026790451,0.001814341,-0.003475429,-0.011946120,-0.085454455,-0.000045146,-0.000544768,0.465685058,0.000690196,-0.000706808,0.082032844,-0.000050392,-0.040973729,-0.823622856,0.008302972,0.983752422,0.281801646,-0.002313898,0.023366744,-0.004518446,0.068690233,-0.045274830,-0.197065967,-0.221047323,-0.047126931
9040,9.040000,return_home,0,9.041000,0.000207325,0.007306681,0.010077376,0.010436738,0.071867500,0.215360776,0.012730000,0.071861022,0.215188340,0.012844924,0.163132424,-0.212337808,0.022708944,0.162132390,-0.212207387,0.029945691,0.474403339,0.061727974,0.033179961,-0.107175294,0.032864821,0.055880494,0.002257623,0.158685267,-0.079702248,-0.049749300,0.754195716,-0.023204795,-0.050656484,-0.029794963,0.013910677,0.000747694,-0.001578491,0.026790268,0.001809507,-0.003401498,-0.011966441,-0.085224880,-0.000029246,-0.000542613,0.465249961,0.000701719,-0.000753642,0.081853164,-0.000043963,-0.040923209,-0.823627155,0.008302903,0.983767440,0.281649961,-0.002256627,0.023260847,-0.004570220,0.068811550,-0.045088321,-0.197204637,-0.220964611,-0.047116438
9050,9.050000,return_home,0,9.051000,0.000202909,0.007282735,0.010091263,0.010445429,0.071867500,0.215360776,0.012730000,0.071861283,0.215193285,0.012844368,0.163132424,-0.212337808,0.022708944,0.162135672,-0.212212076,0.029922051,0.474379948,0.061612604,0.033186714,-0.107162860,0.032866264,0.055873267,0.002264668,0.159243276,-0.079636184,-0.049715750,0.754057479,-0.023202599,-0.050652945,-0.029789639,0.013907354,0.000728492,-0.001576742,0.026790085,0.001804776,-0.003329079,-0.011986386,-0.084996361,-0.000013816,-0.000540505,0.464816741,0.000712894,-0.000799298,0.081673645,-0.000037662,-0.040874041,-0.823631345,0.008302835,0.983782144,0.281501505,-0.002200444,0.023155777,-0.004620630,0.068932923,-0.044903194,-0.197342294,-0.220884624,-0.047104908
9060,9.060000,return_home,0,9.061000,0.000198647,0.007258932,0.010104726,0.010453776,0.071867500,0.215360776,0.012730000,0.071861537,0.215198081,0.012843822,0.163132424,-0.212337808,0.022708944,0.162138945,-0.212216616,0.029898548,0.474357004,0.061500188,0.033193300,-0.107150671,0.032867677,0.055866207,0.002271580,0.159798786,-0.079572649,-0.049682536,0.753919026,-0.023200398,-0.050649559,-0.029784207,0.013904094,0.000709775,-0.001575035,0.026789902,0.001800145,-0.003258141,-0.012005961,-0.084768892,0.000001158,-0.000538444,0.464385386,0.000723729,-0.000843804,0.081494293,-0.000031485,-0.040826188,-0.823635431,0.008302767,0.983796542,0.281356206,-0.002145327,0.023051526,-0.004669703,0.069054334,-0.044719431,-0.197478946,-0.220807309,-0.047092365
9070,9.070000,return_home,0,9.071000,0.000194537,0.007235269,0.010117780,0.010461792,0.071867500,0.215360776,0.012730000,0.071861786,0.215202732,0.012843287,0.163132424,-0.212337808,0.022708944,0.162142209,-0.212221014,0.029875180,0.474334498,0.061390646,0.033199722,-0.107138724,0.032869059,0.055859309,0.002278363,0.160351814,-0.079511762,-0.049649689,0.753780364,-0.023198193,-0.050646324,-0.029778668,0.013900895,0.000691530,-0.001573369,0.026789720,0.001795613,-0.003188651,-0.012025174,-0.084542463,0.000015689,-0.000536427,0.463955882,0.000734235,-0.000887187,0.081315117,-0.000025430,-0.040779612,-0.823639415,0.008302698,0.983810640,0.281213992,-0.002091256,0.022948085,-0.004717476,0.069175770,-0.044537017,-0.197614611,-0.220732602,-0.047078833
9080,9.080000,return_home,0,9.081000,0.000190571,0.007211745,0.010130436,0.010469487,0.071867500,0.215360776,0.012730000,0.071862029,0.215207244,0.012842762,0.163132424,-0.212337808,0.022708944,0.162145462,-0.212225273,0.029851948,0.474312422,0.061283898,0.033205985,-0.107127013,0.032870411,0.055852570,0.002285018,0.160902379,-0.079453488,-0.049617207,0.753641499,-0.023195984,-0.050643237,-0.029773025,0.013897756,0.000673743,-0.001571744,0.026789537,0.001791176,-0.003120580,-0.012044031,-0.084317067,0.000029791,-0.000534454,0.463528214,0.000744418,-0.000929473,0.081136124,-0.000019496,-0.040734279,-0.823643299,0.008302630,0.983824445,0.281074795,-0.002038210,0.022845446,-0.004763993,0.069297226,-0.044355935,-0.197749314,-0.220660435,-0.047064337
9090,9.090000,return_home,0,9.091000,0.000186747,0.007188358,0.010142706,0.010476875,0.071867500,0.215360776,0.012730000,0.071862266,0.215211619,0.012842247,0.163132424,-0.212337808,0.022708944,0.162148705,-0.212229398,0.029828848,0.474290766,0.061179869,0.033212094,-0.107115534,0.032871735,0.055845985,0.002291548,0.161450496,-0.079397721,-0.049585076,0.753502437,-0.023193772,-0.050640292,-0.029767281,0.013894675,0.000656403,-0.001570157,0.026789355,0.001786833,-0.003053898,-0.012062539,-0.084092695,0.000043475,-0.000532523,0.463102370,0.000754288,-0.000970686,0.080957320,-0.000013678,-0.040690152,-0.823647086,0.008302562,0.983837963,0.280938546,-0.001986169,0.022743601,-0.004809293,0.069418699,-0.044176172,-0.197883085,-0.220590741,-0.047048900
9100,9.100000,return_home,0,9.101000,0.000183060,0.007165107,0.010154603,0.010483965,0.071867500,0.215360776,0.012730000,0.071862498,0.215215863,0.012841742,0.163132424,-0.212337808,0.022708944,0.162151938,-0.212233393,0.029805880,0.474269524,0.061078484,0.033218052,-0.107104282,0.032873030,0.055839551,0.002297956,0.161996185,-0.079344347,-0.049553281,0.753363184,-0.023191558,-0.050637487,-0.029761439,0.013891652,0.000639498,-0.001568607,0.026789173,0.001782581,-0.002988574,-0.012080704,-0.083869340,0.000056753,-0.000530634,0.462678336,0.000763852,-0.001010852,0.080778713,-0.000007976,-0.040647199,-0.823650780,0.008302495,0.983851201,0.280805181,-0.001935115,0.022642540,-0.004853415,0.069540188,-0.043997711,-0.198015947,-0.220523461,-0.047032545
9110,9.110000,return_home,0,9.111000,0.000179506,0.007141990,0.010166137,0.010490767,0.071867500,0.215360776,0.012730000,0.071862724,0.215219979,0.012841246,0.163132424,-0.212337808,0.022708944,0.162155160,-0.212237262,0.029783042,0.474248686,0.060979671,0.033223863,-0.107093252,0.032874297,0.055833264,0.002304244,0.162539463,-0.079293265,-0.049521808,0.753223747,-0.023189340,-0.050634816,-0.029755501,0.013888685,0.000623016,-0.001567095,0.026788992,0.001778419,-0.002924580,-0.012098532,-0.083646993,0.000069636,-0.000528784,0.462256099,0.000773119,-0.001049994,0.080600310,-0.000002386,-0.040605386,-0.823654382,0.008302427,0.983864165,0.280674636,-0.001885028,0.022542257,-0.004896393,0.069661690,-0.043820538,-0.198147928,-0.220458538,-0.047015295
9120,9.120000,return_home,0,9.121000,0.000176079,0.007119007,0.010177319,0.010497291,0.071867500,0.215360776,0.012730000,0.071862945,0.215223972,0.012840760,0.163132424,-0.212337808,0.022708944,0.162158372,-0.212241009,0.029760334,0.474228244,0.060883362,0.033229532,-0.107082441,0.032875538,0.055827121,0.002310413,0.163080348,-0.079244395,-0.049490646,0.753084132,-0.023187121,-0.050632278,-0.029749471,0.013885773,0.000606947,-0.001565619,0.026788810,0.001774345,-0.002861889,-0.012116031,-0.083425647,0.000082137,-0.000526973,0.461835646,0.000782095,-0.001088136,0.080422118,0.000003094,-0.040564683,-0.823657895,0.008302360,0.983876861,0.280546847,-0.001835890,0.022442742,-0.004938262,0.069783202,-0.043644638,-0.198279049,-0.220395917,-0.046997172
9130,9.130000,return_home,0,9.131000,0.000172778,0.007096154,0.010188161,0.010503546,0.071867500,0.215360776,0.012730000,0.071863161,0.215227844,0.012840283,0.163132424,-0.212337808,0.022708944,0.162161573,-0.212244638,0.029737754,0.474208192,0.060789490,0.033235061,-0.107071842,0.032876752,0.055821117,0.002316467,0.163618858,-0.079197669,-0.049459790,0.752944346,-0.023184900,-0.050629868,-0.029743349,0.013882916,0.000591278,-0.001564178,0.026788629,0.001770357,-0.002800472,-0.012133205,-0.083205294,0.000094265,-0.000525199,0.461416965,0.000790790,-0.001125300,0.080244142,0.000008466,-0.040525057,-0.823661322,0.008302293,0.983889295,0.280421754,-0.001787683,0.022343988,-0.004979053,0.069904722,-0.043469998,-0.198409332,-0.220335544,-0.046978198
9140,9.140000,return_home,0,9.141000,0.000169596,0.007073432,0.010198673,0.010509540,0.071867500,0.215360776,0.012730000,0.071863372,0.215231600,0.012839815,0.163132424,-0.212337808,0.022708944,0.162164762,-0.212248153,0.029715300,0.474188520,0.060697989,0.033240456,-0.107061454,0.032877940,0.055815250,0.002322408,0.164155009,-0.079153025,-0.049429231,0.752804394,-0.023182678,-0.050627584,-0.029737140,0.013880111,0.000576000,-0.001562771,0.026788449,0.001766452,-0.002740303,-0.012150061,-0.082985927,0.000106031,-0.000523462,0.461000042,0.000799209,-0.001161509,0.080066389,0.000013732,-0.040486480,-0.823664665,0.008302226,0.983901472,0.280299296,-0.001740388,0.022245986,-0.005018797,0.070026246,-0.043296603,-0.198538799,-0.220277369,-0.046958393
9150,9.150000,return_home,0,9.151000,0.000166531,0.007050838,0.010208864,0.010515283,0.071867500,0.215360776,0.012730000,0.071863578,0.215235244,0.012839356,0.163132424,-0.212337808,0.022708944,0.162167941,-0.212251556,0.029692972,0.474169222,0.060608797,0.033245718,-0.107051270,0.032879103,0.055809517,0.002328237,0.164688819,-0.079110405,-0.049398964,0.752664282,-0.023180455,-0.050625422,-0.029730846,0.013877359,0.000561102,-0.001561397,0.026788268,0.001762629,-0.002681355,-0.012166605,-0.082767538,0.000117447,-0.000521761,0.460584866,0.000807359,-0.001196785,0.079888865,0.000018894,-0.040448922,-0.823667926,0.008302159,0.983913399,0.280179416,-0.001693988,0.022148729,-0.005057523,0.070147772,-0.043124438,-0.198667470,-0.220221341,-0.046937780
9160,9.160000,return_home,0,9.161000,0.000163579,0.007028371,0.010218744,0.010520781,0.071867500,0.215360776,0.012730000,0.071863779,0.215238778,0.012838906,0.163132424,-0.212337808,0.022708944,0.162171108,-0.212254853,0.029670768,0.474150290,0.060521851,0.033250852,-0.107041287,0.032880241,0.055803913,0.002333957,0.165220305,-0.079069753,-0.049368984,0.752524017,-0.023178232,-0.050623381,-0.029724469,0.013874657,0.000546574,-0.001560056,0.026788088,0.001758886,-0.002623603,-0.012182843,-0.082550119,0.000128520,-0.000520094,0.460171423,0.000815249,-0.001231149,0.079711576,0.000023955,-0.040412355,-0.823671107,0.008302093,0.983925080,0.280062057,-0.001648467,0.022052209,-0.005095263,0.070269296,-0.042953492,-0.198795366,-0.220167410,-0.046916379
9170,9.170000,return_home,0,9.171000,0.000160735,0.007006031,0.010228323,0.010526044,0.071867500,0.215360776,0.012730000,0.071863975,0.215242206,0.012838464,0.163132424,-0.212337808,0.022708944,0.162174263,-0.212258045,0.029648687,0.474131718,0.060437092,0.033255860,-0.107031501,0.032881356,0.055798437,0.002339569,0.165749486,-0.079031010,-0.049339284,0.752383605,-0.023176007,-0.050621457,-0.029718011,0.013872006,0.000532407,-0.001558746,0.026787908,0.001755222,-0.002567022,-0.012198779,-0.082333664,0.000139262,-0.000518461,0.459759702,0.000822884,-0.001264622,0.079534529,0.000028917,-0.040376752,-0.823674211,0.008302028,0.983936521,0.279947163,-0.001603806,0.021956419,-0.005132043,0.070390817,-0.042783749,-0.198922506,-0.220115529,-0.046894209
9180,9.180000,return_home,0,9.181000,0.000157998,0.006983815,0.010237611,0.010531079,0.071867500,0.215360776,0.012730000,0.071864167,0.215245531,0.012838031,0.163132424,-0.212337808,0.022708944,0.162177407,-0.212261136,0.029626727,0.474113497,0.060354462,0.033260747,-0.107021909,0.032882446,0.055793084,0.002345077,0.166276376,-0.078994122,-0.049309858,0.752243051,-0.023173783,-0.050619648,-0.029711475,0.013869403,0.000518591,-0.001557468,0.026787728,0.001751634,-0.002511587,-0.012214421,-0.082118165,0.000149681,-0.000516860,0.459349690,0.000830271,-0.001297225,0.079357728,0.000033781,-0.040342085,-0.823677240,0.008301962,0.983947728,0.279834679,-0.001559991,0.021861350,-0.005167893,0.070512330,-0.042615197,-0.199048909,-0.220065649,-0.046871291
9190,9.190000,return_home,0,9.191000,0.000155362,0.006961722,0.010246615,0.010535894,0.071867500,0.215360776,0.012730000,0.071864355,0.215248756,0.012837606,0.163132424,-0.212337808,0.022708944,0.162180538,-0.212264130,0.029604889,0.474095622,0.060273904,0.033265515,-0.107012506,0.032883514,0.055787853,0.002350481,0.166800994,-0.078959033,-0.049280700,0.752102362,-0.023171560,-0.050617950,-0.029704863,0.013866849,0.000505116,-0.001556219,0.026787549,0.001748122,-0.002457273,-0.012229773,-0.081903614,0.000159786,-0.000515291,0.458941376,0.000837416,-0.001328976,0.079181179,0.000038550,-0.040308330,-0.823680196,0.008301897,0.983958705,0.279724553,-0.001517004,0.021766995,-0.005202837,0.070633835,-0.042447823,-0.199174595,-0.220017724,-0.046847644
9200,9.200000,return_home,0,9.201000,0.000152825,0.006939751,0.010255345,0.010540496,0.071867500,0.215360776,0.012730000,0.071864538,0.215251885,0.012837189,0.163132424,-0.212337808,0.022708944,0.162183658,-0.212267029,0.029583170,0.474078085,0.060195363,0.033270167,-0.107003288,0.032884559,0.055782739,0.002355784,0.167323355,-0.078925691,-0.049251805,0.751961543,-0.023169336,-0.050616362,-0.029698177,0.013864342,0.000491974,-0.001554999,0.026787370,0.001744682,-0.002404059,-0.012244841,-0.081690005,0.000169588,-0.000513752,0.458534747,0.000844325,-0.001359896,0.079004888,0.000043225,-0.040275460,-0.823683080,0.008301833,0.983969458,0.279616732,-0.001474829,0.021673346,-0.005236904,0.070755328,-0.042281614,-0.199299580,-0.219971711,-0.046823287
9210,9.210000,return_home,0,9.211000,0.000150383,0.006917901,0.010263808,0.010544892,0.071867500,0.215360776,0.012730000,0.071864717,0.215254920,0.012836779,0.163132424,-0.212337808,0.022708944,0.162186766,-0.212269836,0.029561569,0.474060879,0.060118785,0.033274707,-0.106994252,0.032885582,0.055777740,0.002360988,0.167843477,-0.078894044,-0.049223167,0.751820599,-0.023167114,-0.050614880,-0.029691420,0.013861881,0.000479157,-0.001553808,0.026787191,0.001741315,-0.002351920,-0.012259629,-0.081477331,0.000179093,-0.000512244,0.458129792,0.000851005,-0.001390003,0.078828860,0.000047809,-0.040243452,-0.823685895,0.008301769,0.983979991,0.279511167,-0.001433452,0.021580397,-0.005270117,0.070876807,-0.042116557,-0.199423883,-0.219927565,-0.046798238
9220,9.220000,return_home,0,9.221000,0.000148034,0.006896171,0.010272014,0.010549089,0.071867500,0.215360776,0.012730000,0.071864892,0.215257864,0.012836378,0.163132424,-0.212337808,0.022708944,0.162189862,-0.212272555,0.029540085,0.474043999,0.060044118,0.033279136,-0.106985394,0.032886584,0.055772854,0.002366094,0.168361376,-0.078864042,-0.049194781,0.751679536,-0.023164892,-0.050613503,-0.029684594,0.013859466,0.000466654,-0.001552645,0.026787013,0.001738017,-0.002300834,-0.012274144,-0.081265584,0.000188310,-0.000510764,0.457726500,0.000857462,-0.001419316,0.078653100,0.000052303,-0.040212281,-0.823688642,0.008301705,0.983990309,0.279407807,-0.001392856,0.021488140,-0.005302502,0.070998270,-0.041952640,-0.199547521,-0.219885243,-0.046772517
9230,9.230000,return_home,0,9.231000,0.000145773,0.006874559,0.010279969,0.010553093,0.071867500,0.215360776,0.012730000,0.071865063,0.215260720,0.012835984,0.163132424,-0.212337808,0.022708944,0.162192945,-0.212275187,0.029518718,0.474027438,0.059971313,0.033283459,-0.106976711,0.032887565,0.055768078,0.002371105,0.168877068,-0.078835637,-0.049166641,0.751538361,-0.023162672,-0.050612227,-0.029677700,0.013857095,0.000454460,-0.001551509,0.026786835,0.001734788,-0.002250779,-0.012288389,-0.081054758,0.000197248,-0.000509312,0.457324858,0.000863700,-0.001447854,0.078477613,0.000056710,-0.040181925,-0.823691324,0.008301642,0.984000417,0.279306605,-0.001353027,0.021396567,-0.005334083,0.071119714,-0.041789850,-0.199670511,-0.219844704,-0.046746140
9240,9.240000,return_home,0,9.241000,0.000143598,0.006853065,0.010287682,0.010556912,0.071867500,0.215360776,0.012730000,0.071865231,0.215263491,0.012835598,0.163132424,-0.212337808,0.022708944,0.162196016,-0.212277737,0.029497465,0.474011190,0.059900319,0.033287678,-0.106968199,0.032888525,0.055763408,0.002376022,0.169390570,-0.078808782,-0.049138743,0.751397078,-0.023160454,-0.050611052,-0.029670742,0.013854768,0.000442564,-0.001550399,0.026786657,0.001731626,-0.002201734,-0.012302371,-0.080844845,0.000205914,-0.000507888,0.456924856,0.000869726,-0.001475632,0.078302404,0.000061030,-0.040152361,-0.823693941,0.008301580,0.984010319,0.279207513,-0.001313951,0.021305671,-0.005364881,0.071241138,-0.041628177,-0.199792869,-0.219805908,-0.046719125
9250,9.250000,return_home,0,9.251000,0.000141507,0.006831686,0.010295160,0.010560552,0.071867500,0.215360776,0.012730000,0.071865394,0.215266178,0.012835219,0.163132424,-0.212337808,0.022708944,0.162199075,-0.212280205,0.029476327,0.473995247,0.059831089,0.033291795,-0.106959855,0.032889465,0.055758843,0.002380847,0.169901896,-0.078783431,-0.049111081,0.751255692,-0.023158237,-0.050609974,-0.029663720,0.013852483,0.000430960,-0.001549315,0.026786480,0.001728530,-0.002153678,-0.012316094,-0.080635840,0.000214317,-0.000506491,0.456526482,0.000875545,-0.001502670,0.078127477,0.000065265,-0.040123568,-0.823696497,0.008301518,0.984020021,0.279110485,-0.001275612,0.021215446,-0.005394920,0.071362540,-0.041467606,-0.199914610,-0.219768814,-0.046691490
9260,9.260000,return_home,0,9.261000,0.000139495,0.006810422,0.010302410,0.010564019,0.071867500,0.215360776,0.012730000,0.071865554,0.215268786,0.012834847,0.163132424,-0.212337808,0.022708944,0.162202121,-0.212282595,0.029455302,0.473979606,0.059763577,0.033295813,-0.106951675,0.032890385,0.055754380,0.002385581,0.170411064,-0.078759540,-0.049083650,0.751114209,-0.023156023,-0.050608990,-0.029656638,0.013850240,0.000419641,-0.001548256,0.026786303,0.001725498,-0.002106589,-0.012329563,-0.080427735,0.000222462,-0.000505119,0.456129725,0.000881163,-0.001528983,0.077952837,0.000069419,-0.040095525,-0.823698992,0.008301456,0.984029525,0.279015476,-0.001237997,0.021125885,-0.005424222,0.071483916,-0.041308128,-0.200035751,-0.219733383,-0.046663251
9270,9.270000,return_home,0,9.271000,0.000137560,0.006789273,0.010309440,0.010567317,0.071867500,0.215360776,0.012730000,0.071865710,0.215271315,0.012834482,0.163132424,-0.212337808,0.022708944,0.162205155,-0.212284910,0.029434388,0.473964259,0.059697737,0.033299734,-0.106943657,0.032891286,0.055750017,0.002390227,0.170918089,-0.078737067,-0.049056447,0.750972634,-0.023153810,-0.050608100,-0.029649496,0.013848039,0.000408597,-0.001547222,0.026786127,0.001722529,-0.002060448,-0.012342782,-0.080220523,0.000230358,-0.000503772,0.455734575,0.000886584,-0.001554588,0.077778489,0.000073491,-0.040068210,-0.823701428,0.008301395,0.984038837,0.278922443,-0.001201092,0.021036980,-0.005452807,0.071605267,-0.041149731,-0.200156306,-0.219699579,-0.046634426
9280,9.280000,return_home,0,9.281000,0.000135700,0.006768236,0.010316254,0.010570455,0.071867500,0.215360776,0.012730000,0.071865862,0.215273769,0.012834123,0.163132424,-0.212337808,0.022708944,0.162208176,-0.212287151,0.029413585,0.473949201,0.059633526,0.033303562,-0.106935796,0.032892169,0.055745751,0.002394787,0.171422987,-0.078715968,-0.049029466,0.750830972,-0.023151601,-0.050607301,-0.029642298,0.013845878,0.000397823,-0.001546211,0.026785950,0.001719621,-0.002015236,-0.012355756,-0.080014199,0.000238012,-0.000502450,0.455341020,0.000891814,-0.001579502,0.077604437,0.000077484,-0.040041605,-0.823703807,0.008301334,0.984047960,0.278831341,-0.001164883,0.020948724,-0.005480697,0.071726589,-0.040992402,-0.200276290,-0.219667365,-0.046605029
9290,9.290000,return_home,0,9.291000,0.000133912,0.006747311,0.010322862,0.010573436,0.071867500,0.215360776,0.012730000,0.071866011,0.215276150,0.012833772,0.163132424,-0.212337808,0.022708944,0.162211184,-0.212289321,0.029392892,0.473934427,0.059570900,0.033307298,-0.106928091,0.032893033,0.055741580,0.002399260,0.171925772,-0.078696205,-0.049002703,0.750689229,-0.023149393,-0.050606591,-0.029635044,0.013843756,0.000387312,-0.001545224,0.026785774,0.001716773,-0.001970932,-0.012368490,-0.079808755,0.000245430,-0.000501152,0.454949050,0.000896857,-0.001603739,0.077430685,0.000081399,-0.040015689,-0.823706131,0.008301274,0.984056899,0.278742130,-0.001129357,0.020861112,-0.005507910,0.071847881,-0.040836132,-0.200395717,-0.219636703,-0.046575077
9300,9.300000,return_home,0,9.301000,0.000132193,0.006726496,0.010329268,0.010576266,0.071867500,0.215360776,0.012730000,0.071866157,0.215278459,0.012833427,0.163132424,-0.212337808,0.022708944,0.162214180,-0.212291422,0.029372309,0.473919930,0.059509819,0.033310945,-0.106920537,0.032893879,0.055737501,0.002403651,0.172426461,-0.078677737,-0.048976154,0.750547409,-0.023147189,-0.050605968,-0.029627737,0.013841673,0.000377056,-0.001544259,0.026785599,0.001713984,-0.001927518,-0.012380988,-0.079604186,0.000252618,-0.000499877,0.454558653,0.000901719,-0.001627316,0.077257237,0.000085238,-0.039990444,-0.823708399,0.008301215,0.984065658,0.278654768,-0.001094501,0.020774135,-0.005534466,0.071969141,-0.040680908,-0.200514601,-0.219607560,-0.046544586
9310,9.310000,return_home,0,9.311000,0.000130541,0.006705791,0.010335478,0.010578951,0.071867500,0.215360776,0.012730000,0.071866299,0.215280700,0.012833089,0.163132424,-0.212337808,0.022708944,0.162217163,-0.212293457,0.029351832,0.473905705,0.059450241,0.033314505,-0.106913132,0.032894707,0.055733513,0.002407959,0.172925068,-0.078660527,-0.048949815,0.750405517,-0.023144988,-0.050605430,-0.029620378,0.013839628,0.000367050,-0.001543317,0.026785424,0.001711253,-0.001884976,-0.012393255,-0.079400484,0.000259585,-0.000498624,0.454169820,0.000906403,-0.001650246,0.077084097,0.000089002,-0.039965851,-0.823710615,0.008301156,0.984074241,0.278569214,-0.001060303,0.020687788,-0.005560384,0.072090368,-0.040526720,-0.200632956,-0.219579901,-0.046513571
9320,9.320000,return_home,0,9.321000,0.000128953,0.006685195,0.010341500,0.010581496,0.071867500,0.215360776,0.012730000,0.071866438,0.215282874,0.012832757,0.163132424,-0.212337808,0.022708944,0.162220133,-0.212295426,0.029331463,0.473891748,0.059392127,0.033317980,-0.106905873,0.032895519,0.055729613,0.002412186,0.173421608,-0.078644538,-0.048923681,0.750263558,-0.023142790,-0.050604975,-0.029612970,0.013837621,0.000357285,-0.001542396,0.026785249,0.001708578,-0.001843287,-0.012405294,-0.079197644,0.000266334,-0.000497393,0.453782541,0.000910915,-0.001672546,0.076911269,0.000092693,-0.039941894,-0.823712780,0.008301098,0.984082650,0.278485431,-0.001026749,0.020602065,-0.005585683,0.072211559,-0.040373558,-0.200750794,-0.219553693,-0.046482046
9330,9.330000,return_home,0,9.331000,0.000127427,0.006664707,0.010347338,0.010583905,0.071867500,0.215360776,0.012730000,0.071866574,0.215284983,0.012832432,0.163132424,-0.212337808,0.022708944,0.162223090,-0.212297333,0.029311200,0.473878052,0.059335440,0.033321372,-0.106898757,0.032896313,0.055725800,0.002416335,0.173916098,-0.078629732,-0.048897749,0.750121537,-0.023140596,-0.050604602,-0.029605514,0.013835650,0.000347758,-0.001541496,0.026785074,0.001705958,-0.001802434,-0.012417110,-0.078995659,0.000272874,-0.000496183,0.453396804,0.000915259,-0.001694228,0.076738757,0.000096313,-0.039918554,-0.823714894,0.008301040,0.984090891,0.278403379,-0.000993827,0.020516958,-0.005610378,0.072332715,-0.040221411,-0.200868128,-0.219528903,-0.046450026
9340,9.340000,return_home,0,9.341000,0.000125961,0.006644325,0.010352998,0.010586183,0.071867500,0.215360776,0.012730000,0.071866707,0.215287029,0.012832112,0.163132424,-0.212337808,0.022708944,0.162226035,-0.212299180,0.029291042,0.473864614,0.059280143,0.033324684,-0.106891782,0.032897091,0.055722071,0.002420406,0.174408550,-0.078616076,-0.048872015,0.749979459,-0.023138405,-0.050604308,-0.029598011,0.013833715,0.000338460,-0.001540617,0.026784900,0.001703392,-0.001762400,-0.012428707,-0.078794524,0.000279208,-0.000494994,0.453012599,0.000919439,-0.001715308,0.076566565,0.000099862,-0.039895815,-0.823716960,0.008300983,0.984098966,0.278323022,-0.000961526,0.020432461,-0.005634489,0.072453831,-0.040070268,-0.200984971,-0.219505499,-0.046417527
9350,9.350000,return_home,0,9.351000,0.000124552,0.006624048,0.010358486,0.010588334,0.071867500,0.215360776,0.012730000,0.071866837,0.215289015,0.012831799,0.163132424,-0.212337808,0.022708944,0.162228966,-0.212300967,0.029270988,0.473851427,0.059226198,0.033327918,-0.106884943,0.032897853,0.055718424,0.002424401,0.174898981,-0.078603536,-0.048846476,0.749837328,-0.023136218,-0.050604092,-0.029590464,0.013831815,0.000329387,-0.001539757,0.026784726,0.001700878,-0.001723167,-0.012440090,-0.078594231,0.000285344,-0.000493825,0.452629917,0.000923459,-0.001735798,0.076394695,0.000103342,-0.039873660,-0.823718979,0.008300927,0.984106880,0.278244322,-0.000929834,0.020348568,-0.005658030,0.072574909,-0.039920119,-0.201101335,-0.219483451,-0.046384561
9360,9.360000,return_home,0,9.361000,0.000123198,0.006603877,0.010363806,0.010590364,0.071867500,0.215360776,0.012730000,0.071866965,0.215290941,0.012831491,0.163132424,-0.212337808,0.022708944,0.162231885,-0.212302698,0.029251037,0.473838487,0.059173571,0.033331075,-0.106878240,0.032898600,0.055714857,0.002428322,0.175387403,-0.078592078,-0.048821126,0.749695148,-0.023134035,-0.050603952,-0.029582874,0.013829949,0.000320533,-0.001538918,0.026784553,0.001698417,-0.001684720,-0.012451261,-0.078394776,0.000291287,-0.000492675,0.452248748,0.000927323,-0.001755713,0.076223152,0.000106755,-0.039852074,-0.823720951,0.008300871,0.984114635,0.278167243,-0.000898738,0.020265273,-0.005681019,0.072695945,-0.039770954,-0.201217231,-0.219462727,-0.046351142
9370,9.370000,return_home,0,9.371000,0.000121897,0.006583809,0.010368965,0.010592277,0.071867500,0.215360776,0.012730000,0.071867089,0.215292810,0.012831190,0.163132424,-0.212337808,0.022708944,0.162234791,-0.212304374,0.029231188,0.473825789,0.059122228,0.033334157,-0.106871668,0.032899331,0.055711369,0.002432169,0.175873833,-0.078581671,-0.048795964,0.749552925,-0.023131856,-0.050603886,-0.029575243,0.013828118,0.000311892,-0.001538097,0.026784380,0.001696005,-0.001647041,-0.012462225,-0.078196151,0.000297042,-0.000491544,0.451869081,0.000931036,-0.001775064,0.076051938,0.000110102,-0.039831042,-0.823722878,0.008300815,0.984122235,0.278091752,-0.000868228,0.020182569,-0.005703471,0.072816939,-0.039622764,-0.201332671,-0.219443298,-0.046317285
9380,9.380000,return_home,0,9.381000,0.000120647,0.006563844,0.010373967,0.010594076,0.071867500,0.215360776,0.012730000,0.071867210,0.215294624,0.012830894,0.163132424,-0.212337808,0.022708944,0.162237684,-0.212305996,0.029211441,0.473813329,0.059072135,0.033337166,-0.106865226,0.032900047,0.055707957,0.002435944,0.176358284,-0.078572284,-0.048770985,0.749410663,-0.023129681,-0.050603893,-0.029567572,0.013826319,0.000303458,-0.001537294,0.026784207,0.001693643,-0.001610116,-0.012472986,-0.077998352,0.000302614,-0.000490432,0.451490907,0.000934601,-0.001793866,0.075881057,0.000113384,-0.039810548,-0.823724761,0.008300761,0.984129684,0.278017814,-0.000838293,0.020100451,-0.005725401,0.072937889,-0.039475538,-0.201447667,-0.219425136,-0.046283001
9390,9.390000,return_home,0,9.391000,0.000119447,0.006543980,0.010378816,0.010595766,0.071867500,0.215360776,0.012730000,0.071867329,0.215296383,0.012830603,0.163132424,-0.212337808,0.022708944,0.162240564,-0.212307566,0.029191794,0.473801101,0.059023260,0.033340105,-0.106858911,0.032900748,0.055704620,0.002439649,0.176840770,-0.078563886,-0.048746187,0.749268365,-0.023127511,-0.050603972,-0.029559863,0.013824554,0.000295227,-0.001536510,0.026784035,0.001691330,-0.001573928,-0.012483548,-0.077801372,0.000308008,-0.000489338,0.451114217,0.000938022,-0.001812129,0.075710513,0.000116603,-0.039790578,-0.823726602,0.008300707,0.984136984,0.277945395,-0.000808921,0.020018912,-0.005746824,0.073058795,-0.039329266,-0.201562228,-0.219408212,-0.046248305
9400,9.400000,return_home,0,9.401000,0.000118293,0.006524218,0.010383517,0.010597350,0.071867500,0.215360776,0.012730000,0.071867445,0.215298091,0.012830318,0.163132424,-0.212337808,0.022708944,0.162243431,-0.212309086,0.029172247,0.473789102,0.058975572,0.033342975,-0.106852721,0.032901435,0.055701356,0.002443285,0.177321306,-0.078556448,-0.048721565,0.749126037,-0.023125345,-0.050604121,-0.029552117,0.013822820,0.000287193,-0.001535744,0.026783863,0.001689063,-0.001538463,-0.012493914,-0.077605206,0.000313230,-0.000488261,0.450739000,0.000941303,-0.001829867,0.075540307,0.000119759,-0.039771117,-0.823728401,0.008300653,0.984144139,0.277874463,-0.000780101,0.019937947,-0.005767753,0.073179654,-0.039183940,-0.201676367,-0.219392499,-0.046213208
9410,9.410000,return_home,0,9.411000,0.000117185,0.006504556,0.010388076,0.010598833,0.071867500,0.215360776,0.012730000,0.071867559,0.215299747,0.012830039,0.163132424,-0.212337808,0.022708944,0.162246286,-0.212310557,0.029152799,0.473777327,0.058929040,0.033345777,-0.106846652,0.032902108,0.055698164,0.002446852,0.177799904,-0.078549941,-0.048697118,0.748983683,-0.023123184,-0.050604338,-0.029544336,0.013821117,0.000279351,-0.001534994,0.026783691,0.001686843,-0.001503705,-0.012504088,-0.077409847,0.000318284,-0.000487202,0.450365247,0.000944447,-0.001847091,0.075370443,0.000122854,-0.039752153,-0.823730160,0.008300600,0.984151152,0.277804987,-0.000751824,0.019857549,-0.005788204,0.073300466,-0.039039550,-0.201790092,-0.219377970,-0.046177724
9420,9.420000,return_home,0,9.421000,0.000116120,0.006484994,0.010392496,0.010600218,0.071867500,0.215360776,0.012730000,0.071867670,0.215301355,0.012829764,0.163132424,-0.212337808,0.022708944,0.162249127,-0.212311981,0.029133449,0.473765771,0.058883634,0.033348513,-0.106840703,0.032902767,0.055695041,0.002450354,0.178276579,-0.078544339,-0.048672841,0.748841306,-0.023121028,-0.050604621,-0.029536521,0.013819445,0.000271696,-0.001534262,0.026783520,0.001684669,-0.001469641,-0.012514073,-0.077215290,0.000323174,-0.000486159,0.449992948,0.000947458,-0.001863813,0.075200924,0.000125890,-0.039733671,-0.823731879,0.008300548,0.984158026,0.277736934,-0.000724079,0.019777713,-0.005808189,0.073421229,-0.038896086,-0.201903415,-0.219364598,-0.046141864
9430,9.430000,return_home,0,9.431000,0.000115097,0.006465529,0.010396781,0.010601509,0.071867500,0.215360776,0.012730000,0.071867779,0.215302915,0.012829495,0.163132424,-0.212337808,0.022708944,0.162251955,-0.212313360,0.029114195,0.473754431,0.058839326,0.033351186,-0.106834872,0.032903412,0.055691987,0.002453789,0.178751345,-0.078539614,-0.048648732,0.748698912,-0.023118877,-0.050604970,-0.029528674,0.013817804,0.000264223,-0.001533546,0.026783349,0.001682538,-0.001436255,-0.012523873,-0.077021530,0.000327906,-0.000485132,0.449622095,0.000950340,-0.001880045,0.075031752,0.000128867,-0.039715659,-0.823733560,0.008300496,0.984164763,0.277670274,-0.000696856,0.019698433,-0.005827722,0.073541943,-0.038753539,-0.202016344,-0.219352358,-0.046105641
9440,9.440000,return_home,0,9.441000,0.000114114,0.006446163,0.010400936,0.010602709,0.071867500,0.215360776,0.012730000,0.071867885,0.215304428,0.012829231,0.163132424,-0.212337808,0.022708944,0.162254771,-0.212314695,0.029095038,0.473743301,0.058796087,0.033353796,-0.106829155,0.032904045,0.055688998,0.002457161,0.179224215,-0.078535740,-0.048624788,0.748556503,-0.023116731,-0.050605384,-0.029520796,0.013816191,0.000256929,-0.001532846,0.026783178,0.001680451,-0.001403534,-0.012533491,-0.076828561,0.000332484,-0.000484120,0.449252679,0.000953094,-0.001895796,0.074862931,0.000131787,-0.039698105,-0.823735204,0.008300445,0.984171368,0.277604979,-0.000670145,0.019619704,-0.005846815,0.073662606,-0.038611901,-0.202128889,-0.219341224,-0.046069065
9450,9.450000,return_home,0,9.451000,0.000113169,0.006426892,0.010404964,0.010603821,0.071867500,0.215360776,0.012730000,0.071867989,0.215305897,0.012828971,0.163132424,-0.212337808,0.022708944,0.162257574,-0.212315986,0.029075977,0.473732379,0.058753889,0.033356345,-0.106823551,0.032904664,0.055686075,0.002460470,0.179695202,-0.078532691,-0.048601006,0.748414084,-0.023114590,-0.050605860,-0.029512889,0.013814608,0.000249808,-0.001532161,0.026783008,0.001678406,-0.001371465,-0.012542931,-0.076636378,0.000336912,-0.000483124,0.448884689,0.000955726,-0.001911079,0.074694462,0.000134650,-0.039680995,-0.823736812,0.008300395,0.984177841,0.277541018,-0.000643936,0.019541520,-0.005865480,0.073783218,-0.038471163,-0.202241060,-0.219331173,-0.046032148
9460,9.460000,return_home,0,9.461000,0.000112262,0.006407718,0.010408870,0.010604848,0.071867500,0.215360776,0.012730000,0.071868090,0.215307323,0.012828717,0.163132424,-0.212337808,0.022708944,0.162260363,-0.212317236,0.029057010,0.473721660,0.058712707,0.033358835,-0.106818058,0.032905271,0.055683215,0.002463717,0.180164320,-0.078530444,-0.048577384,0.748271659,-0.023112454,-0.050606397,-0.029504954,0.013813053,0.000242856,-0.001531492,0.026782838,0.001676403,-0.001340034,-0.012552196,-0.076444974,0.000341194,-0.000482143,0.448518117,0.000958237,-0.001925904,0.074526348,0.000137458,-0.039664318,-0.823738384,0.008300345,0.984184187,0.277478363,-0.000618220,0.019463874,-0.005883730,0.073903776,-0.038331315,-0.202352866,-0.219322181,-0.045994903
9470,9.470000,return_home,0,9.471000,0.000111390,0.006388639,0.010412657,0.010605795,0.071867500,0.215360776,0.012730000,0.071868190,0.215308706,0.012828468,0.163132424,-0.212337808,0.022708944,0.162263140,-0.212318446,0.029038137,0.473711141,0.058672513,0.033361266,-0.106812673,0.032905866,0.055680417,0.002466903,0.180631581,-0.078528975,-0.048553918,0.748129232,-0.023110323,-0.050606995,-0.029496991,0.013811526,0.000236069,-0.001530837,0.026782669,0.001674441,-0.001309227,-0.012561289,-0.076254346,0.000345334,-0.000481176,0.448152955,0.000960632,-0.001940281,0.074358592,0.000140212,-0.039648063,-0.823739921,0.008300296,0.984190408,0.277416987,-0.000592987,0.019386763,-0.005901575,0.074024282,-0.038192350,-0.202464315,-0.219314224,-0.045957338
9480,9.480000,return_home,0,9.481000,0.000110551,0.006369655,0.010416329,0.010606663,0.071867500,0.215360776,0.012730000,0.071868287,0.215310048,0.012828223,0.163132424,-0.212337808,0.022708944,0.162265905,-0.212319617,0.029019357,0.473700816,0.058633284,0.033363642,-0.106807394,0.032906448,0.055677680,0.002470031,0.181096999,-0.078528259,-0.048530606,0.747986807,-0.023108199,-0.050607651,-0.029489003,0.013810027,0.000229442,-0.001530197,0.026782500,0.001672518,-0.001279033,-0.012570213,-0.076064486,0.000349336,-0.000480224,0.447789192,0.000962912,-0.001954220,0.074191195,0.000142914,-0.039632218,-0.823741425,0.008300247,0.984196507,0.277356861,-0.000568228,0.019310180,-0.005919028,0.074144732,-0.038054258,-0.202575416,-0.219307279,-0.045919466
9490,9.490000,return_home,0,9.491000,0.000109746,0.006350763,0.010419889,0.010607456,0.071867500,0.215360776,0.012730000,0.071868382,0.215311351,0.012827982,0.163132424,-0.212337808,0.022708944,0.162268656,-0.212320750,0.029000669,0.473690683,0.058594993,0.033365962,-0.106802219,0.032907019,0.055675002,0.002473099,0.181560586,-0.078528275,-0.048507445,0.747844386,-0.023106079,-0.050608366,-0.029480991,0.013808554,0.000222972,-0.001529571,0.026782331,0.001670634,-0.001249439,-0.012578972,-0.075875390,0.000353204,-0.000479285,0.447426821,0.000965082,-0.001967731,0.074024161,0.000145563,-0.039616773,-0.823742897,0.008300199,0.984202486,0.277297961,-0.000543935,0.019234120,-0.005936099,0.074265127,-0.037917031,-0.202686177,-0.219301324,-0.045881297
9500,9.500000,return_home,0,9.501000,0.000108972,0.006331965,0.010423341,0.010608176,0.071867500,0.215360776,0.012730000,0.071868475,0.215312615,0.012827747,0.163132424,-0.212337808,0.022708944,0.162271395,-0.212321847,0.028982073,0.473680739,0.058557618,0.033368228,-0.106797147,0.032907578,0.055672381,0.002476111,0.182022356,-0.078529001,-0.048484434,0.747701975,-0.023103966,-0.050609136,-0.029472955,0.013807108,0.000216654,-0.001528959,0.026782162,0.001668789,-0.001220432,-0.012587568,-0.075687054,0.000356941,-0.000478359,0.447065833,0.000967143,-0.001980824,0.073857491,0.000148161,-0.039601716,-0.823744336,0.008300152,0.984208348,0.277240259,-0.000520098,0.019158578,-0.005952799,0.074385466,-0.037780662,-0.202796606,-0.219296338,-0.045842840
9510,9.510000,return_home,0,9.511000,0.000108227,0.006313258,0.010426689,0.010608826,0.071867500,0.215360776,0.012730000,0.071868566,0.215313842,0.012827515,0.163132424,-0.212337808,0.022708944,0.162274121,-0.212322908,0.028963568,0.473670978,0.058521136,0.033370442,-0.106792175,0.032908126,0.055669817,0.002479066,0.182482320,-0.078530415,-0.048461569,0.747559576,-0.023101858,-0.050609962,-0.029464898,0.013805687,0.000210486,-0.001528361,0.026781994,0.001666980,-0.001192001,-0.012596005,-0.075499471,0.000360552,-0.000477446,0.446706220,0.000969099,-0.001993508,0.073691186,0.000150709,-0.039587037,-0.823745745,0.008300105,0.984214095,0.277183731,-0.000496708,0.019083548,-0.005969137,0.074505748,-0.037645141,-0.202906712,-0.219292300,-0.045804106
9520,9.520000,return_home,0,9.521000,0.000107512,0.006294643,0.010429934,0.010609410,0.071867500,0.215360776,0.012730000,0.071868655,0.215315032,0.012827288,0.163132424,-0.212337808,0.022708944,0.162276834,-0.212323935,0.028945153,0.473661398,0.058485522,0.033372605,-0.106787301,0.032908663,0.055667309,0.002481967,0.182940492,-0.078532497,-0.048438848,0.747417193,-0.023099756,-0.050610843,-0.029456820,0.013804292,0.000204462,-0.001527775,0.026781826,0.001665209,-0.001164133,-0.012604286,-0.075312636,0.000364040,-0.000476546,0.446347971,0.000970953,-0.002005793,0.073525250,0.000153209,-0.039572727,-0.823747123,0.008300059,0.984219729,0.277128351,-0.000473758,0.019009026,-0.005985125,0.074625971,-0.037510461,-0.203016502,-0.219289187,-0.045765106
9530,9.530000,return_home,0,9.531000,0.000106824,0.006276118,0.010433081,0.010609928,0.071867500,0.215360776,0.012730000,0.071868742,0.215316188,0.012827065,0.163132424,-0.212337808,0.022708944,0.162279535,-0.212324929,0.028926827,0.473651995,0.058450756,0.033374718,-0.106782523,0.032909189,0.055664854,0.002484813,0.183396883,-0.078535227,-0.048416270,0.747274830,-0.023097660,-0.050611776,-0.029448722,0.013802921,0.000198580,-0.001527203,0.026781659,0.001663473,-0.001136818,-0.012612412,-0.075126545,0.000367407,-0.000475659,0.445991080,0.000972706,-0.002017687,0.073359684,0.000155660,-0.039558776,-0.823748471,0.008300014,0.984225254,0.277074095,-0.000451239,0.018935006,-0.006000772,0.074746136,-0.037376613,-0.203125983,-0.219286981,-0.045725848
9540,9.540000,return_home,0,9.541000,0.000106162,0.006257683,0.010436132,0.010610385,0.071867500,0.215360776,0.012730000,0.071868827,0.215317309,0.012826847,0.163132424,-0.212337808,0.022708944,0.162282223,-0.212325890,0.028908590,0.473642767,0.058416816,0.033376782,-0.106777839,0.032909704,0.055662452,0.002487606,0.183851506,-0.078538586,-0.048393831,0.747132490,-0.023095570,-0.050612762,-0.029440606,0.013801575,0.000192835,-0.001526643,0.026781491,0.001661771,-0.001110044,-0.012620388,-0.074941192,0.000370658,-0.000474783,0.445635538,0.000974361,-0.002029200,0.073194490,0.000158065,-0.039545173,-0.823749791,0.008299969,0.984230671,0.277020940,-0.000429142,0.018861484,-0.006016087,0.074866241,-0.037243591,-0.203235163,-0.219285662,-0.045686341
9550,9.550000,return_home,0,9.551000,0.000105526,0.006239337,0.010439090,0.010610782,0.071867500,0.215360776,0.012730000,0.071868911,0.215318398,0.012826632,0.163132424,-0.212337808,0.022708944,0.162284898,-0.212326821,0.028890440,0.473633708,0.058383682,0.033378799,-0.106773248,0.032910209,0.055660101,0.002490347,0.184304373,-0.078542554,-0.048371529,0.746990177,-0.023093486,-0.050613798,-0.029432473,0.013800253,0.000187226,-0.001526095,0.026781324,0.001660105,-0.001083800,-0.012628216,-0.074756573,0.000373796,-0.000473919,0.445281337,0.000975922,-0.002040339,0.073029670,0.000160423,-0.039531911,-0.823751083,0.008299925,0.984235982,0.276968861,-0.000407460,0.018788454,-0.006031079,0.074986286,-0.037111385,-0.203344048,-0.219285210,-0.045646596
9560,9.560000,return_home,0,9.561000,0.000104914,0.006221079,0.010441959,0.010611121,0.071867500,0.215360776,0.012730000,0.071868992,0.215319454,0.012826422,0.163132424,-0.212337808,0.022708944,0.162287561,-0.212327720,0.028872378,0.473624817,0.058351332,0.033380769,-0.106768748,0.032910704,0.055657800,0.002493037,0.184755497,-0.078547112,-0.048349363,0.746847893,-0.023091409,-0.050614885,-0.029424323,0.013798954,0.000181747,-0.001525559,0.026781158,0.001658471,-0.001058075,-0.012635898,-0.074572682,0.000376823,-0.000473067,0.444928468,0.000977391,-0.002051114,0.072865225,0.000162736,-0.039518979,-0.823752348,0.008299881,0.984241190,0.276917838,-0.000386185,0.018715911,-0.006045758,0.075106270,-0.036979990,-0.203452647,-0.219285606,-0.045606622
9570,9.570000,return_home,0,9.571000,0.000104325,0.006202908,0.010444740,0.010611406,0.071867500,0.215360776,0.012730000,0.071869072,0.215320480,0.012826215,0.163132424,-0.212337808,0.022708944,0.162290212,-0.212328591,0.028854403,0.473616090,0.058319747,0.033382695,-0.106764337,0.032911189,0.055655549,0.002495677,0.185204888,-0.078552244,-0.048327330,0.746705643,-0.023089337,-0.050616020,-0.029416159,0.013797678,0.000176396,-0.001525034,0.026780992,0.001656871,-0.001032860,-0.012643438,-0.074389516,0.000379744,-0.000472225,0.444576923,0.000978769,-0.002061533,0.072701157,0.000165005,-0.039506370,-0.823753587,0.008299838,0.984246297,0.276867846,-0.000365310,0.018643851,-0.006060131,0.075226193,-0.036849396,-0.203560965,-0.219286832,-0.045566426
9580,9.580000,return_home,0,9.581000,0.000103758,0.006184825,0.010447438,0.010611637,0.071867500,0.215360776,0.012730000,0.071869150,0.215321475,0.012826013,0.163132424,-0.212337808,0.022708944,0.162292849,-0.212329433,0.028836513,0.473607524,0.058288908,0.033384576,-0.106760014,0.032911665,0.055653346,0.002498268,0.185652559,-0.078557932,-0.048305429,0.746563429,-0.023087272,-0.050617204,-0.029407980,0.013796425,0.000171170,-0.001524521,0.026780826,0.001655303,-0.001008143,-0.012650838,-0.074207067,0.000382559,-0.000471394,0.444226695,0.000980059,-0.002071603,0.072537467,0.000167231,-0.039494075,-0.823754799,0.008299795,0.984251305,0.276818866,-0.000344825,0.018572269,-0.006074208,0.075346053,-0.036719597,-0.203669009,-0.219288870,-0.045526018
9590,9.590000,return_home,0,9.591000,0.000103213,0.006166827,0.010450053,0.010611817,0.071867500,0.215360776,0.012730000,0.071869226,0.215322441,0.012825814,0.163132424,-0.212337808,0.022708944,0.162295475,-0.212330248,0.028818708,0.473599116,0.058258796,0.033386414,-0.106755776,0.032912130,0.055651189,0.002500810,0.186098522,-0.078564159,-0.048283657,0.746421254,-0.023085213,-0.050618434,-0.029399788,0.013795194,0.000166066,-0.001524019,0.026780660,0.001653766,-0.000983914,-0.012658101,-0.074025333,0.000385274,-0.000470574,0.443877775,0.000981264,-0.002081333,0.072374158,0.000169414,-0.039482085,-0.823755986,0.008299753,0.984256217,0.276770874,-0.000324726,0.018501159,-0.006087996,0.075465850,-0.036590585,-0.203776785,-0.219291703,-0.045485406
9600,9.600000,return_home,0,9.601000,0.000102688,0.006148915,0.010452589,0.010611949,0.071867500,0.215360776,0.012730000,0.071869301,0.215323379,0.012825619,0.163132424,-0.212337808,0.022708944,0.162298088,-0.212331036,0.028800988,0.473590862,0.058229393,0.033388211,-0.106751621,0.032912587,0.055649079,0.002503306,0.186542787,-0.078570908,-0.048262012,0.746279122,-0.023083161,-0.050619711,-0.029391583,0.013793984,0.000161080,-0.001523528,0.026780495,0.001652260,-0.000960164,-0.012665228,-0.073844309,0.000387890,-0.000469764,0.443530155,0.000982386,-0.002090730,0.072211229,0.000171555,-0.039470392,-0.823757149,0.008299712,0.984261033,0.276723851,-0.000305003,0.018430519,-0.006101503,0.075585583,-0.036462353,-0.203884300,-0.219295312,-0.045444599
9610,9.610000,return_home,0,9.611000,0.000102182,0.006131088,0.010455047,0.010612033,0.071867500,0.215360776,0.012730000,0.071869374,0.215324289,0.012825427,0.163132424,-0.212337808,0.022708944,0.162300689,-0.212331799,0.028783351,0.473582761,0.058200681,0.033389966,-0.106747549,0.032913034,0.055647013,0.002505754,0.186985367,-0.078578164,-0.048240493,0.746137036,-0.023081115,-0.050621033,-0.029383368,0.013792796,0.000156210,-0.001523047,0.026780330,0.001650784,-0.000936882,-0.012672223,-0.073663989,0.000390410,-0.000468965,0.443183827,0.000983426,-0.002099803,0.072048684,0.000173655,-0.039458989,-0.823758288,0.008299672,0.984265756,0.276677777,-0.000285650,0.018360342,-0.006114738,0.075705252,-0.036334894,-0.203991560,-0.219299682,-0.045403604
9620,9.620000,return_home,0,9.621000,0.000101695,0.006113345,0.010457432,0.010612073,0.071867500,0.215360776,0.012730000,0.071869446,0.215325172,0.012825239,0.163132424,-0.212337808,0.022708944,0.162303278,-0.212332536,0.028765798,0.473574808,0.058172642,0.033391681,-0.106743558,0.032913472,0.055644991,0.002508157,0.187426273,-0.078585912,-0.048219097,0.745994998,-0.023079076,-0.050622399,-0.029375142,0.013791629,0.000151453,-0.001522577,0.026780165,0.001649337,-0.000914060,-0.012679088,-0.073484369,0.000392837,-0.000468175,0.442838785,0.000984388,-0.002108557,0.071886522,0.000175715,-0.039447868,-0.823759403,0.008299631,0.984270389,0.276632631,-0.000266660,0.018290624,-0.006127706,0.075824857,-0.036208201,-0.204098571,-0.219304795,-0.045362430
9630,9.630000,return_home,0,9.631000,0.000101227,0.006095686,0.010459744,0.010612069,0.071867500,0.215360776,0.012730000,0.071869516,0.215326030,0.012825055,0.163132424,-0.212337808,0.022708944,0.162305854,-0.212333249,0.028748327,0.473567001,0.058145261,0.033393358,-0.106739646,0.032913902,0.055643012,0.002510516,0.187865515,-0.078594136,-0.048197824,0.745853012,-0.023077044,-0.050623809,-0.029366907,0.013790482,0.000146805,-0.001522117,0.026780001,0.001647920,-0.000891689,-0.012685826,-0.073305445,0.000395173,-0.000467394,0.442495020,0.000985272,-0.002117000,0.071724746,0.000177736,-0.039437022,-0.823760496,0.008299592,0.984274932,0.276588394,-0.000248025,0.018221361,-0.006140417,0.075944396,-0.036082266,-0.204205337,-0.219310637,-0.045321083
9640,9.640000,return_home,0,9.641000,0.000100775,0.006078109,0.010461986,0.010612024,0.071867500,0.215360776,0.012730000,0.071869584,0.215326862,0.012824874,0.163132424,-0.212337808,0.022708944,0.162308418,-0.212333938,0.028730938,0.473559338,0.058118521,0.033394996,-0.106735812,0.032914323,0.055641075,0.002512830,0.188303106,-0.078602821,-0.048176671,0.745711081,-0.023075018,-0.050625262,-0.029358664,0.013789356,0.000142265,-0.001521666,0.026779837,0.001646531,-0.000869758,-0.012692438,-0.073127211,0.000397421,-0.000466623,0.442152524,0.000986082,-0.002125141,0.071563356,0.000179718,-0.039426444,-0.823761567,0.008299553,0.984279388,0.276545046,-0.000229740,0.018152548,-0.006152876,0.076063869,-0.035957083,-0.204311866,-0.219317190,-0.045279573
9650,9.650000,return_home,0,9.651000,0.000100340,0.006060615,0.010464160,0.010611939,0.071867500,0.215360776,0.012730000,0.071869651,0.215327670,0.012824697,0.163132424,-0.212337808,0.022708944,0.162310970,-0.212334605,0.028713630,0.473551815,0.058092405,0.033396598,-0.106732053,0.032914736,0.055639179,0.002515101,0.188739056,-0.078611954,-0.048155636,0.745569208,-0.023072999,-0.050626756,-0.029350413,0.013788249,0.000137830,-0.001521226,0.026779673,0.001645169,-0.000848259,-0.012698928,-0.072949665,0.000399583,-0.000465860,0.441811290,0.000986819,-0.002132984,0.071402354,0.000181663,-0.039416126,-0.823762616,0.008299515,0.984283759,0.276502571,-0.000211798,0.018084181,-0.006165091,0.076183276,-0.035832646,-0.204418162,-0.219324441,-0.045237906
9660,9.660000,return_home,0,9.661000,0.000099920,0.006043202,0.010466268,0.010611816,0.071867500,0.215360776,0.012730000,0.071869717,0.215328455,0.012824522,0.163132424,-0.212337808,0.022708944,0.162313510,-0.212335250,0.028696402,0.473544430,0.058066898,0.033398163,-0.106728369,0.032915140,0.055637323,0.002517331,0.189173376,-0.078621520,-0.048134718,0.745427394,-0.023070987,-0.050628291,-0.029342156,0.013787161,0.000133497,-0.001520794,0.026779510,0.001643835,-0.000827184,-0.012705297,-0.072772800,0.000401661,-0.000465107,0.441471311,0.000987484,-0.002140538,0.071241740,0.000183570,-0.039406062,-0.823763643,0.008299477,0.984288046,0.276460948,-0.000194192,0.018016255,-0.006177068,0.076302616,-0.035708947,-0.204524231,-0.219332373,-0.045196090
9670,9.670000,return_home,0,9.671000,0.000099516,0.006025870,0.010468312,0.010611657,0.071867500,0.215360776,0.012730000,0.071869781,0.215329216,0.012824352,0.163132424,-0.212337808,0.022708944,0.162316038,-0.212335873,0.028679255,0.473537180,0.058041985,0.033399692,-0.106724759,0.032915537,0.055635505,0.002519518,0.189606076,-0.078631507,-0.048113916,0.745285644,-0.023068981,-0.050629867,-0.029333892,0.013786092,0.000129264,-0.001520372,0.026779346,0.001642527,-0.000806524,-0.012711547,-0.072596612,0.000403659,-0.000464362,0.441132579,0.000988081,-0.002147808,0.071081516,0.000185441,-0.039396245,-0.823764651,0.008299440,0.984292251,0.276420161,-0.000176916,0.017948767,-0.006188814,0.076421889,-0.035585980,-0.204630078,-0.219340972,-0.045154131
9680,9.680000,return_home,0,9.681000,0.000099126,0.006008618,0.010470294,0.010611462,0.071867500,0.215360776,0.012730000,0.071869844,0.215329956,0.012824184,0.163132424,-0.212337808,0.022708944,0.162318554,-0.212336476,0.028662187,0.473530063,0.058017652,0.033401187,-0.106721220,0.032915926,0.055633727,0.002521665,0.190037168,-0.078641901,-0.048093227,0.745143960,-0.023066983,-0.050631482,-0.029325624,0.013785042,0.000125128,-0.001519959,0.026779184,0.001641245,-0.000786270,-0.012717682,-0.072421098,0.000405577,-0.000463626,0.440795086,0.000988609,-0.002154801,0.070921682,0.000187277,-0.039386669,-0.823765638,0.008299403,0.984296376,0.276380192,-0.000159963,0.017881711,-0.006200334,0.076541094,-0.035463738,-0.204735708,-0.219350225,-0.045112037
9690,9.690000,return_home,0,9.691000,0.000098750,0.005991446,0.010472216,0.010611234,0.071867500,0.215360776,0.012730000,0.071869905,0.215330673,0.012824019,0.163132424,-0.212337808,0.022708944,0.162321059,-0.212337059,0.028645198,0.473523075,0.057993883,0.033402649,-0.106717752,0.032916307,0.055631985,0.002523772,0.190466662,-0.078652691,-0.048072650,0.745002344,-0.023064991,-0.050633136,-0.029317351,0.013784011,0.000121086,-0.001519554,0.026779021,0.001639989,-0.000766414,-0.012723702,-0.072246253,0.000407419,-0.000462897,0.440458826,0.000989073,-0.002161524,0.070762240,0.000189077,-0.039377328,-0.823766606,0.008299367,0.984300423,0.276341024,-0.000143328,0.017815085,-0.006211636,0.076660231,-0.035342214,-0.204841126,-0.219360116,-0.045069814
9700,9.700000,return_home,0,9.701000,0.000098387,0.005974353,0.010474080,0.010610975,0.071867500,0.215360776,0.012730000,0.071869966,0.215331370,0.012823858,0.163132424,-0.212337808,0.022708944,0.162323551,-0.212337622,0.028628287,0.473516216,0.057970666,0.033404078,-0.106714352,0.032916680,0.055630280,0.002525840,0.190894569,-0.078663862,-0.048052184,0.744860799,-0.023063006,-0.050634828,-0.029309075,0.013782997,0.000117138,-0.001519158,0.026778859,0.001638757,-0.000746949,-0.012729610,-0.072072073,0.000409186,-0.000462177,0.440123792,0.000989472,-0.002167982,0.070603190,0.000190843,-0.039368215,-0.823767555,0.008299331,0.984304392,0.276302640,-0.000127005,0.017748883,-0.006222724,0.076779299,-0.035221404,-0.204946336,-0.219370632,-0.045027470
9710,9.710000,return_home,0,9.711000,0.000098037,0.005957339,0.010475888,0.010610684,0.071867500,0.215360776,0.012730000,0.071870025,0.215332047,0.012823699,0.163132424,-0.212337808,0.022708944,0.162326032,-0.212338166,0.028611453,0.473509482,0.057947986,0.033405474,-0.106711021,0.032917046,0.055628611,0.002527869,0.191320898,-0.078675404,-0.048031827,0.744719329,-0.023061028,-0.050636557,-0.029300797,0.013782001,0.000113279,-0.001518770,0.026778697,0.001637550,-0.000727867,-0.012735408,-0.071898552,0.000410880,-0.000461465,0.439789975,0.000989809,-0.002174181,0.070444533,0.000192576,-0.039359325,-0.823768486,0.008299296,0.984308287,0.276265025,-0.000110987,0.017683101,-0.006233606,0.076898297,-0.035101299,-0.205051344,-0.219381760,-0.044985010
9720,9.720000,return_home,0,9.721000,0.000097699,0.005940402,0.010477641,0.010610364,0.071867500,0.215360776,0.012730000,0.071870082,0.215332703,0.012823544,0.163132424,-0.212337808,0.022708944,0.162328500,-0.212338692,0.028594696,0.473502870,0.057925831,0.033406839,-0.106707755,0.032917405,0.055626976,0.002529860,0.191745661,-0.078687305,-0.048011577,0.744577934,-0.023059058,-0.050638322,-0.029292516,0.013781022,0.000109509,-0.001518390,0.026778535,0.001636367,-0.000709159,-0.012741099,-0.071725689,0.000412504,-0.000460760,0.439457370,0.000990086,-0.002180128,0.070286269,0.000194276,-0.039350652,-0.823769398,0.008299262,0.984312107,0.276228161,-0.000095269,0.017617736,-0.006244285,0.077017227,-0.034981895,-0.205156153,-0.219393487,-0.044942440
9730,9.730000,return_home,0,9.731000,0.000097373,0.005923543,0.010479340,0.010610017,0.071867500,0.215360776,0.012730000,0.071870139,0.215333341,0.012823391,0.163132424,-0.212337808,0.022708944,0.162330958,-0.212339201,0.028578016,0.473496379,0.057904186,0.033408174,-0.106704555,0.032917757,0.055625376,0.002531815,0.192168867,-0.078699554,-0.047991434,0.744436618,-0.023057094,-0.050640124,-0.029284234,0.013780059,0.000105824,-0.001518019,0.026778373,0.001635207,-0.000690819,-0.012746683,-0.071553477,0.000414059,-0.000460062,0.439125968,0.000990303,-0.002185829,0.070128400,0.000195943,-0.039342190,-0.823770293,0.008299228,0.984315855,0.276192034,-0.000079845,0.017552784,-0.006254768,0.077136086,-0.034863184,-0.205260769,-0.219405800,-0.044899768
9740,9.740000,return_home,0,9.741000,0.000097058,0.005906760,0.010480989,0.010609642,0.071867500,0.215360776,0.012730000,0.071870194,0.215333960,0.012823241,0.163132424,-0.212337808,0.022708944,0.162333403,-0.212339692,0.028561412,0.473490006,0.057883041,0.033409478,-0.106701419,0.032918102,0.055623809,0.002533733,0.192590526,-0.078712139,-0.047971397,0.744295383,-0.023055137,-0.050641961,-0.029275952,0.013779114,0.000102224,-0.001517655,0.026778212,0.001634070,-0.000672839,-0.012752164,-0.071381913,0.000415548,-0.000459372,0.438795764,0.000990463,-0.002191288,0.069970927,0.000197579,-0.039333934,-0.823771171,0.008299194,0.984319532,0.276156629,-0.000064710,0.017488240,-0.006265059,0.077254875,-0.034745161,-0.205365195,-0.219418687,-0.044856999
9750,9.750000,return_home,0,9.751000,0.000096754,0.005890054,0.010482587,0.010609243,0.071867500,0.215360776,0.012730000,0.071870248,0.215334561,0.012823094,0.163132424,-0.212337808,0.022708944,0.162335837,-0.212340167,0.028544883,0.473483749,0.057862382,0.033410754,-0.106698345,0.032918440,0.055622275,0.002535616,0.193010649,-0.078725050,-0.047951462,0.744154233,-0.023053188,-0.050643832,-0.029267670,0.013778185,0.000098705,-0.001517298,0.026778051,0.001632956,-0.000655211,-0.012757542,-0.071210993,0.000416971,-0.000458689,0.438466750,0.000990568,-0.002196511,0.069813848,0.000199184,-0.039325878,-0.823772032,0.008299161,0.984323140,0.276121929,-0.000049858,0.017424100,-0.006275165,0.077373593,-0.034627819,-0.205469436,-0.219432135,-0.044814139
9760,9.760000,return_home,0,9.761000,0.000096460,0.005873424,0.010484137,0.010608818,0.071867500,0.215360776,0.012730000,0.071870301,0.215335145,0.012822950,0.163132424,-0.212337808,0.022708944,0.162338260,-0.212340625,0.028528428,0.473477605,0.057842198,0.033412001,-0.106695333,0.032918771,0.055620772,0.002537463,0.193429245,-0.078738278,-0.047931630,0.744013168,-0.023051245,-0.050645738,-0.029259389,0.013777271,0.000095266,-0.001516949,0.026777891,0.001631863,-0.000637929,-0.012762820,-0.071040712,0.000418331,-0.000458013,0.438138920,0.000990617,-0.002201504,0.069657166,0.000200758,-0.039318018,-0.823772876,0.008299129,0.984326680,0.276087922,-0.000035284,0.017360362,-0.006285090,0.077492240,-0.034511154,-0.205573496,-0.219446132,-0.044771194
9770,9.770000,return_home,0,9.771000,0.000096176,0.005856868,0.010485641,0.010608371,0.071867500,0.215360776,0.012730000,0.071870353,0.215335712,0.012822809,0.163132424,-0.212337808,0.022708944,0.162340671,-0.212341069,0.028512048,0.473471574,0.057822477,0.033413220,-0.106692381,0.032919096,0.055619301,0.002539276,0.193846324,-0.078751811,-0.047911899,0.743872191,-0.023049310,-0.050647676,-0.029251110,0.013776374,0.000091906,-0.001516607,0.026777730,0.001630793,-0.000620986,-0.012768000,-0.070871068,0.000419630,-0.000457343,0.437812266,0.000990614,-0.002206272,0.069500881,0.000202302,-0.039310348,-0.823773705,0.008299097,0.984330154,0.276054592,-0.000020983,0.017297020,-0.006294838,0.077610816,-0.034395158,-0.205677379,-0.219460667,-0.044728169
9780,9.780000,return_home,0,9.781000,0.000095901,0.005840387,0.010487099,0.010607902,0.071867500,0.215360776,0.012730000,0.071870404,0.215336262,0.012822670,0.163132424,-0.212337808,0.022708944,0.162343070,-0.212341497,0.028495741,0.473465651,0.057803207,0.033414413,-0.106689488,0.032919415,0.055617860,0.002541055,0.194261896,-0.078765640,-0.047892268,0.743731305,-0.023047382,-0.050649648,-0.029242833,0.013775492,0.000088621,-0.001516272,0.026777570,0.001629743,-0.000604375,-0.012773084,-0.070702055,0.000420869,-0.000456680,0.437486781,0.000990560,-0.002210820,0.069344993,0.000203817,-0.039302864,-0.823774518,0.008299066,0.984333562,0.276021925,-0.000006950,0.017234072,-0.006304415,0.077729320,-0.034279827,-0.205781088,-0.219475728,-0.044685071
9790,9.790000,return_home,0,9.791000,0.000095636,0.005823980,0.010488513,0.010607411,0.071867500,0.215360776,0.012730000,0.071870453,0.215336796,0.012822534,0.163132424,-0.212337808,0.022708944,0.162345459,-0.212341910,0.028479508,0.473459836,0.057784378,0.033415578,-0.106686653,0.032919727,0.055616450,0.002542802,0.194675971,-0.078779755,-0.047872736,0.743590512,-0.023045461,-0.050651651,-0.029234559,0.013774625,0.000085410,-0.001515944,0.026777410,0.001628714,-0.000588089,-0.012778073,-0.070533671,0.000422050,-0.000456024,0.437162461,0.000990455,-0.002215154,0.069189502,0.000205303,-0.039295561,-0.823775316,0.008299035,0.984336907,0.275989908,0.000006821,0.017171513,-0.006313825,0.077847751,-0.034165154,-0.205884627,-0.219491304,-0.044641904
9800,9.800000,return_home,0,9.801000,0.000095379,0.005807646,0.010489884,0.010606901,0.071867500,0.215360776,0.012730000,0.071870502,0.215337315,0.012822400,0.163132424,-0.212337808,0.022708944,0.162347836,-0.212342309,0.028463347,0.473454126,0.057765980,0.033416718,-0.106683875,0.032920033,0.055615068,0.002544516,0.195088557,-0.078794148,-0.047853301,0.743449814,-0.023043548,-0.050653686,-0.029226289,0.013773772,0.000082272,-0.001515623,0.026777250,0.001627705,-0.000572122,-0.012782968,-0.070365910,0.000423174,-0.000455374,0.436839296,0.000990301,-0.002219277,0.069034410,0.000206762,-0.039288433,-0.823776099,0.008299004,0.984340189,0.275958528,0.000020335,0.017109340,-0.006323073,0.077966111,-0.034051134,-0.205988001,-0.219507385,-0.044598673
9810,9.810000,return_home,0,9.811000,0.000095131,0.005791385,0.010491213,0.010606371,0.071867500,0.215360776,0.012730000,0.071870550,0.215337819,0.012822269,0.163132424,-0.212337808,0.022708944,0.162350202,-0.212342695,0.028447258,0.473448520,0.057748001,0.033417832,-0.106681152,0.032920334,0.055613715,0.002546198,0.195499664,-0.078808809,-0.047833962,0.743309214,-0.023041641,-0.050655752,-0.029218022,0.013772934,0.000079205,-0.001515309,0.026777091,0.001626716,-0.000556468,-0.012787773,-0.070198769,0.000424243,-0.000454730,0.436517282,0.000990100,-0.002223195,0.068879715,0.000208192,-0.039281478,-0.823776868,0.008298975,0.984343410,0.275927771,0.000033596,0.017047550,-0.006332162,0.078084398,-0.033937761,-0.206091212,-0.219523959,-0.044555385
9820,9.820000,return_home,0,9.821000,0.000094890,0.005775197,0.010492503,0.010605824,0.071867500,0.215360776,0.012730000,0.071870596,0.215338308,0.012822140,0.163132424,-0.212337808,0.022708944,0.162352557,-0.212343067,0.028431240,0.473443015,0.057730431,0.033418922,-0.106678485,0.032920628,0.055612389,0.002547848,0.195909302,-0.078823730,-0.047814718,0.743168712,-0.023039742,-0.050657849,-0.029209760,0.013772111,0.000076207,-0.001515000,0.026776932,0.001625746,-0.000541120,-0.012792488,-0.070032245,0.000425259,-0.000454091,0.436196411,0.000989852,-0.002226913,0.068725419,0.000209596,-0.039274690,-0.823777623,0.008298945,0.984346571,0.275897624,0.000046608,0.016986138,-0.006341097,0.078202612,-0.033825031,-0.206194265,-0.219541016,-0.044512044
9830,9.830000,return_home,0,9.831000,0.000094657,0.005759080,0.010493754,0.010605259,0.071867500,0.215360776,0.012730000,0.071870642,0.215338784,0.012822014,0.163132424,-0.212337808,0.022708944,0.162354901,-0.212343426,0.028415294,0.473437609,0.057713261,0.033419988,-0.106675870,0.032920917,0.055611092,0.002549468,0.196317480,-0.078838902,-0.047795568,0.743028313,-0.023037851,-0.050659975,-0.029201504,0.013771301,0.000073276,-0.001514699,0.026776773,0.001624795,-0.000526072,-0.012797115,-0.069866334,0.000426223,-0.000453459,0.435876678,0.000989560,-0.002230435,0.068571522,0.000210973,-0.039268065,-0.823778364,0.008298916,0.984349673,0.275868076,0.000059378,0.016925101,-0.006349882,0.078320752,-0.033712936,-0.206297162,-0.219558545,-0.044468655
9840,9.840000,return_home,0,9.841000,0.000094432,0.005743035,0.010494967,0.010604678,0.071867500,0.215360776,0.012730000,0.071870687,0.215339245,0.012821890,0.163132424,-0.212337808,0.022708944,0.162357233,-0.212343773,0.028399418,0.473432301,0.057696481,0.033421030,-0.106673309,0.032921200,0.055609820,0.002551058,0.196724207,-0.078854316,-0.047776512,0.742888016,-0.023035966,-0.050662131,-0.029193253,0.013770506,0.000070411,-0.001514403,0.026776614,0.001623863,-0.000511318,-0.012801655,-0.069701031,0.000427136,-0.000452833,0.435558075,0.000989224,-0.002233766,0.068418024,0.000212323,-0.039261599,-0.823779092,0.008298888,0.984352717,0.275839113,0.000071909,0.016864435,-0.006358521,0.078438819,-0.033601473,-0.206399907,-0.219576538,-0.044425222
9850,9.850000,return_home,0,9.851000,0.000094214,0.005727060,0.010496143,0.010604081,0.071867500,0.215360776,0.012730000,0.071870731,0.215339693,0.012821768,0.163132424,-0.212337808,0.022708944,0.162359555,-0.212344108,0.028383611,0.473427088,0.057680081,0.033422049,-0.106670799,0.032921478,0.055608575,0.002552619,0.197129491,-0.078869966,-0.047757547,0.742747826,-0.023034089,-0.050664315,-0.029185009,0.013769723,0.000067610,-0.001514113,0.026776456,0.001622949,-0.000496852,-0.012806111,-0.069536334,0.000428000,-0.000452212,0.435240597,0.000988845,-0.002236909,0.068264925,0.000213649,-0.039255288,-0.823779807,0.008298860,0.984355705,0.275810724,0.000084205,0.016804138,-0.006367018,0.078556812,-0.033490635,-0.206502503,-0.219594984,-0.044381751
9860,9.860000,return_home,0,9.861000,0.000094003,0.005711156,0.010497284,0.010603470,0.071867500,0.215360776,0.012730000,0.071870773,0.215340128,0.012821648,0.163132424,-0.212337808,0.022708944,0.162361866,-0.212344431,0.028367875,0.473421969,0.057664052,0.033423046,-0.106668339,0.032921750,0.055607355,0.002554150,0.197533343,-0.078885843,-0.047738673,0.742607743,-0.023032219,-0.050666528,-0.029176772,0.013768954,0.000064872,-0.001513829,0.026776298,0.001622053,-0.000482669,-0.012810484,-0.069372238,0.000428816,-0.000451596,0.434924237,0.000988425,-0.002239871,0.068112225,0.000214949,-0.039249128,-0.823780509,0.008298832,0.984358638,0.275782896,0.000096272,0.016744206,-0.006375376,0.078674732,-0.033380418,-0.206604953,-0.219613873,-0.044338246
9870,9.870000,return_home,0,9.871000,0.000093798,0.005695322,0.010498390,0.010602845,0.071867500,0.215360776,0.012730000,0.071870815,0.215340551,0.012821531,0.163132424,-0.212337808,0.022708944,0.162364166,-0.212344742,0.028352207,0.473416943,0.057648386,0.033424021,-0.106665930,0.032922017,0.055606161,0.002555653,0.197935771,-0.078901940,-0.047719888,0.742467769,-0.023030357,-0.050668769,-0.029168542,0.013768198,0.000062195,-0.001513551,0.026776140,0.001621175,-0.000468763,-0.012814775,-0.069208739,0.000429586,-0.000450986,0.434608990,0.000987965,-0.002242654,0.067959925,0.000216225,-0.039243115,-0.823781199,0.008298805,0.984361517,0.275755619,0.000108113,0.016684635,-0.006383600,0.078792577,-0.033270816,-0.206707260,-0.219633197,-0.044294711
9880,9.880000,return_home,0,9.881000,0.000093599,0.005679557,0.010499463,0.010602207,0.071867500,0.215360776,0.012730000,0.071870857,0.215340962,0.012821416,0.163132424,-0.212337808,0.022708944,0.162366456,-0.212345043,0.028336608,0.473412007,0.057633073,0.033424975,-0.106663569,0.032922279,0.055604991,0.002557128,0.198336783,-0.078918249,-0.047701193,0.742327907,-0.023028502,-0.050671037,-0.029160320,0.013767454,0.000059578,-0.001513278,0.026775982,0.001620313,-0.000455129,-0.012818986,-0.069045836,0.000430310,-0.000450381,0.434294847,0.000987465,-0.002245262,0.067808025,0.000217476,-0.039237246,-0.823781876,0.008298779,0.984364343,0.275728882,0.000119733,0.016625422,-0.006391692,0.078910347,-0.033161824,-0.206809427,-0.219652945,-0.044251152
9890,9.890000,return_home,0,9.891000,0.000093407,0.005663860,0.010500504,0.010601557,0.071867500,0.215360776,0.012730000,0.071870897,0.215341360,0.012821303,0.163132424,-0.212337808,0.022708944,0.162368734,-0.212345333,0.028321077,0.473407159,0.057618106,0.033425907,-0.106661255,0.032922536,0.055603844,0.002558576,0.198736388,-0.078934763,-0.047682585,0.742188158,-0.023026654,-0.050673332,-0.029152107,0.013766723,0.000057019,-0.001513011,0.026775824,0.001619468,-0.000441761,-0.012823118,-0.068883522,0.000430990,-0.000449781,0.433981805,0.000986927,-0.002247701,0.067656523,0.000218704,-0.039231517,-0.823782542,0.008298753,0.984367117,0.275702672,0.000131136,0.016566564,-0.006399656,0.079028042,-0.033053437,-0.206911458,-0.219673110,-0.044207571
9900,9.900000,return_home,0,9.901000,0.000093220,0.005648233,0.010501514,0.010600895,0.071867500,0.215360776,0.012730000,0.071870936,0.215341748,0.012821193,0.163132424,-0.212337808,0.022708944,0.162371003,-0.212345613,0.028305613,0.473402398,0.057603475,0.033426819,-0.106658989,0.032922787,0.055602721,0.002559996,0.199134596,-0.078951475,-0.047664064,0.742048524,-0.023024814,-0.050675653,-0.029143902,0.013766004,0.000054517,-0.001512749,0.026775667,0.001618640,-0.000428653,-0.012827173,-0.068721796,0.000431628,-0.000449186,0.433669856,0.000986353,-0.002249973,0.067505422,0.000219909,-0.039225924,-0.823783197,0.008298727,0.984369840,0.275676980,0.000142325,0.016508057,-0.006407495,0.079145663,-0.032945651,-0.207013354,-0.219693682,-0.044163974
9910,9.910000,return_home,0,9.911000,0.000093039,0.005632673,0.010502493,0.010600222,0.071867500,0.215360776,0.012730000,0.071870975,0.215342124,0.012821084,0.163132424,-0.212337808,0.022708944,0.162373260,-0.212345882,0.028290217,0.473397723,0.057589174,0.033427711,-0.106656768,0.032923034,0.055601621,0.002561391,0.199531414,-0.078968379,-0.047645629,0.741909007,-0.023022981,-0.050678000,-0.029135707,0.013765298,0.000052071,-0.001512492,0.026775510,0.001617828,-0.000415801,-0.012831153,-0.068560653,0.000432224,-0.000448596,0.433358995,0.000985742,-0.002252082,0.067354719,0.000221091,-0.039220464,-0.823783840,0.008298702,0.984372513,0.275651794,0.000153306,0.016449898,-0.006415214,0.079263208,-0.032838459,-0.207115119,-0.219714653,-0.044120365
9920,9.920000,return_home,0,9.921000,0.000092864,0.005617180,0.010503442,0.010599539,0.071867500,0.215360776,0.012730000,0.071871013,0.215342489,0.012820977,0.163132424,-0.212337808,0.022708944,0.162375507,-0.212346142,0.028274887,0.473393131,0.057575193,0.033428584,-0.106654592,0.032923276,0.055600543,0.002562759,0.199926851,-0.078985468,-0.047627279,0.741769609,-0.023021155,-0.050680373,-0.029127522,0.013764603,0.000049679,-0.001512241,0.026775353,0.001617032,-0.000403199,-0.012835058,-0.068400091,0.000432779,-0.000448011,0.433049216,0.000985096,-0.002254033,0.067204417,0.000222251,-0.039215133,-0.823784472,0.008298677,0.984375137,0.275627105,0.000164081,0.016392085,-0.006422814,0.079380678,-0.032731858,-0.207216755,-0.219736014,-0.044076747
9930,9.930000,return_home,0,9.931000,0.000092693,0.005601754,0.010504363,0.010598846,0.071867500,0.215360776,0.012730000,0.071871050,0.215342844,0.012820873,0.163132424,-0.212337808,0.022708944,0.162377744,-0.212346393,0.028259623,0.473388622,0.057561525,0.033429437,-0.106652461,0.032923514,0.055599488,0.002564102,0.200320915,-0.079002735,-0.047609014,0.741630331,-0.023019337,-0.050682771,-0.029119347,0.013763919,0.000047340,-0.001511994,0.026775197,0.001616251,-0.000390844,-0.012838889,-0.068240105,0.000433295,-0.000447431,0.432740512,0.000984417,-0.002255830,0.067054513,0.000223389,-0.039209929,-0.823785093,0.008298652,0.984377714,0.275602902,0.000174656,0.016334614,-0.006430298,0.079498073,-0.032625843,-0.207318265,-0.219757758,-0.044033124
9940,9.940000,return_home,0,9.941000,0.000092528,0.005586395,0.010505257,0.010598145,0.071867500,0.215360776,0.012730000,0.071871086,0.215343189,0.012820770,0.163132424,-0.212337808,0.022708944,0.162379970,-0.212346634,0.028244424,0.473384192,0.057548164,0.033430272,-0.106650373,0.032923747,0.055598453,0.002565420,0.200713615,-0.079020175,-0.047590831,0.741491175,-0.023017526,-0.050685193,-0.029111183,0.013763247,0.000045053,-0.001511753,0.026775040,0.001615485,-0.000378728,-0.012842650,-0.068080693,0.000433773,-0.000446855,0.432432879,0.000983704,-0.002257474,0.066905009,0.000224505,-0.039204849,-0.823785704,0.008298629,0.984380243,0.275579176,0.000185032,0.016277481,-0.006437671,0.079615391,-0.032520408,-0.207419651,-0.219779875,-0.043989500
9950,9.950000,return_home,0,9.951000,0.000092367,0.005571102,0.010506123,0.010597435,0.071867500,0.215360776,0.012730000,0.071871122,0.215343524,0.012820669,0.163132424,-0.212337808,0.022708944,0.162382186,-0.212346867,0.028229291,0.473379842,0.057535101,0.033431089,-0.106648327,0.032923975,0.055597440,0.002566714,0.201104959,-0.079037781,-0.047572731,0.741352143,-0.023015723,-0.050687640,-0.029103030,0.013762586,0.000042817,-0.001511516,0.026774884,0.001614734,-0.000366849,-0.012846339,-0.067921850,0.000434213,-0.000446283,0.432126309,0.000982959,-0.002258971,0.066755903,0.000225600,-0.039199888,-0.823786305,0.008298605,0.984382727,0.275555916,0.000195215,0.016220684,-0.006444934,0.079732633,-0.032415548,-0.207520917,-0.219802359,-0.043945879
9960,9.960000,return_home,0,9.961000,0.000092211,0.005555874,0.010506963,0.010596717,0.071867500,0.215360776,0.012730000,0.071871156,0.215343849,0.012820570,0.163132424,-0.212337808,0.022708944,0.162384392,-0.212347091,0.028214223,0.473375570,0.057522329,0.033431888,-0.106646324,0.032924200,0.055596447,0.002567983,0.201494955,-0.079055547,-0.047554712,0.741213236,-0.023013927,-0.050690110,-0.029094889,0.013761936,0.000040629,-0.001511283,0.026774728,0.001613997,-0.000355201,-0.012849960,-0.067763574,0.000434617,-0.000445716,0.431820798,0.000982183,-0.002260324,0.066607197,0.000226675,-0.039195045,-0.823786896,0.008298582,0.984385165,0.275533114,0.000205208,0.016164220,-0.006452091,0.079849800,-0.032311261,-0.207622063,-0.219825202,-0.043902265
9970,9.970000,return_home,0,9.971000,0.000092060,0.005540712,0.010507778,0.010595992,0.071867500,0.215360776,0.012730000,0.071871191,0.215344165,0.012820473,0.163132424,-0.212337808,0.022708944,0.162386587,-0.212347307,0.028199219,0.473371373,0.057509842,0.033432670,-0.106644361,0.032924419,0.055595474,0.002569229,0.201883610,-0.079073469,-0.047536774,0.741074456,-0.023012138,-0.050692604,-0.029086760,0.013761297,0.000038491,-0.001511056,0.026774572,0.001613275,-0.000343780,-0.012853513,-0.067605861,0.000434986,-0.000445153,0.431516339,0.000981376,-0.002261536,0.066458889,0.000227730,-0.039190316,-0.823787477,0.008298559,0.984387560,0.275510759,0.000215014,0.016108086,-0.006459144,0.079966890,-0.032207540,-0.207723093,-0.219848396,-0.043858660
9980,9.980000,return_home,0,9.981000,0.000091912,0.005525614,0.010508569,0.010595260,0.071867500,0.215360776,0.012730000,0.071871224,0.215344472,0.012820378,0.163132424,-0.212337808,0.022708944,0.162388772,-0.212347515,0.028184279,0.473367252,0.057497633,0.033433434,-0.106642438,0.032924635,0.055594520,0.002570452,0.202270934,-0.079091540,-0.047518916,0.740935805,-0.023010357,-0.050695120,-0.029078643,0.013760668,0.000036399,-0.001510832,0.026774416,0.001612567,-0.000332580,-0.012856999,-0.067448708,0.000435321,-0.000444594,0.431212927,0.000980540,-0.002262610,0.066310980,0.000228764,-0.039185699,-0.823788049,0.008298537,0.984389911,0.275488843,0.000224638,0.016052279,-0.006466096,0.080083903,-0.032104380,-0.207824009,-0.219871933,-0.043815069
9990,9.990000,return_home,0,9.991000,0.000091769,0.005510580,0.010509336,0.010594522,0.071867500,0.215360776,0.012730000,0.071871257,0.215344770,0.012820285,0.163132424,-0.212337808,0.022708944,0.162390948,-0.212347715,0.028169403,0.473363203,0.057485696,0.033434183,-0.106640555,0.032924846,0.055593586,0.002571652,0.202656934,-0.079109754,-0.047501138,0.740797284,-0.023008583,-0.050697660,-0.029070539,0.013760050,0.000034353,-0.001510613,0.026774261,0.001611872,-0.000321599,-0.012860420,-0.067292112,0.000435623,-0.000444040,0.430910557,0.000979675,-0.002263550,0.066163469,0.000229779,-0.039181190,-0.823788611,0.008298515,0.984392220,0.275467358,0.000234081,0.015996795,-0.006472950,0.080200840,-0.032001779,-0.207924813,-0.219895808,-0.043771495
9999,9.999000,return_home,0,10.000000,0.000092344,0.005498550,0.010561400,0.010211526,0.071867500,0.215360776,0.012730000,0.071868619,0.215355034,0.012822159,0.163132424,-0.212337808,0.022708944,0.162389136,-0.212357428,0.028156988,0.490119275,-0.076218590,-0.033720407,-0.117564984,-0.033178065,-0.038014766,-0.002683251,0.174675836,0.013846637,0.043393927,0.720098074,0.030750970,0.034074988,-0.015762273,0.013759210,0.000071529,-0.000686610,0.026765807,0.000626796,-0.000586278,-0.012864021,-0.067152011,0.000442372,-0.000523807,0.430641122,0.001186808,-0.002044438,0.066060083,-0.000351646,0.038780184,0.823831775,-0.008329525,-0.984529693,-0.273309601,-0.000909655,0.015222802,0.006530991,-0.080207905,-0.028284625,0.207844812,0.219768682,0.014337084
